{
    "PLS": {
        "timestamp": 0.06590676307678223,
        "results": {
            "config": {
                "model_name": "PLS",
                "params": {
                    "n_components": 2,
                    "scale": true
                }
            },
            "folds": {
                "0": {
                    "num_samples": 2,
                    "mae": 4.440892098500626e-16,
                    "rmse": 4.440892098500626e-16,
                    "coverage95": null,
                    "score": -4.440892098500626e-16
                },
                "1": {
                    "num_samples": 2,
                    "mae": 0.0,
                    "rmse": 0.0,
                    "coverage95": null,
                    "score": -0.0
                },
                "2": {
                    "num_samples": 2,
                    "mae": 0.0,
                    "rmse": 0.0,
                    "coverage95": null,
                    "score": -0.0
                }
            },
            "summary": {
                "macro": {
                    "mae": {
                        "mean": 1.4802973661668753e-16,
                        "std": 2.0934566115783667e-16
                    },
                    "rmse": {
                        "mean": 1.4802973661668753e-16,
                        "std": 2.0934566115783667e-16
                    },
                    "coverage95": {
                        "mean": null,
                        "std": null
                    }
                },
                "micro": {
                    "mae": 1.4802973661668753e-16,
                    "rmse": 2.5639502485114184e-16,
                    "coverage95": null
                },
                "n_folds": 3
            }
        }
    },
    "Ridge": {
        "timestamp": 0.045340776443481445,
        "results": {
            "config": {
                "model_name": "Ridge",
                "params": {
                    "alpha": 1.0,
                    "fit_intercept": true
                }
            },
            "folds": {
                "0": {
                    "num_samples": 2,
                    "mae": 0.23076923076923084,
                    "rmse": 0.23395240501147005,
                    "coverage95": null,
                    "score": -0.23076923076923084
                },
                "1": {
                    "num_samples": 2,
                    "mae": 0.03846153846153877,
                    "rmse": 0.03846153846153877,
                    "coverage95": null,
                    "score": -0.03846153846153877
                },
                "2": {
                    "num_samples": 2,
                    "mae": 0.23076923076923084,
                    "rmse": 0.23395240501147005,
                    "coverage95": null,
                    "score": -0.23076923076923084
                }
            },
            "summary": {
                "macro": {
                    "mae": {
                        "mean": 0.16666666666666682,
                        "std": 0.09065471553673675
                    },
                    "rmse": {
                        "mean": 0.16878878282815965,
                        "std": 0.0921552782649939
                    },
                    "coverage95": {
                        "mean": null,
                        "std": null
                    }
                },
                "micro": {
                    "mae": 0.16666666666666682,
                    "rmse": 0.19230769230769237,
                    "coverage95": null
                },
                "n_folds": 3
            }
        }
    },
    "GP": {
        "timestamp": 0.16588568687438965,
        "results": {
            "config": {
                "model_name": "GP",
                "params": {
                    "alpha": 1e-10,
                    "kernel": "Matern(length_scale=1, nu=1.5) + WhiteKernel(noise_level=1e-05)",
                    "n_restarts_optimizer": 0,
                    "noise_level": 1e-05,
                    "normalize_y": true
                }
            },
            "folds": {
                "0": {
                    "num_samples": 2,
                    "mae": 1.7379730619535785,
                    "rmse": 1.880142015338286,
                    "coverage95": 0.5,
                    "score": -1.7379730619535785
                },
                "1": {
                    "num_samples": 2,
                    "mae": 0.021056759501679956,
                    "rmse": 0.021056759501679956,
                    "coverage95": 1.0,
                    "score": -0.021056759501679956
                },
                "2": {
                    "num_samples": 2,
                    "mae": 1.737973061953579,
                    "rmse": 1.8801420153382862,
                    "coverage95": 0.5,
                    "score": -1.737973061953579
                }
            },
            "summary": {
                "macro": {
                    "mae": {
                        "mean": 1.1656676278029459,
                        "std": 0.8093621067956474
                    },
                    "rmse": {
                        "mean": 1.2604469300594172,
                        "std": 0.8763811941373278
                    },
                    "coverage95": {
                        "mean": 0.6666666666666666,
                        "std": 0.23570226039551584
                    }
                },
                "micro": {
                    "mae": 1.1656676278029459,
                    "rmse": 1.5351776642896349,
                    "coverage95": 0.6666666666666666
                },
                "n_folds": 3
            }
        }
    },
    "metadata": {
        "Num_samples": 6,
        "Num_features": 3,
        "Num_groups": 3,
        "timestamp": 1767560357.3780808,
        "versions": {
            "numpy": "2.3.2",
            "sklearn": "1.7.2",
            "python": "3.13.2 | packaged by conda-forge | (main, Feb 17 2025, 13:52:56) [MSC v.1942 64 bit (AMD64)]"
        }
    }
}