subset,grouping,feature_mode,include_species_feature,model,heldout_group,species,study_block,diet_name,byproduct_type,inclusion_pct,replica,y_true,y_pred,y_std,abs_error,inside95
main_only,diet_name,REDUCED,False,Dummy_GlobalMean,Control,Hermetia,main,Control,control,0,1,32.29822786111878,36.90554948392267,,4.607321622803887,
main_only,diet_name,REDUCED,False,Dummy_GlobalMean,Control,Hermetia,main,Control,control,0,2,31.9882734211747,36.90554948392267,,4.91727606274797,
main_only,diet_name,REDUCED,False,Dummy_GlobalMean,Control,Hermetia,main,Control,control,0,3,31.52201662343253,36.90554948392267,,5.3835328604901385,
main_only,diet_name,REDUCED,False,Dummy_GlobalMean,Control,Tenebrio,main,Control,control,0,1,42.724277530166994,36.90554948392267,,5.818728046244324,
main_only,diet_name,REDUCED,False,Dummy_GlobalMean,Control,Tenebrio,main,Control,control,0,2,43.79839302328586,36.90554948392267,,6.8928435393631915,
main_only,diet_name,REDUCED,False,Dummy_GlobalMean,Control,Tenebrio,main,Control,control,0,3,43.331882423179295,36.90554948392267,,6.426332939256625,
main_only,diet_name,REDUCED,False,Dummy_SpeciesMean,Control,Hermetia,main,Control,control,0,1,32.29822786111878,28.620398853726808,,3.677829007391974,
main_only,diet_name,REDUCED,False,Dummy_SpeciesMean,Control,Hermetia,main,Control,control,0,2,31.9882734211747,28.620398853726808,,3.367874567447892,
main_only,diet_name,REDUCED,False,Dummy_SpeciesMean,Control,Hermetia,main,Control,control,0,3,31.52201662343253,28.620398853726808,,2.901617769705723,
main_only,diet_name,REDUCED,False,Dummy_SpeciesMean,Control,Tenebrio,main,Control,control,0,1,42.724277530166994,45.190700114118535,,2.466422583951541,
main_only,diet_name,REDUCED,False,Dummy_SpeciesMean,Control,Tenebrio,main,Control,control,0,2,43.79839302328586,45.190700114118535,,1.3923070908326736,
main_only,diet_name,REDUCED,False,Dummy_SpeciesMean,Control,Tenebrio,main,Control,control,0,3,43.331882423179295,45.190700114118535,,1.8588176909392402,
main_only,diet_name,REDUCED,False,GP_Compuesto_NoARD,Control,Hermetia,main,Control,control,0,1,32.29822786111878,28.621719341306665,8.96674086294028,3.676508519812117,True
main_only,diet_name,REDUCED,False,GP_Compuesto_NoARD,Control,Hermetia,main,Control,control,0,2,31.9882734211747,28.621719341306665,8.96674086294028,3.3665540798680347,True
main_only,diet_name,REDUCED,False,GP_Compuesto_NoARD,Control,Hermetia,main,Control,control,0,3,31.52201662343253,28.621719341306665,8.96674086294028,2.900297282125866,True
main_only,diet_name,REDUCED,False,GP_Compuesto_NoARD,Control,Tenebrio,main,Control,control,0,1,42.724277530166994,45.66251834395769,8.80352172556603,2.9382408137906992,True
main_only,diet_name,REDUCED,False,GP_Compuesto_NoARD,Control,Tenebrio,main,Control,control,0,2,43.79839302328586,45.66251834395767,8.80352172556603,1.8641253206718105,True
main_only,diet_name,REDUCED,False,GP_Compuesto_NoARD,Control,Tenebrio,main,Control,control,0,3,43.331882423179295,45.66251834395767,8.80352172556603,2.330635920778377,True
main_only,diet_name,REDUCED,False,Dummy_GlobalMean,Hoja15,Hermetia,main,Hoja15,hoja,15,1,32.439876828877715,36.80966417599498,,4.369787347117267,
main_only,diet_name,REDUCED,False,Dummy_GlobalMean,Hoja15,Hermetia,main,Hoja15,hoja,15,2,31.861332823005377,36.80966417599498,,4.948331352989605,
main_only,diet_name,REDUCED,False,Dummy_GlobalMean,Hoja15,Hermetia,main,Hoja15,hoja,15,3,29.950143361921626,36.80966417599498,,6.859520814073356,
main_only,diet_name,REDUCED,False,Dummy_GlobalMean,Hoja15,Tenebrio,main,Hoja15,hoja,15,1,44.59966850546592,36.80966417599498,,7.790004329470939,
main_only,diet_name,REDUCED,False,Dummy_GlobalMean,Hoja15,Tenebrio,main,Hoja15,hoja,15,2,48.58207253144869,36.80966417599498,,11.772408355453706,
main_only,diet_name,REDUCED,False,Dummy_GlobalMean,Hoja15,Tenebrio,main,Hoja15,hoja,15,3,43.98309530729985,36.80966417599498,,7.173431131304866,
main_only,diet_name,REDUCED,False,Dummy_SpeciesMean,Hoja15,Hermetia,main,Hoja15,hoja,15,1,32.439876828877715,28.672304350124186,,3.7675724787535287,
main_only,diet_name,REDUCED,False,Dummy_SpeciesMean,Hoja15,Hermetia,main,Hoja15,hoja,15,2,31.861332823005377,28.672304350124186,,3.1890284728811906,
main_only,diet_name,REDUCED,False,Dummy_SpeciesMean,Hoja15,Hermetia,main,Hoja15,hoja,15,3,29.950143361921626,28.672304350124186,,1.2778390117974396,
main_only,diet_name,REDUCED,False,Dummy_SpeciesMean,Hoja15,Tenebrio,main,Hoja15,hoja,15,1,44.59966850546592,44.94702400186579,,0.34735549639987084,
main_only,diet_name,REDUCED,False,Dummy_SpeciesMean,Hoja15,Tenebrio,main,Hoja15,hoja,15,2,48.58207253144869,44.94702400186579,,3.635048529582896,
main_only,diet_name,REDUCED,False,Dummy_SpeciesMean,Hoja15,Tenebrio,main,Hoja15,hoja,15,3,43.98309530729985,44.94702400186579,,0.9639286945659435,
main_only,diet_name,REDUCED,False,GP_Compuesto_NoARD,Hoja15,Hermetia,main,Hoja15,hoja,15,1,32.439876828877715,21.837695614462007,4.63067655154529,10.602181214415708,False
main_only,diet_name,REDUCED,False,GP_Compuesto_NoARD,Hoja15,Hermetia,main,Hoja15,hoja,15,2,31.861332823005377,21.837695614462007,4.63067655154529,10.02363720854337,False
main_only,diet_name,REDUCED,False,GP_Compuesto_NoARD,Hoja15,Hermetia,main,Hoja15,hoja,15,3,29.950143361921626,21.837695614462007,4.63067655154529,8.112447747459619,True
main_only,diet_name,REDUCED,False,GP_Compuesto_NoARD,Hoja15,Tenebrio,main,Hoja15,hoja,15,1,44.59966850546592,39.55410407582244,4.11001629002132,5.045564429643484,True
main_only,diet_name,REDUCED,False,GP_Compuesto_NoARD,Hoja15,Tenebrio,main,Hoja15,hoja,15,2,48.58207253144869,39.554104075822444,4.11001629002132,9.027968455626244,False
main_only,diet_name,REDUCED,False,GP_Compuesto_NoARD,Hoja15,Tenebrio,main,Hoja15,hoja,15,3,43.98309530729985,39.554104075822444,4.11001629002132,4.428991231477404,True
main_only,diet_name,REDUCED,False,Dummy_GlobalMean,Hoja30,Hermetia,main,Hoja30,hoja,30,1,24.518904936914268,37.2557085381649,,12.736803601250635,
main_only,diet_name,REDUCED,False,Dummy_GlobalMean,Hoja30,Hermetia,main,Hoja30,hoja,30,2,23.472591934148408,37.2557085381649,,13.783116604016495,
main_only,diet_name,REDUCED,False,Dummy_GlobalMean,Hoja30,Hermetia,main,Hoja30,hoja,30,3,25.260478611312173,37.2557085381649,,11.99522992685273,
main_only,diet_name,REDUCED,False,Dummy_GlobalMean,Hoja30,Tenebrio,main,Hoja30,hoja,30,1,43.64443148041813,37.2557085381649,,6.388722942253224,
main_only,diet_name,REDUCED,False,Dummy_GlobalMean,Hoja30,Tenebrio,main,Hoja30,hoja,30,2,45.32322480412907,37.2557085381649,,8.067516265964166,
main_only,diet_name,REDUCED,False,Dummy_GlobalMean,Hoja30,Tenebrio,main,Hoja30,hoja,30,3,42.43389586090185,37.2557085381649,,5.178187322736946,
main_only,diet_name,REDUCED,False,Dummy_SpeciesMean,Hoja30,Hermetia,main,Hoja30,hoja,30,1,24.518904936914268,29.372283601171848,,4.85337866425758,
main_only,diet_name,REDUCED,False,Dummy_SpeciesMean,Hoja30,Hermetia,main,Hoja30,hoja,30,2,23.472591934148408,29.372283601171848,,5.89969166702344,
main_only,diet_name,REDUCED,False,Dummy_SpeciesMean,Hoja30,Hermetia,main,Hoja30,hoja,30,3,25.260478611312173,29.372283601171848,,4.1118049898596745,
main_only,diet_name,REDUCED,False,Dummy_SpeciesMean,Hoja30,Tenebrio,main,Hoja30,hoja,30,1,43.64443148041813,45.139133475157976,,1.4947019947398488,
main_only,diet_name,REDUCED,False,Dummy_SpeciesMean,Hoja30,Tenebrio,main,Hoja30,hoja,30,2,45.32322480412907,45.139133475157976,,0.1840913289710926,
main_only,diet_name,REDUCED,False,Dummy_SpeciesMean,Hoja30,Tenebrio,main,Hoja30,hoja,30,3,42.43389586090185,45.139133475157976,,2.705237614256127,
main_only,diet_name,REDUCED,False,GP_Compuesto_NoARD,Hoja30,Hermetia,main,Hoja30,hoja,30,1,24.518904936914268,29.887520659257323,2.393629413830978,5.368615722343055,False
main_only,diet_name,REDUCED,False,GP_Compuesto_NoARD,Hoja30,Hermetia,main,Hoja30,hoja,30,2,23.472591934148408,29.887520659257323,2.393629413830978,6.414928725108915,False
main_only,diet_name,REDUCED,False,GP_Compuesto_NoARD,Hoja30,Hermetia,main,Hoja30,hoja,30,3,25.260478611312173,29.887520659257323,2.393629413830978,4.6270420479451495,True
main_only,diet_name,REDUCED,False,GP_Compuesto_NoARD,Hoja30,Tenebrio,main,Hoja30,hoja,30,1,43.64443148041813,43.274462076628154,2.442987136749769,0.36996940378997323,True
main_only,diet_name,REDUCED,False,GP_Compuesto_NoARD,Hoja30,Tenebrio,main,Hoja30,hoja,30,2,45.32322480412907,43.274462076628154,2.442987136749769,2.0487627275009146,True
main_only,diet_name,REDUCED,False,GP_Compuesto_NoARD,Hoja30,Tenebrio,main,Hoja30,hoja,30,3,42.43389586090185,43.274462076628154,2.442987136749769,0.8405662157263052,True
main_only,diet_name,REDUCED,False,Dummy_GlobalMean,Hoja50,Hermetia,main,Hoja50,hoja,50,1,22.677020960046544,37.31790497009292,,14.640884010046374,
main_only,diet_name,REDUCED,False,Dummy_GlobalMean,Hoja50,Hermetia,main,Hoja50,hoja,50,2,23.384593109734844,37.31790497009292,,13.933311860358074,
main_only,diet_name,REDUCED,False,Dummy_GlobalMean,Hoja50,Hermetia,main,Hoja50,hoja,50,3,24.04987521687871,37.31790497009292,,13.268029753214208,
main_only,diet_name,REDUCED,False,Dummy_GlobalMean,Hoja50,Tenebrio,main,Hoja50,hoja,50,1,43.13594119232716,37.31790497009292,,5.818036222234241,
main_only,diet_name,REDUCED,False,Dummy_GlobalMean,Hoja50,Tenebrio,main,Hoja50,hoja,50,2,44.6843260049324,37.31790497009292,,7.366421034839483,
main_only,diet_name,REDUCED,False,Dummy_GlobalMean,Hoja50,Tenebrio,main,Hoja50,hoja,50,3,42.989985228223965,37.31790497009292,,5.6720802581310465,
main_only,diet_name,REDUCED,False,Dummy_SpeciesMean,Hoja50,Hermetia,main,Hoja50,hoja,50,1,22.677020960046544,29.47696647436234,,6.7999455143157945,
main_only,diet_name,REDUCED,False,Dummy_SpeciesMean,Hoja50,Hermetia,main,Hoja50,hoja,50,2,23.384593109734844,29.47696647436234,,6.092373364627495,
main_only,diet_name,REDUCED,False,Dummy_SpeciesMean,Hoja50,Hermetia,main,Hoja50,hoja,50,3,24.04987521687871,29.47696647436234,,5.427091257483628,
main_only,diet_name,REDUCED,False,Dummy_SpeciesMean,Hoja50,Tenebrio,main,Hoja50,hoja,50,1,43.13594119232716,45.15884346582349,,2.022902273496328,
main_only,diet_name,REDUCED,False,Dummy_SpeciesMean,Hoja50,Tenebrio,main,Hoja50,hoja,50,2,44.6843260049324,45.15884346582349,,0.4745174608910858,
main_only,diet_name,REDUCED,False,Dummy_SpeciesMean,Hoja50,Tenebrio,main,Hoja50,hoja,50,3,42.989985228223965,45.15884346582349,,2.1688582375995225,
main_only,diet_name,REDUCED,False,GP_Compuesto_NoARD,Hoja50,Hermetia,main,Hoja50,hoja,50,1,22.677020960046544,31.690770910702,4.586793988778696,9.013749950655455,False
main_only,diet_name,REDUCED,False,GP_Compuesto_NoARD,Hoja50,Hermetia,main,Hoja50,hoja,50,2,23.384593109734844,31.690770910702,4.586793988778696,8.306177800967156,True
main_only,diet_name,REDUCED,False,GP_Compuesto_NoARD,Hoja50,Hermetia,main,Hoja50,hoja,50,3,24.04987521687871,31.690770910702,4.586793988778696,7.640895693823289,True
main_only,diet_name,REDUCED,False,GP_Compuesto_NoARD,Hoja50,Tenebrio,main,Hoja50,hoja,50,1,43.13594119232716,44.944581500763675,5.0748905403967,1.808640308436516,True
main_only,diet_name,REDUCED,False,GP_Compuesto_NoARD,Hoja50,Tenebrio,main,Hoja50,hoja,50,2,44.6843260049324,44.944581500763675,5.0748905403967,0.2602554958312737,True
main_only,diet_name,REDUCED,False,GP_Compuesto_NoARD,Hoja50,Tenebrio,main,Hoja50,hoja,50,3,42.989985228223965,44.944581500763675,5.0748905403967,1.9545962725397104,True
main_only,diet_name,REDUCED,False,Dummy_GlobalMean,Orujo30,Hermetia,main,Orujo30,orujo,30,1,31.314123313447407,36.824856285329446,,5.510732971882039,
main_only,diet_name,REDUCED,False,Dummy_GlobalMean,Orujo30,Hermetia,main,Orujo30,orujo,30,2,28.651274165528747,36.824856285329446,,8.173582119800699,
main_only,diet_name,REDUCED,False,Dummy_GlobalMean,Orujo30,Hermetia,main,Orujo30,orujo,30,3,31.00039680343508,36.824856285329446,,5.824459481894365,
main_only,diet_name,REDUCED,False,Dummy_GlobalMean,Orujo30,Tenebrio,main,Orujo30,orujo,30,1,44.05632136428663,36.824856285329446,,7.231465078957186,
main_only,diet_name,REDUCED,False,Dummy_GlobalMean,Orujo30,Tenebrio,main,Orujo30,orujo,30,2,47.979408918219136,36.824856285329446,,11.15455263288969,
main_only,diet_name,REDUCED,False,Dummy_GlobalMean,Orujo30,Tenebrio,main,Orujo30,orujo,30,3,47.50313823303477,36.824856285329446,,10.678281947705322,
main_only,diet_name,REDUCED,False,Dummy_SpeciesMean,Orujo30,Hermetia,main,Orujo30,orujo,30,1,31.314123313447407,28.78182297450397,,2.532300338943436,
main_only,diet_name,REDUCED,False,Dummy_SpeciesMean,Orujo30,Hermetia,main,Orujo30,orujo,30,2,28.651274165528747,28.78182297450397,,0.1305488089752238,
main_only,diet_name,REDUCED,False,Dummy_SpeciesMean,Orujo30,Hermetia,main,Orujo30,orujo,30,3,31.00039680343508,28.78182297450397,,2.2185738289311097,
main_only,diet_name,REDUCED,False,Dummy_SpeciesMean,Orujo30,Tenebrio,main,Orujo30,orujo,30,1,44.05632136428663,44.867889596154924,,0.8115682318682929,
main_only,diet_name,REDUCED,False,Dummy_SpeciesMean,Orujo30,Tenebrio,main,Orujo30,orujo,30,2,47.979408918219136,44.867889596154924,,3.1115193220642112,
main_only,diet_name,REDUCED,False,Dummy_SpeciesMean,Orujo30,Tenebrio,main,Orujo30,orujo,30,3,47.50313823303477,44.867889596154924,,2.635248636879844,
main_only,diet_name,REDUCED,False,GP_Compuesto_NoARD,Orujo30,Hermetia,main,Orujo30,orujo,30,1,31.314123313447407,36.60422451686209,4.288867108487621,5.290101203414682,True
main_only,diet_name,REDUCED,False,GP_Compuesto_NoARD,Orujo30,Hermetia,main,Orujo30,orujo,30,2,28.651274165528747,36.60422451686209,4.288867108487621,7.952950351333342,True
main_only,diet_name,REDUCED,False,GP_Compuesto_NoARD,Orujo30,Hermetia,main,Orujo30,orujo,30,3,31.00039680343508,36.60422451686209,4.288867108487621,5.603827713427009,True
main_only,diet_name,REDUCED,False,GP_Compuesto_NoARD,Orujo30,Tenebrio,main,Orujo30,orujo,30,1,44.05632136428663,47.624182531324834,3.928049473331937,3.5678611670382026,True
main_only,diet_name,REDUCED,False,GP_Compuesto_NoARD,Orujo30,Tenebrio,main,Orujo30,orujo,30,2,47.979408918219136,47.62418253132483,3.928049473331937,0.35522638689430863,True
main_only,diet_name,REDUCED,False,GP_Compuesto_NoARD,Orujo30,Tenebrio,main,Orujo30,orujo,30,3,47.50313823303477,47.62418253132483,3.928049473331937,0.1210442982900588,True
main_only,diet_name,REDUCED,False,Dummy_GlobalMean,Orujo50,Hermetia,main,Orujo50,orujo,50,1,32.02004533085088,36.703221350794465,,4.683176019943588,
main_only,diet_name,REDUCED,False,Dummy_GlobalMean,Orujo50,Hermetia,main,Orujo50,orujo,50,2,33.161725303735146,36.703221350794465,,3.5414960470593186,
main_only,diet_name,REDUCED,False,Dummy_GlobalMean,Orujo50,Hermetia,main,Orujo50,orujo,50,3,31.260408162746693,36.703221350794465,,5.442813188047772,
main_only,diet_name,REDUCED,False,Dummy_GlobalMean,Orujo50,Tenebrio,main,Orujo50,orujo,50,1,46.60615150745108,36.703221350794465,,9.902930156656616,
main_only,diet_name,REDUCED,False,Dummy_GlobalMean,Orujo50,Tenebrio,main,Orujo50,orujo,50,2,47.61168446896416,36.703221350794465,,10.908463118169692,
main_only,diet_name,REDUCED,False,Dummy_GlobalMean,Orujo50,Tenebrio,main,Orujo50,orujo,50,3,47.14274409630263,36.703221350794465,,10.439522745508164,
main_only,diet_name,REDUCED,False,Dummy_SpeciesMean,Orujo50,Hermetia,main,Orujo50,orujo,50,1,32.02004533085088,28.599276824006587,,3.42076850684429,
main_only,diet_name,REDUCED,False,Dummy_SpeciesMean,Orujo50,Hermetia,main,Orujo50,orujo,50,2,33.161725303735146,28.599276824006587,,4.562448479728559,
main_only,diet_name,REDUCED,False,Dummy_SpeciesMean,Orujo50,Hermetia,main,Orujo50,orujo,50,3,31.260408162746693,28.599276824006587,,2.6611313387401054,
main_only,diet_name,REDUCED,False,Dummy_SpeciesMean,Orujo50,Tenebrio,main,Orujo50,orujo,50,1,46.60615150745108,44.80716587758234,,1.7989856298687386,
main_only,diet_name,REDUCED,False,Dummy_SpeciesMean,Orujo50,Tenebrio,main,Orujo50,orujo,50,2,47.61168446896416,44.80716587758234,,2.8045185913818145,
main_only,diet_name,REDUCED,False,Dummy_SpeciesMean,Orujo50,Tenebrio,main,Orujo50,orujo,50,3,47.14274409630263,44.80716587758234,,2.3355782187202863,
main_only,diet_name,REDUCED,False,GP_Compuesto_NoARD,Orujo50,Hermetia,main,Orujo50,orujo,50,1,32.02004533085088,34.60999725307019,2.3574600769577185,2.5899519222193135,True
main_only,diet_name,REDUCED,False,GP_Compuesto_NoARD,Orujo50,Hermetia,main,Orujo50,orujo,50,2,33.161725303735146,34.60999725307019,2.3574600769577185,1.4482719493350444,True
main_only,diet_name,REDUCED,False,GP_Compuesto_NoARD,Orujo50,Hermetia,main,Orujo50,orujo,50,3,31.260408162746693,34.60999725307019,2.3574600769577185,3.349589090323498,True
main_only,diet_name,REDUCED,False,GP_Compuesto_NoARD,Orujo50,Tenebrio,main,Orujo50,orujo,50,1,46.60615150745108,40.04144259436958,2.3256347755500197,6.564708913081503,False
main_only,diet_name,REDUCED,False,GP_Compuesto_NoARD,Orujo50,Tenebrio,main,Orujo50,orujo,50,2,47.61168446896416,40.041442594369556,2.3256347755500197,7.5702418745946005,False
main_only,diet_name,REDUCED,False,GP_Compuesto_NoARD,Orujo50,Tenebrio,main,Orujo50,orujo,50,3,47.14274409630263,40.041442594369556,2.3256347755500197,7.101301501933072,False
main_only,diet_name,REDUCED,False,Dummy_GlobalMean,Orujo70,Hermetia,main,Orujo70,orujo,70,1,28.145262440510347,37.161294298917454,,9.016031858407107,
main_only,diet_name,REDUCED,False,Dummy_GlobalMean,Orujo70,Hermetia,main,Orujo70,orujo,70,2,27.19851217684783,37.161294298917454,,9.962782122069623,
main_only,diet_name,REDUCED,False,Dummy_GlobalMean,Orujo70,Hermetia,main,Orujo70,orujo,70,3,26.86141384370052,37.161294298917454,,10.299880455216933,
main_only,diet_name,REDUCED,False,Dummy_GlobalMean,Orujo70,Tenebrio,main,Orujo70,orujo,70,1,42.989125105205865,37.161294298917454,,5.827830806288411,
main_only,diet_name,REDUCED,False,Dummy_GlobalMean,Orujo70,Tenebrio,main,Orujo70,orujo,70,2,42.37318058656684,37.161294298917454,,5.211886287649385,
main_only,diet_name,REDUCED,False,Dummy_GlobalMean,Orujo70,Tenebrio,main,Orujo70,orujo,70,3,42.75088782983994,37.161294298917454,,5.589593530922485,
main_only,diet_name,REDUCED,False,Dummy_SpeciesMean,Orujo70,Hermetia,main,Orujo70,orujo,70,1,28.145262440510347,29.073843168549054,,0.9285807280387068,
main_only,diet_name,REDUCED,False,Dummy_SpeciesMean,Orujo70,Hermetia,main,Orujo70,orujo,70,2,27.19851217684783,29.073843168549054,,1.8753309917012224,
main_only,diet_name,REDUCED,False,Dummy_SpeciesMean,Orujo70,Hermetia,main,Orujo70,orujo,70,3,26.86141384370052,29.073843168549054,,2.2124293248485323,
main_only,diet_name,REDUCED,False,Dummy_SpeciesMean,Orujo70,Tenebrio,main,Orujo70,orujo,70,1,42.989125105205865,45.248745429285854,,2.2596203240799895,
main_only,diet_name,REDUCED,False,Dummy_SpeciesMean,Orujo70,Tenebrio,main,Orujo70,orujo,70,2,42.37318058656684,45.248745429285854,,2.8755648427190152,
main_only,diet_name,REDUCED,False,Dummy_SpeciesMean,Orujo70,Tenebrio,main,Orujo70,orujo,70,3,42.75088782983994,45.248745429285854,,2.497857599445915,
main_only,diet_name,REDUCED,False,GP_Compuesto_NoARD,Orujo70,Hermetia,main,Orujo70,orujo,70,1,28.145262440510347,33.343422469374076,2.280260598720482,5.198160028863729,False
main_only,diet_name,REDUCED,False,GP_Compuesto_NoARD,Orujo70,Hermetia,main,Orujo70,orujo,70,2,27.19851217684783,33.343422469374076,2.280260598720482,6.144910292526244,False
main_only,diet_name,REDUCED,False,GP_Compuesto_NoARD,Orujo70,Hermetia,main,Orujo70,orujo,70,3,26.86141384370052,33.343422469374076,2.280260598720482,6.482008625673554,False
main_only,diet_name,REDUCED,False,GP_Compuesto_NoARD,Orujo70,Tenebrio,main,Orujo70,orujo,70,1,42.989125105205865,39.39262839469038,2.248560806168688,3.5964967105154884,True
main_only,diet_name,REDUCED,False,GP_Compuesto_NoARD,Orujo70,Tenebrio,main,Orujo70,orujo,70,2,42.37318058656684,39.39262839469037,2.248560806168688,2.9805521918764697,True
main_only,diet_name,REDUCED,False,GP_Compuesto_NoARD,Orujo70,Tenebrio,main,Orujo70,orujo,70,3,42.75088782983994,39.39262839469037,2.248560806168688,3.35825943514957,True
main_only,diet_name,REDUCED,False,Dummy_GlobalMean,Orujo90,Hermetia,main,Orujo90,orujo,90,1,27.992592815001228,37.299012349410965,,9.306419534409738,
main_only,diet_name,REDUCED,False,Dummy_GlobalMean,Orujo90,Hermetia,main,Orujo90,orujo,90,2,23.674781663935857,37.299012349410965,,13.624230685475109,
main_only,diet_name,REDUCED,False,Dummy_GlobalMean,Orujo90,Hermetia,main,Orujo90,orujo,90,3,27.97325781900284,37.299012349410965,,9.325754530408126,
main_only,diet_name,REDUCED,False,Dummy_GlobalMean,Orujo90,Tenebrio,main,Orujo90,orujo,90,1,42.63455462687377,37.299012349410965,,5.335542277462807,
main_only,diet_name,REDUCED,False,Dummy_GlobalMean,Orujo90,Tenebrio,main,Orujo90,orujo,90,2,39.46090226095632,37.299012349410965,,2.1618899115453516,
main_only,diet_name,REDUCED,False,Dummy_GlobalMean,Orujo90,Tenebrio,main,Orujo90,orujo,90,3,40.31920976729068,37.299012349410965,,3.0201974178797144,
main_only,diet_name,REDUCED,False,Dummy_SpeciesMean,Orujo90,Hermetia,main,Orujo90,orujo,90,1,27.992592815001228,29.159328373986344,,1.166735558985117,
main_only,diet_name,REDUCED,False,Dummy_SpeciesMean,Orujo90,Hermetia,main,Orujo90,orujo,90,2,23.674781663935857,29.159328373986344,,5.484546710050488,
main_only,diet_name,REDUCED,False,Dummy_SpeciesMean,Orujo90,Hermetia,main,Orujo90,orujo,90,3,27.97325781900284,29.159328373986344,,1.1860705549835053,
main_only,diet_name,REDUCED,False,Dummy_SpeciesMean,Orujo90,Tenebrio,main,Orujo90,orujo,90,1,42.63455462687377,45.43869632483559,,2.8041416979618177,
main_only,diet_name,REDUCED,False,Dummy_SpeciesMean,Orujo90,Tenebrio,main,Orujo90,orujo,90,2,39.46090226095632,45.43869632483559,,5.977794063879273,
main_only,diet_name,REDUCED,False,Dummy_SpeciesMean,Orujo90,Tenebrio,main,Orujo90,orujo,90,3,40.31920976729068,45.43869632483559,,5.11948655754491,
main_only,diet_name,REDUCED,False,GP_Compuesto_NoARD,Orujo90,Hermetia,main,Orujo90,orujo,90,1,27.992592815001228,33.275073921342546,5.236672653014875,5.282481106341319,True
main_only,diet_name,REDUCED,False,GP_Compuesto_NoARD,Orujo90,Hermetia,main,Orujo90,orujo,90,2,23.674781663935857,33.275073921342546,5.236672653014875,9.60029225740669,True
main_only,diet_name,REDUCED,False,GP_Compuesto_NoARD,Orujo90,Hermetia,main,Orujo90,orujo,90,3,27.97325781900284,33.275073921342546,5.236672653014875,5.301816102339707,True
main_only,diet_name,REDUCED,False,GP_Compuesto_NoARD,Orujo90,Tenebrio,main,Orujo90,orujo,90,1,42.63455462687377,29.65394921291974,4.332970559774647,12.98060541395403,False
main_only,diet_name,REDUCED,False,GP_Compuesto_NoARD,Orujo90,Tenebrio,main,Orujo90,orujo,90,2,39.46090226095632,29.653949212919727,4.332970559774647,9.80695304803659,False
main_only,diet_name,REDUCED,False,GP_Compuesto_NoARD,Orujo90,Tenebrio,main,Orujo90,orujo,90,3,40.31920976729068,29.653949212919727,4.332970559774647,10.665260554370953,False
main_only,diet_name,REDUCED,False,Dummy_GlobalMean,Quinoa15,Hermetia,main,Quinoa15,quinoa,15,1,32.25326659440655,36.71098322655898,,4.457716632152433,
main_only,diet_name,REDUCED,False,Dummy_GlobalMean,Quinoa15,Hermetia,main,Quinoa15,quinoa,15,2,30.29567215292689,36.71098322655898,,6.41531107363209,
main_only,diet_name,REDUCED,False,Dummy_GlobalMean,Quinoa15,Hermetia,main,Quinoa15,quinoa,15,3,29.75211069561501,36.71098322655898,,6.958872530943971,
main_only,diet_name,REDUCED,False,Dummy_GlobalMean,Quinoa15,Tenebrio,main,Quinoa15,quinoa,15,1,46.2406551012102,36.71098322655898,,9.529671874651221,
main_only,diet_name,REDUCED,False,Dummy_GlobalMean,Quinoa15,Tenebrio,main,Quinoa15,quinoa,15,2,49.74165607410812,36.71098322655898,,13.030672847549141,
main_only,diet_name,REDUCED,False,Dummy_GlobalMean,Quinoa15,Tenebrio,main,Quinoa15,quinoa,15,3,49.0536857059127,36.71098322655898,,12.342702479353719,
main_only,diet_name,REDUCED,False,Dummy_SpeciesMean,Quinoa15,Hermetia,main,Quinoa15,quinoa,15,1,32.25326659440655,28.73731446915273,,3.5159521252538184,
main_only,diet_name,REDUCED,False,Dummy_SpeciesMean,Quinoa15,Hermetia,main,Quinoa15,quinoa,15,2,30.29567215292689,28.73731446915273,,1.5583576837741617,
main_only,diet_name,REDUCED,False,Dummy_SpeciesMean,Quinoa15,Hermetia,main,Quinoa15,quinoa,15,3,29.75211069561501,28.73731446915273,,1.0147962264622805,
main_only,diet_name,REDUCED,False,Dummy_SpeciesMean,Quinoa15,Tenebrio,main,Quinoa15,quinoa,15,1,46.2406551012102,44.684651983965246,,1.5560031172449555,
main_only,diet_name,REDUCED,False,Dummy_SpeciesMean,Quinoa15,Tenebrio,main,Quinoa15,quinoa,15,2,49.74165607410812,44.684651983965246,,5.057004090142875,
main_only,diet_name,REDUCED,False,Dummy_SpeciesMean,Quinoa15,Tenebrio,main,Quinoa15,quinoa,15,3,49.0536857059127,44.684651983965246,,4.369033721947453,
main_only,diet_name,REDUCED,False,GP_Compuesto_NoARD,Quinoa15,Hermetia,main,Quinoa15,quinoa,15,1,32.25326659440655,29.38265574710706,3.743426122492424,2.8706108472994885,True
main_only,diet_name,REDUCED,False,GP_Compuesto_NoARD,Quinoa15,Hermetia,main,Quinoa15,quinoa,15,2,30.29567215292689,29.38265574710706,3.743426122492424,0.9130164058198318,True
main_only,diet_name,REDUCED,False,GP_Compuesto_NoARD,Quinoa15,Hermetia,main,Quinoa15,quinoa,15,3,29.75211069561501,29.38265574710706,3.743426122492424,0.3694549485079506,True
main_only,diet_name,REDUCED,False,GP_Compuesto_NoARD,Quinoa15,Tenebrio,main,Quinoa15,quinoa,15,1,46.2406551012102,41.902441037926735,3.6263702986300292,4.338214063283466,True
main_only,diet_name,REDUCED,False,GP_Compuesto_NoARD,Quinoa15,Tenebrio,main,Quinoa15,quinoa,15,2,49.74165607410812,41.90244103792676,3.6263702986300292,7.839215036181365,False
main_only,diet_name,REDUCED,False,GP_Compuesto_NoARD,Quinoa15,Tenebrio,main,Quinoa15,quinoa,15,3,49.0536857059127,41.90244103792676,3.6263702986300292,7.151244667985942,False
main_only,diet_name,REDUCED,False,Dummy_GlobalMean,Quinoa30,Hermetia,main,Quinoa30,quinoa,30,1,30.76039775705413,36.83866531941135,,6.078267562357219,
main_only,diet_name,REDUCED,False,Dummy_GlobalMean,Quinoa30,Hermetia,main,Quinoa30,quinoa,30,2,29.22593647982689,36.83866531941135,,7.6127288395844595,
main_only,diet_name,REDUCED,False,Dummy_GlobalMean,Quinoa30,Hermetia,main,Quinoa30,quinoa,30,3,29.965998391774416,36.83866531941135,,6.872666927636931,
main_only,diet_name,REDUCED,False,Dummy_GlobalMean,Quinoa30,Tenebrio,main,Quinoa30,quinoa,30,1,47.1681642185215,36.83866531941135,,10.329498899110149,
main_only,diet_name,REDUCED,False,Dummy_GlobalMean,Quinoa30,Tenebrio,main,Quinoa30,quinoa,30,2,45.28074275235599,36.83866531941135,,8.442077432944643,
main_only,diet_name,REDUCED,False,Dummy_GlobalMean,Quinoa30,Tenebrio,main,Quinoa30,quinoa,30,3,47.27488115350477,36.83866531941135,,10.436215834093424,
main_only,diet_name,REDUCED,False,Dummy_SpeciesMean,Quinoa30,Hermetia,main,Quinoa30,quinoa,30,1,30.76039775705413,28.815605029629165,,1.9447927274249643,
main_only,diet_name,REDUCED,False,Dummy_SpeciesMean,Quinoa30,Hermetia,main,Quinoa30,quinoa,30,2,29.22593647982689,28.815605029629165,,0.41033145019772377,
main_only,diet_name,REDUCED,False,Dummy_SpeciesMean,Quinoa30,Hermetia,main,Quinoa30,quinoa,30,3,29.965998391774416,28.815605029629165,,1.1503933621452518,
main_only,diet_name,REDUCED,False,Dummy_SpeciesMean,Quinoa30,Tenebrio,main,Quinoa30,quinoa,30,1,47.1681642185215,44.861725609193535,,2.3064386093279623,
main_only,diet_name,REDUCED,False,Dummy_SpeciesMean,Quinoa30,Tenebrio,main,Quinoa30,quinoa,30,2,45.28074275235599,44.861725609193535,,0.4190171431624563,
main_only,diet_name,REDUCED,False,Dummy_SpeciesMean,Quinoa30,Tenebrio,main,Quinoa30,quinoa,30,3,47.27488115350477,44.861725609193535,,2.4131555443112376,
main_only,diet_name,REDUCED,False,GP_Compuesto_NoARD,Quinoa30,Hermetia,main,Quinoa30,quinoa,30,1,30.76039775705413,33.52850337242993,2.4016122265824658,2.768105615375802,True
main_only,diet_name,REDUCED,False,GP_Compuesto_NoARD,Quinoa30,Hermetia,main,Quinoa30,quinoa,30,2,29.22593647982689,33.52850337242993,2.4016122265824658,4.302566892603043,True
main_only,diet_name,REDUCED,False,GP_Compuesto_NoARD,Quinoa30,Hermetia,main,Quinoa30,quinoa,30,3,29.965998391774416,33.52850337242993,2.4016122265824658,3.5625049806555147,True
main_only,diet_name,REDUCED,False,GP_Compuesto_NoARD,Quinoa30,Tenebrio,main,Quinoa30,quinoa,30,1,47.1681642185215,46.14578937504045,2.508457542274429,1.022374843481046,True
main_only,diet_name,REDUCED,False,GP_Compuesto_NoARD,Quinoa30,Tenebrio,main,Quinoa30,quinoa,30,2,45.28074275235599,46.145789375040465,2.508457542274429,0.8650466226844742,True
main_only,diet_name,REDUCED,False,GP_Compuesto_NoARD,Quinoa30,Tenebrio,main,Quinoa30,quinoa,30,3,47.27488115350477,46.145789375040465,2.508457542274429,1.129091778464307,True
main_only,diet_name,REDUCED,False,Dummy_GlobalMean,Quinoa50,Hermetia,main,Quinoa50,quinoa,50,1,30.811944171324868,36.83914665435494,,6.027202483030074,
main_only,diet_name,REDUCED,False,Dummy_GlobalMean,Quinoa50,Hermetia,main,Quinoa50,quinoa,50,2,28.23608632105669,36.83914665435494,,8.603060333298252,
main_only,diet_name,REDUCED,False,Dummy_GlobalMean,Quinoa50,Hermetia,main,Quinoa50,quinoa,50,3,30.441941426236617,36.83914665435494,,6.397205228118324,
main_only,diet_name,REDUCED,False,Dummy_GlobalMean,Quinoa50,Tenebrio,main,Quinoa50,quinoa,50,1,46.3907897545748,36.83914665435494,,9.551643100219856,
main_only,diet_name,REDUCED,False,Dummy_GlobalMean,Quinoa50,Tenebrio,main,Quinoa50,quinoa,50,2,46.509235603005465,36.83914665435494,,9.670088948650523,
main_only,diet_name,REDUCED,False,Dummy_GlobalMean,Quinoa50,Tenebrio,main,Quinoa50,quinoa,50,3,47.25724338022376,36.83914665435494,,10.418096725868821,
main_only,diet_name,REDUCED,False,Dummy_SpeciesMean,Quinoa50,Hermetia,main,Quinoa50,quinoa,50,1,30.811944171324868,28.83101705329707,,1.9809271180277968,
main_only,diet_name,REDUCED,False,Dummy_SpeciesMean,Quinoa50,Hermetia,main,Quinoa50,quinoa,50,2,28.23608632105669,28.83101705329707,,0.5949307322403818,
main_only,diet_name,REDUCED,False,Dummy_SpeciesMean,Quinoa50,Hermetia,main,Quinoa50,quinoa,50,3,30.441941426236617,28.83101705329707,,1.6109243729395466,
main_only,diet_name,REDUCED,False,Dummy_SpeciesMean,Quinoa50,Tenebrio,main,Quinoa50,quinoa,50,1,46.3907897545748,44.84727625541281,,1.543513499161989,
main_only,diet_name,REDUCED,False,Dummy_SpeciesMean,Quinoa50,Tenebrio,main,Quinoa50,quinoa,50,2,46.509235603005465,44.84727625541281,,1.6619593475926564,
main_only,diet_name,REDUCED,False,Dummy_SpeciesMean,Quinoa50,Tenebrio,main,Quinoa50,quinoa,50,3,47.25724338022376,44.84727625541281,,2.4099671248109544,
main_only,diet_name,REDUCED,False,GP_Compuesto_NoARD,Quinoa50,Hermetia,main,Quinoa50,quinoa,50,1,30.811944171324868,33.00573603221865,4.073815907044455,2.193791860893782,True
main_only,diet_name,REDUCED,False,GP_Compuesto_NoARD,Quinoa50,Hermetia,main,Quinoa50,quinoa,50,2,28.23608632105669,33.00573603221865,4.073815907044455,4.769649711161961,True
main_only,diet_name,REDUCED,False,GP_Compuesto_NoARD,Quinoa50,Hermetia,main,Quinoa50,quinoa,50,3,30.441941426236617,33.00573603221865,4.073815907044455,2.5637946059820322,True
main_only,diet_name,REDUCED,False,GP_Compuesto_NoARD,Quinoa50,Tenebrio,main,Quinoa50,quinoa,50,1,46.3907897545748,49.39435450006222,4.652340730479976,3.0035647454874237,True
main_only,diet_name,REDUCED,False,GP_Compuesto_NoARD,Quinoa50,Tenebrio,main,Quinoa50,quinoa,50,2,46.509235603005465,49.39435450006223,4.652340730479976,2.8851188970567634,True
main_only,diet_name,REDUCED,False,GP_Compuesto_NoARD,Quinoa50,Tenebrio,main,Quinoa50,quinoa,50,3,47.25724338022376,49.39435450006223,4.652340730479976,2.1371111198384654,True
main_only,diet_name,REDUCED,True,Dummy_GlobalMean,Control,Hermetia,main,Control,control,0,1,32.29822786111878,36.90554948392267,,4.607321622803887,
main_only,diet_name,REDUCED,True,Dummy_GlobalMean,Control,Hermetia,main,Control,control,0,2,31.9882734211747,36.90554948392267,,4.91727606274797,
main_only,diet_name,REDUCED,True,Dummy_GlobalMean,Control,Hermetia,main,Control,control,0,3,31.52201662343253,36.90554948392267,,5.3835328604901385,
main_only,diet_name,REDUCED,True,Dummy_GlobalMean,Control,Tenebrio,main,Control,control,0,1,42.724277530166994,36.90554948392267,,5.818728046244324,
main_only,diet_name,REDUCED,True,Dummy_GlobalMean,Control,Tenebrio,main,Control,control,0,2,43.79839302328586,36.90554948392267,,6.8928435393631915,
main_only,diet_name,REDUCED,True,Dummy_GlobalMean,Control,Tenebrio,main,Control,control,0,3,43.331882423179295,36.90554948392267,,6.426332939256625,
main_only,diet_name,REDUCED,True,Dummy_SpeciesMean,Control,Hermetia,main,Control,control,0,1,32.29822786111878,28.620398853726808,,3.677829007391974,
main_only,diet_name,REDUCED,True,Dummy_SpeciesMean,Control,Hermetia,main,Control,control,0,2,31.9882734211747,28.620398853726808,,3.367874567447892,
main_only,diet_name,REDUCED,True,Dummy_SpeciesMean,Control,Hermetia,main,Control,control,0,3,31.52201662343253,28.620398853726808,,2.901617769705723,
main_only,diet_name,REDUCED,True,Dummy_SpeciesMean,Control,Tenebrio,main,Control,control,0,1,42.724277530166994,45.190700114118535,,2.466422583951541,
main_only,diet_name,REDUCED,True,Dummy_SpeciesMean,Control,Tenebrio,main,Control,control,0,2,43.79839302328586,45.190700114118535,,1.3923070908326736,
main_only,diet_name,REDUCED,True,Dummy_SpeciesMean,Control,Tenebrio,main,Control,control,0,3,43.331882423179295,45.190700114118535,,1.8588176909392402,
main_only,diet_name,REDUCED,True,GP_Compuesto_NoARD,Control,Hermetia,main,Control,control,0,1,32.29822786111878,31.355705608428945,5.05043201748296,0.9425222526898374,True
main_only,diet_name,REDUCED,True,GP_Compuesto_NoARD,Control,Hermetia,main,Control,control,0,2,31.9882734211747,31.355705608428945,5.05043201748296,0.632567812745755,True
main_only,diet_name,REDUCED,True,GP_Compuesto_NoARD,Control,Hermetia,main,Control,control,0,3,31.52201662343253,31.355705608428945,5.05043201748296,0.16631101500358625,True
main_only,diet_name,REDUCED,True,GP_Compuesto_NoARD,Control,Tenebrio,main,Control,control,0,1,42.724277530166994,47.42294363212773,4.803116956182227,4.69866610196074,True
main_only,diet_name,REDUCED,True,GP_Compuesto_NoARD,Control,Tenebrio,main,Control,control,0,2,43.79839302328586,47.42294363212773,4.803116956182227,3.624550608841872,True
main_only,diet_name,REDUCED,True,GP_Compuesto_NoARD,Control,Tenebrio,main,Control,control,0,3,43.331882423179295,47.42294363212773,4.803116956182227,4.091061208948439,True
main_only,diet_name,REDUCED,True,Dummy_GlobalMean,Hoja15,Hermetia,main,Hoja15,hoja,15,1,32.439876828877715,36.80966417599498,,4.369787347117267,
main_only,diet_name,REDUCED,True,Dummy_GlobalMean,Hoja15,Hermetia,main,Hoja15,hoja,15,2,31.861332823005377,36.80966417599498,,4.948331352989605,
main_only,diet_name,REDUCED,True,Dummy_GlobalMean,Hoja15,Hermetia,main,Hoja15,hoja,15,3,29.950143361921626,36.80966417599498,,6.859520814073356,
main_only,diet_name,REDUCED,True,Dummy_GlobalMean,Hoja15,Tenebrio,main,Hoja15,hoja,15,1,44.59966850546592,36.80966417599498,,7.790004329470939,
main_only,diet_name,REDUCED,True,Dummy_GlobalMean,Hoja15,Tenebrio,main,Hoja15,hoja,15,2,48.58207253144869,36.80966417599498,,11.772408355453706,
main_only,diet_name,REDUCED,True,Dummy_GlobalMean,Hoja15,Tenebrio,main,Hoja15,hoja,15,3,43.98309530729985,36.80966417599498,,7.173431131304866,
main_only,diet_name,REDUCED,True,Dummy_SpeciesMean,Hoja15,Hermetia,main,Hoja15,hoja,15,1,32.439876828877715,28.672304350124186,,3.7675724787535287,
main_only,diet_name,REDUCED,True,Dummy_SpeciesMean,Hoja15,Hermetia,main,Hoja15,hoja,15,2,31.861332823005377,28.672304350124186,,3.1890284728811906,
main_only,diet_name,REDUCED,True,Dummy_SpeciesMean,Hoja15,Hermetia,main,Hoja15,hoja,15,3,29.950143361921626,28.672304350124186,,1.2778390117974396,
main_only,diet_name,REDUCED,True,Dummy_SpeciesMean,Hoja15,Tenebrio,main,Hoja15,hoja,15,1,44.59966850546592,44.94702400186579,,0.34735549639987084,
main_only,diet_name,REDUCED,True,Dummy_SpeciesMean,Hoja15,Tenebrio,main,Hoja15,hoja,15,2,48.58207253144869,44.94702400186579,,3.635048529582896,
main_only,diet_name,REDUCED,True,Dummy_SpeciesMean,Hoja15,Tenebrio,main,Hoja15,hoja,15,3,43.98309530729985,44.94702400186579,,0.9639286945659435,
main_only,diet_name,REDUCED,True,GP_Compuesto_NoARD,Hoja15,Hermetia,main,Hoja15,hoja,15,1,32.439876828877715,27.465003338702893,3.4661096581642723,4.974873490174822,True
main_only,diet_name,REDUCED,True,GP_Compuesto_NoARD,Hoja15,Hermetia,main,Hoja15,hoja,15,2,31.861332823005377,27.465003338702893,3.4661096581642723,4.396329484302484,True
main_only,diet_name,REDUCED,True,GP_Compuesto_NoARD,Hoja15,Hermetia,main,Hoja15,hoja,15,3,29.950143361921626,27.465003338702893,3.4661096581642723,2.485140023218733,True
main_only,diet_name,REDUCED,True,GP_Compuesto_NoARD,Hoja15,Tenebrio,main,Hoja15,hoja,15,1,44.59966850546592,43.258269664007585,3.0506558964715444,1.3413988414583358,True
main_only,diet_name,REDUCED,True,GP_Compuesto_NoARD,Hoja15,Tenebrio,main,Hoja15,hoja,15,2,48.58207253144869,43.258269664007585,3.0506558964715444,5.323802867441103,True
main_only,diet_name,REDUCED,True,GP_Compuesto_NoARD,Hoja15,Tenebrio,main,Hoja15,hoja,15,3,43.98309530729985,43.258269664007585,3.0506558964715444,0.7248256432922631,True
main_only,diet_name,REDUCED,True,Dummy_GlobalMean,Hoja30,Hermetia,main,Hoja30,hoja,30,1,24.518904936914268,37.2557085381649,,12.736803601250635,
main_only,diet_name,REDUCED,True,Dummy_GlobalMean,Hoja30,Hermetia,main,Hoja30,hoja,30,2,23.472591934148408,37.2557085381649,,13.783116604016495,
main_only,diet_name,REDUCED,True,Dummy_GlobalMean,Hoja30,Hermetia,main,Hoja30,hoja,30,3,25.260478611312173,37.2557085381649,,11.99522992685273,
main_only,diet_name,REDUCED,True,Dummy_GlobalMean,Hoja30,Tenebrio,main,Hoja30,hoja,30,1,43.64443148041813,37.2557085381649,,6.388722942253224,
main_only,diet_name,REDUCED,True,Dummy_GlobalMean,Hoja30,Tenebrio,main,Hoja30,hoja,30,2,45.32322480412907,37.2557085381649,,8.067516265964166,
main_only,diet_name,REDUCED,True,Dummy_GlobalMean,Hoja30,Tenebrio,main,Hoja30,hoja,30,3,42.43389586090185,37.2557085381649,,5.178187322736946,
main_only,diet_name,REDUCED,True,Dummy_SpeciesMean,Hoja30,Hermetia,main,Hoja30,hoja,30,1,24.518904936914268,29.372283601171848,,4.85337866425758,
main_only,diet_name,REDUCED,True,Dummy_SpeciesMean,Hoja30,Hermetia,main,Hoja30,hoja,30,2,23.472591934148408,29.372283601171848,,5.89969166702344,
main_only,diet_name,REDUCED,True,Dummy_SpeciesMean,Hoja30,Hermetia,main,Hoja30,hoja,30,3,25.260478611312173,29.372283601171848,,4.1118049898596745,
main_only,diet_name,REDUCED,True,Dummy_SpeciesMean,Hoja30,Tenebrio,main,Hoja30,hoja,30,1,43.64443148041813,45.139133475157976,,1.4947019947398488,
main_only,diet_name,REDUCED,True,Dummy_SpeciesMean,Hoja30,Tenebrio,main,Hoja30,hoja,30,2,45.32322480412907,45.139133475157976,,0.1840913289710926,
main_only,diet_name,REDUCED,True,Dummy_SpeciesMean,Hoja30,Tenebrio,main,Hoja30,hoja,30,3,42.43389586090185,45.139133475157976,,2.705237614256127,
main_only,diet_name,REDUCED,True,GP_Compuesto_NoARD,Hoja30,Hermetia,main,Hoja30,hoja,30,1,24.518904936914268,29.04241443464509,2.291495415260628,4.523509497730821,False
main_only,diet_name,REDUCED,True,GP_Compuesto_NoARD,Hoja30,Hermetia,main,Hoja30,hoja,30,2,23.472591934148408,29.04241443464509,2.291495415260628,5.569822500496681,False
main_only,diet_name,REDUCED,True,GP_Compuesto_NoARD,Hoja30,Hermetia,main,Hoja30,hoja,30,3,25.260478611312173,29.04241443464509,2.291495415260628,3.7819358233329154,True
main_only,diet_name,REDUCED,True,GP_Compuesto_NoARD,Hoja30,Tenebrio,main,Hoja30,hoja,30,1,43.64443148041813,43.596395241575806,2.310729835523082,0.048036238842321666,True
main_only,diet_name,REDUCED,True,GP_Compuesto_NoARD,Hoja30,Tenebrio,main,Hoja30,hoja,30,2,45.32322480412907,43.596395241575806,2.310729835523082,1.726829562553263,True
main_only,diet_name,REDUCED,True,GP_Compuesto_NoARD,Hoja30,Tenebrio,main,Hoja30,hoja,30,3,42.43389586090185,43.596395241575806,2.310729835523082,1.1624993806739568,True
main_only,diet_name,REDUCED,True,Dummy_GlobalMean,Hoja50,Hermetia,main,Hoja50,hoja,50,1,22.677020960046544,37.31790497009292,,14.640884010046374,
main_only,diet_name,REDUCED,True,Dummy_GlobalMean,Hoja50,Hermetia,main,Hoja50,hoja,50,2,23.384593109734844,37.31790497009292,,13.933311860358074,
main_only,diet_name,REDUCED,True,Dummy_GlobalMean,Hoja50,Hermetia,main,Hoja50,hoja,50,3,24.04987521687871,37.31790497009292,,13.268029753214208,
main_only,diet_name,REDUCED,True,Dummy_GlobalMean,Hoja50,Tenebrio,main,Hoja50,hoja,50,1,43.13594119232716,37.31790497009292,,5.818036222234241,
main_only,diet_name,REDUCED,True,Dummy_GlobalMean,Hoja50,Tenebrio,main,Hoja50,hoja,50,2,44.6843260049324,37.31790497009292,,7.366421034839483,
main_only,diet_name,REDUCED,True,Dummy_GlobalMean,Hoja50,Tenebrio,main,Hoja50,hoja,50,3,42.989985228223965,37.31790497009292,,5.6720802581310465,
main_only,diet_name,REDUCED,True,Dummy_SpeciesMean,Hoja50,Hermetia,main,Hoja50,hoja,50,1,22.677020960046544,29.47696647436234,,6.7999455143157945,
main_only,diet_name,REDUCED,True,Dummy_SpeciesMean,Hoja50,Hermetia,main,Hoja50,hoja,50,2,23.384593109734844,29.47696647436234,,6.092373364627495,
main_only,diet_name,REDUCED,True,Dummy_SpeciesMean,Hoja50,Hermetia,main,Hoja50,hoja,50,3,24.04987521687871,29.47696647436234,,5.427091257483628,
main_only,diet_name,REDUCED,True,Dummy_SpeciesMean,Hoja50,Tenebrio,main,Hoja50,hoja,50,1,43.13594119232716,45.15884346582349,,2.022902273496328,
main_only,diet_name,REDUCED,True,Dummy_SpeciesMean,Hoja50,Tenebrio,main,Hoja50,hoja,50,2,44.6843260049324,45.15884346582349,,0.4745174608910858,
main_only,diet_name,REDUCED,True,Dummy_SpeciesMean,Hoja50,Tenebrio,main,Hoja50,hoja,50,3,42.989985228223965,45.15884346582349,,2.1688582375995225,
main_only,diet_name,REDUCED,True,GP_Compuesto_NoARD,Hoja50,Hermetia,main,Hoja50,hoja,50,1,22.677020960046544,27.092372544480412,3.8337232776415378,4.415351584433868,True
main_only,diet_name,REDUCED,True,GP_Compuesto_NoARD,Hoja50,Hermetia,main,Hoja50,hoja,50,2,23.384593109734844,27.092372544480412,3.8337232776415378,3.707779434745568,True
main_only,diet_name,REDUCED,True,GP_Compuesto_NoARD,Hoja50,Hermetia,main,Hoja50,hoja,50,3,24.04987521687871,27.092372544480412,3.8337232776415378,3.0424973276017013,True
main_only,diet_name,REDUCED,True,GP_Compuesto_NoARD,Hoja50,Tenebrio,main,Hoja50,hoja,50,1,43.13594119232716,41.74175068544307,4.075718285042707,1.3941905068840867,True
main_only,diet_name,REDUCED,True,GP_Compuesto_NoARD,Hoja50,Tenebrio,main,Hoja50,hoja,50,2,44.6843260049324,41.741750685443066,4.075718285042707,2.942575319489336,True
main_only,diet_name,REDUCED,True,GP_Compuesto_NoARD,Hoja50,Tenebrio,main,Hoja50,hoja,50,3,42.989985228223965,41.741750685443066,4.075718285042707,1.2482345427808994,True
main_only,diet_name,REDUCED,True,Dummy_GlobalMean,Orujo30,Hermetia,main,Orujo30,orujo,30,1,31.314123313447407,36.824856285329446,,5.510732971882039,
main_only,diet_name,REDUCED,True,Dummy_GlobalMean,Orujo30,Hermetia,main,Orujo30,orujo,30,2,28.651274165528747,36.824856285329446,,8.173582119800699,
main_only,diet_name,REDUCED,True,Dummy_GlobalMean,Orujo30,Hermetia,main,Orujo30,orujo,30,3,31.00039680343508,36.824856285329446,,5.824459481894365,
main_only,diet_name,REDUCED,True,Dummy_GlobalMean,Orujo30,Tenebrio,main,Orujo30,orujo,30,1,44.05632136428663,36.824856285329446,,7.231465078957186,
main_only,diet_name,REDUCED,True,Dummy_GlobalMean,Orujo30,Tenebrio,main,Orujo30,orujo,30,2,47.979408918219136,36.824856285329446,,11.15455263288969,
main_only,diet_name,REDUCED,True,Dummy_GlobalMean,Orujo30,Tenebrio,main,Orujo30,orujo,30,3,47.50313823303477,36.824856285329446,,10.678281947705322,
main_only,diet_name,REDUCED,True,Dummy_SpeciesMean,Orujo30,Hermetia,main,Orujo30,orujo,30,1,31.314123313447407,28.78182297450397,,2.532300338943436,
main_only,diet_name,REDUCED,True,Dummy_SpeciesMean,Orujo30,Hermetia,main,Orujo30,orujo,30,2,28.651274165528747,28.78182297450397,,0.1305488089752238,
main_only,diet_name,REDUCED,True,Dummy_SpeciesMean,Orujo30,Hermetia,main,Orujo30,orujo,30,3,31.00039680343508,28.78182297450397,,2.2185738289311097,
main_only,diet_name,REDUCED,True,Dummy_SpeciesMean,Orujo30,Tenebrio,main,Orujo30,orujo,30,1,44.05632136428663,44.867889596154924,,0.8115682318682929,
main_only,diet_name,REDUCED,True,Dummy_SpeciesMean,Orujo30,Tenebrio,main,Orujo30,orujo,30,2,47.979408918219136,44.867889596154924,,3.1115193220642112,
main_only,diet_name,REDUCED,True,Dummy_SpeciesMean,Orujo30,Tenebrio,main,Orujo30,orujo,30,3,47.50313823303477,44.867889596154924,,2.635248636879844,
main_only,diet_name,REDUCED,True,GP_Compuesto_NoARD,Orujo30,Hermetia,main,Orujo30,orujo,30,1,31.314123313447407,31.246838501472663,3.099721886886832,0.06728481197474423,True
main_only,diet_name,REDUCED,True,GP_Compuesto_NoARD,Orujo30,Hermetia,main,Orujo30,orujo,30,2,28.651274165528747,31.246838501472663,3.099721886886832,2.595564335943916,True
main_only,diet_name,REDUCED,True,GP_Compuesto_NoARD,Orujo30,Hermetia,main,Orujo30,orujo,30,3,31.00039680343508,31.246838501472663,3.099721886886832,0.2464416980375823,True
main_only,diet_name,REDUCED,True,GP_Compuesto_NoARD,Orujo30,Tenebrio,main,Orujo30,orujo,30,1,44.05632136428663,45.85793322488969,2.882849343926989,1.8016118606030602,True
main_only,diet_name,REDUCED,True,GP_Compuesto_NoARD,Orujo30,Tenebrio,main,Orujo30,orujo,30,2,47.979408918219136,45.85793322488969,2.882849343926989,2.121475693329444,True
main_only,diet_name,REDUCED,True,GP_Compuesto_NoARD,Orujo30,Tenebrio,main,Orujo30,orujo,30,3,47.50313823303477,45.85793322488969,2.882849343926989,1.6452050081450764,True
main_only,diet_name,REDUCED,True,Dummy_GlobalMean,Orujo50,Hermetia,main,Orujo50,orujo,50,1,32.02004533085088,36.703221350794465,,4.683176019943588,
main_only,diet_name,REDUCED,True,Dummy_GlobalMean,Orujo50,Hermetia,main,Orujo50,orujo,50,2,33.161725303735146,36.703221350794465,,3.5414960470593186,
main_only,diet_name,REDUCED,True,Dummy_GlobalMean,Orujo50,Hermetia,main,Orujo50,orujo,50,3,31.260408162746693,36.703221350794465,,5.442813188047772,
main_only,diet_name,REDUCED,True,Dummy_GlobalMean,Orujo50,Tenebrio,main,Orujo50,orujo,50,1,46.60615150745108,36.703221350794465,,9.902930156656616,
main_only,diet_name,REDUCED,True,Dummy_GlobalMean,Orujo50,Tenebrio,main,Orujo50,orujo,50,2,47.61168446896416,36.703221350794465,,10.908463118169692,
main_only,diet_name,REDUCED,True,Dummy_GlobalMean,Orujo50,Tenebrio,main,Orujo50,orujo,50,3,47.14274409630263,36.703221350794465,,10.439522745508164,
main_only,diet_name,REDUCED,True,Dummy_SpeciesMean,Orujo50,Hermetia,main,Orujo50,orujo,50,1,32.02004533085088,28.599276824006587,,3.42076850684429,
main_only,diet_name,REDUCED,True,Dummy_SpeciesMean,Orujo50,Hermetia,main,Orujo50,orujo,50,2,33.161725303735146,28.599276824006587,,4.562448479728559,
main_only,diet_name,REDUCED,True,Dummy_SpeciesMean,Orujo50,Hermetia,main,Orujo50,orujo,50,3,31.260408162746693,28.599276824006587,,2.6611313387401054,
main_only,diet_name,REDUCED,True,Dummy_SpeciesMean,Orujo50,Tenebrio,main,Orujo50,orujo,50,1,46.60615150745108,44.80716587758234,,1.7989856298687386,
main_only,diet_name,REDUCED,True,Dummy_SpeciesMean,Orujo50,Tenebrio,main,Orujo50,orujo,50,2,47.61168446896416,44.80716587758234,,2.8045185913818145,
main_only,diet_name,REDUCED,True,Dummy_SpeciesMean,Orujo50,Tenebrio,main,Orujo50,orujo,50,3,47.14274409630263,44.80716587758234,,2.3355782187202863,
main_only,diet_name,REDUCED,True,GP_Compuesto_NoARD,Orujo50,Hermetia,main,Orujo50,orujo,50,1,32.02004533085088,29.83916637922158,2.167705796344519,2.180878951629296,True
main_only,diet_name,REDUCED,True,GP_Compuesto_NoARD,Orujo50,Hermetia,main,Orujo50,orujo,50,2,33.161725303735146,29.83916637922158,2.167705796344519,3.322558924513565,True
main_only,diet_name,REDUCED,True,GP_Compuesto_NoARD,Orujo50,Hermetia,main,Orujo50,orujo,50,3,31.260408162746693,29.83916637922158,2.167705796344519,1.4212417835251117,True
main_only,diet_name,REDUCED,True,GP_Compuesto_NoARD,Orujo50,Tenebrio,main,Orujo50,orujo,50,1,46.60615150745108,43.52612839853729,2.0803785197958087,3.0800231089137924,True
main_only,diet_name,REDUCED,True,GP_Compuesto_NoARD,Orujo50,Tenebrio,main,Orujo50,orujo,50,2,47.61168446896416,43.52612839853729,2.0803785197958087,4.085556070426868,False
main_only,diet_name,REDUCED,True,GP_Compuesto_NoARD,Orujo50,Tenebrio,main,Orujo50,orujo,50,3,47.14274409630263,43.52612839853729,2.0803785197958087,3.61661569776534,True
main_only,diet_name,REDUCED,True,Dummy_GlobalMean,Orujo70,Hermetia,main,Orujo70,orujo,70,1,28.145262440510347,37.161294298917454,,9.016031858407107,
main_only,diet_name,REDUCED,True,Dummy_GlobalMean,Orujo70,Hermetia,main,Orujo70,orujo,70,2,27.19851217684783,37.161294298917454,,9.962782122069623,
main_only,diet_name,REDUCED,True,Dummy_GlobalMean,Orujo70,Hermetia,main,Orujo70,orujo,70,3,26.86141384370052,37.161294298917454,,10.299880455216933,
main_only,diet_name,REDUCED,True,Dummy_GlobalMean,Orujo70,Tenebrio,main,Orujo70,orujo,70,1,42.989125105205865,37.161294298917454,,5.827830806288411,
main_only,diet_name,REDUCED,True,Dummy_GlobalMean,Orujo70,Tenebrio,main,Orujo70,orujo,70,2,42.37318058656684,37.161294298917454,,5.211886287649385,
main_only,diet_name,REDUCED,True,Dummy_GlobalMean,Orujo70,Tenebrio,main,Orujo70,orujo,70,3,42.75088782983994,37.161294298917454,,5.589593530922485,
main_only,diet_name,REDUCED,True,Dummy_SpeciesMean,Orujo70,Hermetia,main,Orujo70,orujo,70,1,28.145262440510347,29.073843168549054,,0.9285807280387068,
main_only,diet_name,REDUCED,True,Dummy_SpeciesMean,Orujo70,Hermetia,main,Orujo70,orujo,70,2,27.19851217684783,29.073843168549054,,1.8753309917012224,
main_only,diet_name,REDUCED,True,Dummy_SpeciesMean,Orujo70,Hermetia,main,Orujo70,orujo,70,3,26.86141384370052,29.073843168549054,,2.2124293248485323,
main_only,diet_name,REDUCED,True,Dummy_SpeciesMean,Orujo70,Tenebrio,main,Orujo70,orujo,70,1,42.989125105205865,45.248745429285854,,2.2596203240799895,
main_only,diet_name,REDUCED,True,Dummy_SpeciesMean,Orujo70,Tenebrio,main,Orujo70,orujo,70,2,42.37318058656684,45.248745429285854,,2.8755648427190152,
main_only,diet_name,REDUCED,True,Dummy_SpeciesMean,Orujo70,Tenebrio,main,Orujo70,orujo,70,3,42.75088782983994,45.248745429285854,,2.497857599445915,
main_only,diet_name,REDUCED,True,GP_Compuesto_NoARD,Orujo70,Hermetia,main,Orujo70,orujo,70,1,28.145262440510347,29.307797042299967,2.330231041359687,1.1625346017896199,True
main_only,diet_name,REDUCED,True,GP_Compuesto_NoARD,Orujo70,Hermetia,main,Orujo70,orujo,70,2,27.19851217684783,29.307797042299967,2.330231041359687,2.1092848654521354,True
main_only,diet_name,REDUCED,True,GP_Compuesto_NoARD,Orujo70,Hermetia,main,Orujo70,orujo,70,3,26.86141384370052,29.307797042299967,2.330231041359687,2.4463831985994453,True
main_only,diet_name,REDUCED,True,GP_Compuesto_NoARD,Orujo70,Tenebrio,main,Orujo70,orujo,70,1,42.989125105205865,43.14367831337463,2.245250298439407,0.15455320816876394,True
main_only,diet_name,REDUCED,True,GP_Compuesto_NoARD,Orujo70,Tenebrio,main,Orujo70,orujo,70,2,42.37318058656684,43.143678313374636,2.245250298439407,0.7704977268077968,True
main_only,diet_name,REDUCED,True,GP_Compuesto_NoARD,Orujo70,Tenebrio,main,Orujo70,orujo,70,3,42.75088782983994,43.143678313374636,2.245250298439407,0.3927904835346965,True
main_only,diet_name,REDUCED,True,Dummy_GlobalMean,Orujo90,Hermetia,main,Orujo90,orujo,90,1,27.992592815001228,37.299012349410965,,9.306419534409738,
main_only,diet_name,REDUCED,True,Dummy_GlobalMean,Orujo90,Hermetia,main,Orujo90,orujo,90,2,23.674781663935857,37.299012349410965,,13.624230685475109,
main_only,diet_name,REDUCED,True,Dummy_GlobalMean,Orujo90,Hermetia,main,Orujo90,orujo,90,3,27.97325781900284,37.299012349410965,,9.325754530408126,
main_only,diet_name,REDUCED,True,Dummy_GlobalMean,Orujo90,Tenebrio,main,Orujo90,orujo,90,1,42.63455462687377,37.299012349410965,,5.335542277462807,
main_only,diet_name,REDUCED,True,Dummy_GlobalMean,Orujo90,Tenebrio,main,Orujo90,orujo,90,2,39.46090226095632,37.299012349410965,,2.1618899115453516,
main_only,diet_name,REDUCED,True,Dummy_GlobalMean,Orujo90,Tenebrio,main,Orujo90,orujo,90,3,40.31920976729068,37.299012349410965,,3.0201974178797144,
main_only,diet_name,REDUCED,True,Dummy_SpeciesMean,Orujo90,Hermetia,main,Orujo90,orujo,90,1,27.992592815001228,29.159328373986344,,1.166735558985117,
main_only,diet_name,REDUCED,True,Dummy_SpeciesMean,Orujo90,Hermetia,main,Orujo90,orujo,90,2,23.674781663935857,29.159328373986344,,5.484546710050488,
main_only,diet_name,REDUCED,True,Dummy_SpeciesMean,Orujo90,Hermetia,main,Orujo90,orujo,90,3,27.97325781900284,29.159328373986344,,1.1860705549835053,
main_only,diet_name,REDUCED,True,Dummy_SpeciesMean,Orujo90,Tenebrio,main,Orujo90,orujo,90,1,42.63455462687377,45.43869632483559,,2.8041416979618177,
main_only,diet_name,REDUCED,True,Dummy_SpeciesMean,Orujo90,Tenebrio,main,Orujo90,orujo,90,2,39.46090226095632,45.43869632483559,,5.977794063879273,
main_only,diet_name,REDUCED,True,Dummy_SpeciesMean,Orujo90,Tenebrio,main,Orujo90,orujo,90,3,40.31920976729068,45.43869632483559,,5.11948655754491,
main_only,diet_name,REDUCED,True,GP_Compuesto_NoARD,Orujo90,Hermetia,main,Orujo90,orujo,90,1,27.992592815001228,28.34420107737725,4.572746089078569,0.35160826237602194,True
main_only,diet_name,REDUCED,True,GP_Compuesto_NoARD,Orujo90,Hermetia,main,Orujo90,orujo,90,2,23.674781663935857,28.34420107737725,4.572746089078569,4.669419413441393,True
main_only,diet_name,REDUCED,True,GP_Compuesto_NoARD,Orujo90,Hermetia,main,Orujo90,orujo,90,3,27.97325781900284,28.34420107737725,4.572746089078569,0.37094325837441033,True
main_only,diet_name,REDUCED,True,GP_Compuesto_NoARD,Orujo90,Tenebrio,main,Orujo90,orujo,90,1,42.63455462687377,40.739997531127216,4.188854660558431,1.8945570957465563,True
main_only,diet_name,REDUCED,True,GP_Compuesto_NoARD,Orujo90,Tenebrio,main,Orujo90,orujo,90,2,39.46090226095632,40.739997531127216,4.188854660558431,1.2790952701708989,True
main_only,diet_name,REDUCED,True,GP_Compuesto_NoARD,Orujo90,Tenebrio,main,Orujo90,orujo,90,3,40.31920976729068,40.739997531127216,4.188854660558431,0.42078776383653604,True
main_only,diet_name,REDUCED,True,Dummy_GlobalMean,Quinoa15,Hermetia,main,Quinoa15,quinoa,15,1,32.25326659440655,36.71098322655898,,4.457716632152433,
main_only,diet_name,REDUCED,True,Dummy_GlobalMean,Quinoa15,Hermetia,main,Quinoa15,quinoa,15,2,30.29567215292689,36.71098322655898,,6.41531107363209,
main_only,diet_name,REDUCED,True,Dummy_GlobalMean,Quinoa15,Hermetia,main,Quinoa15,quinoa,15,3,29.75211069561501,36.71098322655898,,6.958872530943971,
main_only,diet_name,REDUCED,True,Dummy_GlobalMean,Quinoa15,Tenebrio,main,Quinoa15,quinoa,15,1,46.2406551012102,36.71098322655898,,9.529671874651221,
main_only,diet_name,REDUCED,True,Dummy_GlobalMean,Quinoa15,Tenebrio,main,Quinoa15,quinoa,15,2,49.74165607410812,36.71098322655898,,13.030672847549141,
main_only,diet_name,REDUCED,True,Dummy_GlobalMean,Quinoa15,Tenebrio,main,Quinoa15,quinoa,15,3,49.0536857059127,36.71098322655898,,12.342702479353719,
main_only,diet_name,REDUCED,True,Dummy_SpeciesMean,Quinoa15,Hermetia,main,Quinoa15,quinoa,15,1,32.25326659440655,28.73731446915273,,3.5159521252538184,
main_only,diet_name,REDUCED,True,Dummy_SpeciesMean,Quinoa15,Hermetia,main,Quinoa15,quinoa,15,2,30.29567215292689,28.73731446915273,,1.5583576837741617,
main_only,diet_name,REDUCED,True,Dummy_SpeciesMean,Quinoa15,Hermetia,main,Quinoa15,quinoa,15,3,29.75211069561501,28.73731446915273,,1.0147962264622805,
main_only,diet_name,REDUCED,True,Dummy_SpeciesMean,Quinoa15,Tenebrio,main,Quinoa15,quinoa,15,1,46.2406551012102,44.684651983965246,,1.5560031172449555,
main_only,diet_name,REDUCED,True,Dummy_SpeciesMean,Quinoa15,Tenebrio,main,Quinoa15,quinoa,15,2,49.74165607410812,44.684651983965246,,5.057004090142875,
main_only,diet_name,REDUCED,True,Dummy_SpeciesMean,Quinoa15,Tenebrio,main,Quinoa15,quinoa,15,3,49.0536857059127,44.684651983965246,,4.369033721947453,
main_only,diet_name,REDUCED,True,GP_Compuesto_NoARD,Quinoa15,Hermetia,main,Quinoa15,quinoa,15,1,32.25326659440655,31.284143160662524,2.8217696403028443,0.9691234337440235,True
main_only,diet_name,REDUCED,True,GP_Compuesto_NoARD,Quinoa15,Hermetia,main,Quinoa15,quinoa,15,2,30.29567215292689,31.284143160662524,2.8217696403028443,0.9884710077356331,True
main_only,diet_name,REDUCED,True,GP_Compuesto_NoARD,Quinoa15,Hermetia,main,Quinoa15,quinoa,15,3,29.75211069561501,31.284143160662524,2.8217696403028443,1.5320324650475143,True
main_only,diet_name,REDUCED,True,GP_Compuesto_NoARD,Quinoa15,Tenebrio,main,Quinoa15,quinoa,15,1,46.2406551012102,46.060824267815256,2.769163300862386,0.179830833394945,True
main_only,diet_name,REDUCED,True,GP_Compuesto_NoARD,Quinoa15,Tenebrio,main,Quinoa15,quinoa,15,2,49.74165607410812,46.060824267815256,2.769163300862386,3.680831806292865,True
main_only,diet_name,REDUCED,True,GP_Compuesto_NoARD,Quinoa15,Tenebrio,main,Quinoa15,quinoa,15,3,49.0536857059127,46.060824267815256,2.769163300862386,2.9928614380974423,True
main_only,diet_name,REDUCED,True,Dummy_GlobalMean,Quinoa30,Hermetia,main,Quinoa30,quinoa,30,1,30.76039775705413,36.83866531941135,,6.078267562357219,
main_only,diet_name,REDUCED,True,Dummy_GlobalMean,Quinoa30,Hermetia,main,Quinoa30,quinoa,30,2,29.22593647982689,36.83866531941135,,7.6127288395844595,
main_only,diet_name,REDUCED,True,Dummy_GlobalMean,Quinoa30,Hermetia,main,Quinoa30,quinoa,30,3,29.965998391774416,36.83866531941135,,6.872666927636931,
main_only,diet_name,REDUCED,True,Dummy_GlobalMean,Quinoa30,Tenebrio,main,Quinoa30,quinoa,30,1,47.1681642185215,36.83866531941135,,10.329498899110149,
main_only,diet_name,REDUCED,True,Dummy_GlobalMean,Quinoa30,Tenebrio,main,Quinoa30,quinoa,30,2,45.28074275235599,36.83866531941135,,8.442077432944643,
main_only,diet_name,REDUCED,True,Dummy_GlobalMean,Quinoa30,Tenebrio,main,Quinoa30,quinoa,30,3,47.27488115350477,36.83866531941135,,10.436215834093424,
main_only,diet_name,REDUCED,True,Dummy_SpeciesMean,Quinoa30,Hermetia,main,Quinoa30,quinoa,30,1,30.76039775705413,28.815605029629165,,1.9447927274249643,
main_only,diet_name,REDUCED,True,Dummy_SpeciesMean,Quinoa30,Hermetia,main,Quinoa30,quinoa,30,2,29.22593647982689,28.815605029629165,,0.41033145019772377,
main_only,diet_name,REDUCED,True,Dummy_SpeciesMean,Quinoa30,Hermetia,main,Quinoa30,quinoa,30,3,29.965998391774416,28.815605029629165,,1.1503933621452518,
main_only,diet_name,REDUCED,True,Dummy_SpeciesMean,Quinoa30,Tenebrio,main,Quinoa30,quinoa,30,1,47.1681642185215,44.861725609193535,,2.3064386093279623,
main_only,diet_name,REDUCED,True,Dummy_SpeciesMean,Quinoa30,Tenebrio,main,Quinoa30,quinoa,30,2,45.28074275235599,44.861725609193535,,0.4190171431624563,
main_only,diet_name,REDUCED,True,Dummy_SpeciesMean,Quinoa30,Tenebrio,main,Quinoa30,quinoa,30,3,47.27488115350477,44.861725609193535,,2.4131555443112376,
main_only,diet_name,REDUCED,True,GP_Compuesto_NoARD,Quinoa30,Hermetia,main,Quinoa30,quinoa,30,1,30.76039775705413,31.616392070279304,2.3235261540316614,0.8559943132251746,True
main_only,diet_name,REDUCED,True,GP_Compuesto_NoARD,Quinoa30,Hermetia,main,Quinoa30,quinoa,30,2,29.22593647982689,31.616392070279304,2.3235261540316614,2.390455590452415,True
main_only,diet_name,REDUCED,True,GP_Compuesto_NoARD,Quinoa30,Hermetia,main,Quinoa30,quinoa,30,3,29.965998391774416,31.616392070279304,2.3235261540316614,1.6503936785048872,True
main_only,diet_name,REDUCED,True,GP_Compuesto_NoARD,Quinoa30,Tenebrio,main,Quinoa30,quinoa,30,1,47.1681642185215,46.50589143855004,2.37239027740414,0.6622727799714596,True
main_only,diet_name,REDUCED,True,GP_Compuesto_NoARD,Quinoa30,Tenebrio,main,Quinoa30,quinoa,30,2,45.28074275235599,46.50589143855004,2.37239027740414,1.2251486861940464,True
main_only,diet_name,REDUCED,True,GP_Compuesto_NoARD,Quinoa30,Tenebrio,main,Quinoa30,quinoa,30,3,47.27488115350477,46.50589143855004,2.37239027740414,0.7689897149547349,True
main_only,diet_name,REDUCED,True,Dummy_GlobalMean,Quinoa50,Hermetia,main,Quinoa50,quinoa,50,1,30.811944171324868,36.83914665435494,,6.027202483030074,
main_only,diet_name,REDUCED,True,Dummy_GlobalMean,Quinoa50,Hermetia,main,Quinoa50,quinoa,50,2,28.23608632105669,36.83914665435494,,8.603060333298252,
main_only,diet_name,REDUCED,True,Dummy_GlobalMean,Quinoa50,Hermetia,main,Quinoa50,quinoa,50,3,30.441941426236617,36.83914665435494,,6.397205228118324,
main_only,diet_name,REDUCED,True,Dummy_GlobalMean,Quinoa50,Tenebrio,main,Quinoa50,quinoa,50,1,46.3907897545748,36.83914665435494,,9.551643100219856,
main_only,diet_name,REDUCED,True,Dummy_GlobalMean,Quinoa50,Tenebrio,main,Quinoa50,quinoa,50,2,46.509235603005465,36.83914665435494,,9.670088948650523,
main_only,diet_name,REDUCED,True,Dummy_GlobalMean,Quinoa50,Tenebrio,main,Quinoa50,quinoa,50,3,47.25724338022376,36.83914665435494,,10.418096725868821,
main_only,diet_name,REDUCED,True,Dummy_SpeciesMean,Quinoa50,Hermetia,main,Quinoa50,quinoa,50,1,30.811944171324868,28.83101705329707,,1.9809271180277968,
main_only,diet_name,REDUCED,True,Dummy_SpeciesMean,Quinoa50,Hermetia,main,Quinoa50,quinoa,50,2,28.23608632105669,28.83101705329707,,0.5949307322403818,
main_only,diet_name,REDUCED,True,Dummy_SpeciesMean,Quinoa50,Hermetia,main,Quinoa50,quinoa,50,3,30.441941426236617,28.83101705329707,,1.6109243729395466,
main_only,diet_name,REDUCED,True,Dummy_SpeciesMean,Quinoa50,Tenebrio,main,Quinoa50,quinoa,50,1,46.3907897545748,44.84727625541281,,1.543513499161989,
main_only,diet_name,REDUCED,True,Dummy_SpeciesMean,Quinoa50,Tenebrio,main,Quinoa50,quinoa,50,2,46.509235603005465,44.84727625541281,,1.6619593475926564,
main_only,diet_name,REDUCED,True,Dummy_SpeciesMean,Quinoa50,Tenebrio,main,Quinoa50,quinoa,50,3,47.25724338022376,44.84727625541281,,2.4099671248109544,
main_only,diet_name,REDUCED,True,GP_Compuesto_NoARD,Quinoa50,Hermetia,main,Quinoa50,quinoa,50,1,30.811944171324868,30.78228289002979,3.0159806705449825,0.029661281295076947,True
main_only,diet_name,REDUCED,True,GP_Compuesto_NoARD,Quinoa50,Hermetia,main,Quinoa50,quinoa,50,2,28.23608632105669,30.78228289002979,3.0159806705449825,2.5461965689731016,True
main_only,diet_name,REDUCED,True,GP_Compuesto_NoARD,Quinoa50,Hermetia,main,Quinoa50,quinoa,50,3,30.441941426236617,30.78228289002979,3.0159806705449825,0.3403414637931732,True
main_only,diet_name,REDUCED,True,GP_Compuesto_NoARD,Quinoa50,Tenebrio,main,Quinoa50,quinoa,50,1,46.3907897545748,46.1280490444973,3.4245643087155804,0.26274071007749455,True
main_only,diet_name,REDUCED,True,GP_Compuesto_NoARD,Quinoa50,Tenebrio,main,Quinoa50,quinoa,50,2,46.509235603005465,46.1280490444973,3.4245643087155804,0.38118655850816197,True
main_only,diet_name,REDUCED,True,GP_Compuesto_NoARD,Quinoa50,Tenebrio,main,Quinoa50,quinoa,50,3,47.25724338022376,46.1280490444973,3.4245643087155804,1.12919433572646,True
main_only,diet_name,FULL,False,Dummy_GlobalMean,Control,Hermetia,main,Control,control,0,1,32.29822786111878,36.90554948392267,,4.607321622803887,
main_only,diet_name,FULL,False,Dummy_GlobalMean,Control,Hermetia,main,Control,control,0,2,31.9882734211747,36.90554948392267,,4.91727606274797,
main_only,diet_name,FULL,False,Dummy_GlobalMean,Control,Hermetia,main,Control,control,0,3,31.52201662343253,36.90554948392267,,5.3835328604901385,
main_only,diet_name,FULL,False,Dummy_GlobalMean,Control,Tenebrio,main,Control,control,0,1,42.724277530166994,36.90554948392267,,5.818728046244324,
main_only,diet_name,FULL,False,Dummy_GlobalMean,Control,Tenebrio,main,Control,control,0,2,43.79839302328586,36.90554948392267,,6.8928435393631915,
main_only,diet_name,FULL,False,Dummy_GlobalMean,Control,Tenebrio,main,Control,control,0,3,43.331882423179295,36.90554948392267,,6.426332939256625,
main_only,diet_name,FULL,False,Dummy_SpeciesMean,Control,Hermetia,main,Control,control,0,1,32.29822786111878,28.620398853726808,,3.677829007391974,
main_only,diet_name,FULL,False,Dummy_SpeciesMean,Control,Hermetia,main,Control,control,0,2,31.9882734211747,28.620398853726808,,3.367874567447892,
main_only,diet_name,FULL,False,Dummy_SpeciesMean,Control,Hermetia,main,Control,control,0,3,31.52201662343253,28.620398853726808,,2.901617769705723,
main_only,diet_name,FULL,False,Dummy_SpeciesMean,Control,Tenebrio,main,Control,control,0,1,42.724277530166994,45.190700114118535,,2.466422583951541,
main_only,diet_name,FULL,False,Dummy_SpeciesMean,Control,Tenebrio,main,Control,control,0,2,43.79839302328586,45.190700114118535,,1.3923070908326736,
main_only,diet_name,FULL,False,Dummy_SpeciesMean,Control,Tenebrio,main,Control,control,0,3,43.331882423179295,45.190700114118535,,1.8588176909392402,
main_only,diet_name,FULL,False,GP_Compuesto_NoARD,Control,Hermetia,main,Control,control,0,1,32.29822786111878,27.41146340754105,5.397848473361959,4.886764453577733,True
main_only,diet_name,FULL,False,GP_Compuesto_NoARD,Control,Hermetia,main,Control,control,0,2,31.9882734211747,27.41146340754105,5.397848473361959,4.576810013633651,True
main_only,diet_name,FULL,False,GP_Compuesto_NoARD,Control,Hermetia,main,Control,control,0,3,31.52201662343253,27.41146340754105,5.397848473361959,4.110553215891482,True
main_only,diet_name,FULL,False,GP_Compuesto_NoARD,Control,Tenebrio,main,Control,control,0,1,42.724277530166994,50.346477342078146,5.368686875978162,7.622199811911152,True
main_only,diet_name,FULL,False,GP_Compuesto_NoARD,Control,Tenebrio,main,Control,control,0,2,43.79839302328586,50.346477342078146,5.368686875978162,6.548084318792284,True
main_only,diet_name,FULL,False,GP_Compuesto_NoARD,Control,Tenebrio,main,Control,control,0,3,43.331882423179295,50.346477342078146,5.368686875978162,7.014594918898851,True
main_only,diet_name,FULL,False,Dummy_GlobalMean,Hoja15,Hermetia,main,Hoja15,hoja,15,1,32.439876828877715,36.80966417599498,,4.369787347117267,
main_only,diet_name,FULL,False,Dummy_GlobalMean,Hoja15,Hermetia,main,Hoja15,hoja,15,2,31.861332823005377,36.80966417599498,,4.948331352989605,
main_only,diet_name,FULL,False,Dummy_GlobalMean,Hoja15,Hermetia,main,Hoja15,hoja,15,3,29.950143361921626,36.80966417599498,,6.859520814073356,
main_only,diet_name,FULL,False,Dummy_GlobalMean,Hoja15,Tenebrio,main,Hoja15,hoja,15,1,44.59966850546592,36.80966417599498,,7.790004329470939,
main_only,diet_name,FULL,False,Dummy_GlobalMean,Hoja15,Tenebrio,main,Hoja15,hoja,15,2,48.58207253144869,36.80966417599498,,11.772408355453706,
main_only,diet_name,FULL,False,Dummy_GlobalMean,Hoja15,Tenebrio,main,Hoja15,hoja,15,3,43.98309530729985,36.80966417599498,,7.173431131304866,
main_only,diet_name,FULL,False,Dummy_SpeciesMean,Hoja15,Hermetia,main,Hoja15,hoja,15,1,32.439876828877715,28.672304350124186,,3.7675724787535287,
main_only,diet_name,FULL,False,Dummy_SpeciesMean,Hoja15,Hermetia,main,Hoja15,hoja,15,2,31.861332823005377,28.672304350124186,,3.1890284728811906,
main_only,diet_name,FULL,False,Dummy_SpeciesMean,Hoja15,Hermetia,main,Hoja15,hoja,15,3,29.950143361921626,28.672304350124186,,1.2778390117974396,
main_only,diet_name,FULL,False,Dummy_SpeciesMean,Hoja15,Tenebrio,main,Hoja15,hoja,15,1,44.59966850546592,44.94702400186579,,0.34735549639987084,
main_only,diet_name,FULL,False,Dummy_SpeciesMean,Hoja15,Tenebrio,main,Hoja15,hoja,15,2,48.58207253144869,44.94702400186579,,3.635048529582896,
main_only,diet_name,FULL,False,Dummy_SpeciesMean,Hoja15,Tenebrio,main,Hoja15,hoja,15,3,43.98309530729985,44.94702400186579,,0.9639286945659435,
main_only,diet_name,FULL,False,GP_Compuesto_NoARD,Hoja15,Hermetia,main,Hoja15,hoja,15,1,32.439876828877715,25.421147430314555,3.759863494666917,7.01872939856316,True
main_only,diet_name,FULL,False,GP_Compuesto_NoARD,Hoja15,Hermetia,main,Hoja15,hoja,15,2,31.861332823005377,25.421147430314555,3.759863494666917,6.440185392690822,True
main_only,diet_name,FULL,False,GP_Compuesto_NoARD,Hoja15,Hermetia,main,Hoja15,hoja,15,3,29.950143361921626,25.421147430314555,3.759863494666917,4.528995931607071,True
main_only,diet_name,FULL,False,GP_Compuesto_NoARD,Hoja15,Tenebrio,main,Hoja15,hoja,15,1,44.59966850546592,43.50662453035053,3.3882402256441293,1.0930439751153926,True
main_only,diet_name,FULL,False,GP_Compuesto_NoARD,Hoja15,Tenebrio,main,Hoja15,hoja,15,2,48.58207253144869,43.50662453035053,3.3882402256441293,5.0754480010981595,True
main_only,diet_name,FULL,False,GP_Compuesto_NoARD,Hoja15,Tenebrio,main,Hoja15,hoja,15,3,43.98309530729985,43.50662453035053,3.3882402256441293,0.47647077694931994,True
main_only,diet_name,FULL,False,Dummy_GlobalMean,Hoja30,Hermetia,main,Hoja30,hoja,30,1,24.518904936914268,37.2557085381649,,12.736803601250635,
main_only,diet_name,FULL,False,Dummy_GlobalMean,Hoja30,Hermetia,main,Hoja30,hoja,30,2,23.472591934148408,37.2557085381649,,13.783116604016495,
main_only,diet_name,FULL,False,Dummy_GlobalMean,Hoja30,Hermetia,main,Hoja30,hoja,30,3,25.260478611312173,37.2557085381649,,11.99522992685273,
main_only,diet_name,FULL,False,Dummy_GlobalMean,Hoja30,Tenebrio,main,Hoja30,hoja,30,1,43.64443148041813,37.2557085381649,,6.388722942253224,
main_only,diet_name,FULL,False,Dummy_GlobalMean,Hoja30,Tenebrio,main,Hoja30,hoja,30,2,45.32322480412907,37.2557085381649,,8.067516265964166,
main_only,diet_name,FULL,False,Dummy_GlobalMean,Hoja30,Tenebrio,main,Hoja30,hoja,30,3,42.43389586090185,37.2557085381649,,5.178187322736946,
main_only,diet_name,FULL,False,Dummy_SpeciesMean,Hoja30,Hermetia,main,Hoja30,hoja,30,1,24.518904936914268,29.372283601171848,,4.85337866425758,
main_only,diet_name,FULL,False,Dummy_SpeciesMean,Hoja30,Hermetia,main,Hoja30,hoja,30,2,23.472591934148408,29.372283601171848,,5.89969166702344,
main_only,diet_name,FULL,False,Dummy_SpeciesMean,Hoja30,Hermetia,main,Hoja30,hoja,30,3,25.260478611312173,29.372283601171848,,4.1118049898596745,
main_only,diet_name,FULL,False,Dummy_SpeciesMean,Hoja30,Tenebrio,main,Hoja30,hoja,30,1,43.64443148041813,45.139133475157976,,1.4947019947398488,
main_only,diet_name,FULL,False,Dummy_SpeciesMean,Hoja30,Tenebrio,main,Hoja30,hoja,30,2,45.32322480412907,45.139133475157976,,0.1840913289710926,
main_only,diet_name,FULL,False,Dummy_SpeciesMean,Hoja30,Tenebrio,main,Hoja30,hoja,30,3,42.43389586090185,45.139133475157976,,2.705237614256127,
main_only,diet_name,FULL,False,GP_Compuesto_NoARD,Hoja30,Hermetia,main,Hoja30,hoja,30,1,24.518904936914268,29.485205640937778,2.3510196503543552,4.96630070402351,False
main_only,diet_name,FULL,False,GP_Compuesto_NoARD,Hoja30,Hermetia,main,Hoja30,hoja,30,2,23.472591934148408,29.485205640937778,2.3510196503543552,6.01261370678937,False
main_only,diet_name,FULL,False,GP_Compuesto_NoARD,Hoja30,Hermetia,main,Hoja30,hoja,30,3,25.260478611312173,29.485205640937778,2.3510196503543552,4.224727029625605,True
main_only,diet_name,FULL,False,GP_Compuesto_NoARD,Hoja30,Tenebrio,main,Hoja30,hoja,30,1,43.64443148041813,44.17969642351213,2.3962892695762745,0.5352649430939991,True
main_only,diet_name,FULL,False,GP_Compuesto_NoARD,Hoja30,Tenebrio,main,Hoja30,hoja,30,2,45.32322480412907,44.17969642351213,2.3962892695762745,1.1435283806169423,True
main_only,diet_name,FULL,False,GP_Compuesto_NoARD,Hoja30,Tenebrio,main,Hoja30,hoja,30,3,42.43389586090185,44.17969642351213,2.3962892695762745,1.7458005626102775,True
main_only,diet_name,FULL,False,Dummy_GlobalMean,Hoja50,Hermetia,main,Hoja50,hoja,50,1,22.677020960046544,37.31790497009292,,14.640884010046374,
main_only,diet_name,FULL,False,Dummy_GlobalMean,Hoja50,Hermetia,main,Hoja50,hoja,50,2,23.384593109734844,37.31790497009292,,13.933311860358074,
main_only,diet_name,FULL,False,Dummy_GlobalMean,Hoja50,Hermetia,main,Hoja50,hoja,50,3,24.04987521687871,37.31790497009292,,13.268029753214208,
main_only,diet_name,FULL,False,Dummy_GlobalMean,Hoja50,Tenebrio,main,Hoja50,hoja,50,1,43.13594119232716,37.31790497009292,,5.818036222234241,
main_only,diet_name,FULL,False,Dummy_GlobalMean,Hoja50,Tenebrio,main,Hoja50,hoja,50,2,44.6843260049324,37.31790497009292,,7.366421034839483,
main_only,diet_name,FULL,False,Dummy_GlobalMean,Hoja50,Tenebrio,main,Hoja50,hoja,50,3,42.989985228223965,37.31790497009292,,5.6720802581310465,
main_only,diet_name,FULL,False,Dummy_SpeciesMean,Hoja50,Hermetia,main,Hoja50,hoja,50,1,22.677020960046544,29.47696647436234,,6.7999455143157945,
main_only,diet_name,FULL,False,Dummy_SpeciesMean,Hoja50,Hermetia,main,Hoja50,hoja,50,2,23.384593109734844,29.47696647436234,,6.092373364627495,
main_only,diet_name,FULL,False,Dummy_SpeciesMean,Hoja50,Hermetia,main,Hoja50,hoja,50,3,24.04987521687871,29.47696647436234,,5.427091257483628,
main_only,diet_name,FULL,False,Dummy_SpeciesMean,Hoja50,Tenebrio,main,Hoja50,hoja,50,1,43.13594119232716,45.15884346582349,,2.022902273496328,
main_only,diet_name,FULL,False,Dummy_SpeciesMean,Hoja50,Tenebrio,main,Hoja50,hoja,50,2,44.6843260049324,45.15884346582349,,0.4745174608910858,
main_only,diet_name,FULL,False,Dummy_SpeciesMean,Hoja50,Tenebrio,main,Hoja50,hoja,50,3,42.989985228223965,45.15884346582349,,2.1688582375995225,
main_only,diet_name,FULL,False,GP_Compuesto_NoARD,Hoja50,Hermetia,main,Hoja50,hoja,50,1,22.677020960046544,28.312397777744728,4.89871884846679,5.635376817698184,True
main_only,diet_name,FULL,False,GP_Compuesto_NoARD,Hoja50,Hermetia,main,Hoja50,hoja,50,2,23.384593109734844,28.312397777744728,4.89871884846679,4.927804668009884,True
main_only,diet_name,FULL,False,GP_Compuesto_NoARD,Hoja50,Hermetia,main,Hoja50,hoja,50,3,24.04987521687871,28.312397777744728,4.89871884846679,4.262522560866017,True
main_only,diet_name,FULL,False,GP_Compuesto_NoARD,Hoja50,Tenebrio,main,Hoja50,hoja,50,1,43.13594119232716,40.18727257095237,4.77796042879472,2.948668621374786,True
main_only,diet_name,FULL,False,GP_Compuesto_NoARD,Hoja50,Tenebrio,main,Hoja50,hoja,50,2,44.6843260049324,40.18727257095237,4.77796042879472,4.497053433980028,True
main_only,diet_name,FULL,False,GP_Compuesto_NoARD,Hoja50,Tenebrio,main,Hoja50,hoja,50,3,42.989985228223965,40.18727257095237,4.77796042879472,2.8027126572715915,True
main_only,diet_name,FULL,False,Dummy_GlobalMean,Orujo30,Hermetia,main,Orujo30,orujo,30,1,31.314123313447407,36.824856285329446,,5.510732971882039,
main_only,diet_name,FULL,False,Dummy_GlobalMean,Orujo30,Hermetia,main,Orujo30,orujo,30,2,28.651274165528747,36.824856285329446,,8.173582119800699,
main_only,diet_name,FULL,False,Dummy_GlobalMean,Orujo30,Hermetia,main,Orujo30,orujo,30,3,31.00039680343508,36.824856285329446,,5.824459481894365,
main_only,diet_name,FULL,False,Dummy_GlobalMean,Orujo30,Tenebrio,main,Orujo30,orujo,30,1,44.05632136428663,36.824856285329446,,7.231465078957186,
main_only,diet_name,FULL,False,Dummy_GlobalMean,Orujo30,Tenebrio,main,Orujo30,orujo,30,2,47.979408918219136,36.824856285329446,,11.15455263288969,
main_only,diet_name,FULL,False,Dummy_GlobalMean,Orujo30,Tenebrio,main,Orujo30,orujo,30,3,47.50313823303477,36.824856285329446,,10.678281947705322,
main_only,diet_name,FULL,False,Dummy_SpeciesMean,Orujo30,Hermetia,main,Orujo30,orujo,30,1,31.314123313447407,28.78182297450397,,2.532300338943436,
main_only,diet_name,FULL,False,Dummy_SpeciesMean,Orujo30,Hermetia,main,Orujo30,orujo,30,2,28.651274165528747,28.78182297450397,,0.1305488089752238,
main_only,diet_name,FULL,False,Dummy_SpeciesMean,Orujo30,Hermetia,main,Orujo30,orujo,30,3,31.00039680343508,28.78182297450397,,2.2185738289311097,
main_only,diet_name,FULL,False,Dummy_SpeciesMean,Orujo30,Tenebrio,main,Orujo30,orujo,30,1,44.05632136428663,44.867889596154924,,0.8115682318682929,
main_only,diet_name,FULL,False,Dummy_SpeciesMean,Orujo30,Tenebrio,main,Orujo30,orujo,30,2,47.979408918219136,44.867889596154924,,3.1115193220642112,
main_only,diet_name,FULL,False,Dummy_SpeciesMean,Orujo30,Tenebrio,main,Orujo30,orujo,30,3,47.50313823303477,44.867889596154924,,2.635248636879844,
main_only,diet_name,FULL,False,GP_Compuesto_NoARD,Orujo30,Hermetia,main,Orujo30,orujo,30,1,31.314123313447407,31.80660752610585,3.319837922805174,0.492484212658443,True
main_only,diet_name,FULL,False,GP_Compuesto_NoARD,Orujo30,Hermetia,main,Orujo30,orujo,30,2,28.651274165528747,31.80660752610585,3.319837922805174,3.155333360577103,True
main_only,diet_name,FULL,False,GP_Compuesto_NoARD,Orujo30,Hermetia,main,Orujo30,orujo,30,3,31.00039680343508,31.80660752610585,3.319837922805174,0.8062107226707695,True
main_only,diet_name,FULL,False,GP_Compuesto_NoARD,Orujo30,Tenebrio,main,Orujo30,orujo,30,1,44.05632136428663,45.61233040588917,2.9639788286695627,1.556009041602536,True
main_only,diet_name,FULL,False,GP_Compuesto_NoARD,Orujo30,Tenebrio,main,Orujo30,orujo,30,2,47.979408918219136,45.61233040588916,2.9639788286695627,2.367078512329975,True
main_only,diet_name,FULL,False,GP_Compuesto_NoARD,Orujo30,Tenebrio,main,Orujo30,orujo,30,3,47.50313823303477,45.61233040588916,2.9639788286695627,1.8908078271456077,True
main_only,diet_name,FULL,False,Dummy_GlobalMean,Orujo50,Hermetia,main,Orujo50,orujo,50,1,32.02004533085088,36.703221350794465,,4.683176019943588,
main_only,diet_name,FULL,False,Dummy_GlobalMean,Orujo50,Hermetia,main,Orujo50,orujo,50,2,33.161725303735146,36.703221350794465,,3.5414960470593186,
main_only,diet_name,FULL,False,Dummy_GlobalMean,Orujo50,Hermetia,main,Orujo50,orujo,50,3,31.260408162746693,36.703221350794465,,5.442813188047772,
main_only,diet_name,FULL,False,Dummy_GlobalMean,Orujo50,Tenebrio,main,Orujo50,orujo,50,1,46.60615150745108,36.703221350794465,,9.902930156656616,
main_only,diet_name,FULL,False,Dummy_GlobalMean,Orujo50,Tenebrio,main,Orujo50,orujo,50,2,47.61168446896416,36.703221350794465,,10.908463118169692,
main_only,diet_name,FULL,False,Dummy_GlobalMean,Orujo50,Tenebrio,main,Orujo50,orujo,50,3,47.14274409630263,36.703221350794465,,10.439522745508164,
main_only,diet_name,FULL,False,Dummy_SpeciesMean,Orujo50,Hermetia,main,Orujo50,orujo,50,1,32.02004533085088,28.599276824006587,,3.42076850684429,
main_only,diet_name,FULL,False,Dummy_SpeciesMean,Orujo50,Hermetia,main,Orujo50,orujo,50,2,33.161725303735146,28.599276824006587,,4.562448479728559,
main_only,diet_name,FULL,False,Dummy_SpeciesMean,Orujo50,Hermetia,main,Orujo50,orujo,50,3,31.260408162746693,28.599276824006587,,2.6611313387401054,
main_only,diet_name,FULL,False,Dummy_SpeciesMean,Orujo50,Tenebrio,main,Orujo50,orujo,50,1,46.60615150745108,44.80716587758234,,1.7989856298687386,
main_only,diet_name,FULL,False,Dummy_SpeciesMean,Orujo50,Tenebrio,main,Orujo50,orujo,50,2,47.61168446896416,44.80716587758234,,2.8045185913818145,
main_only,diet_name,FULL,False,Dummy_SpeciesMean,Orujo50,Tenebrio,main,Orujo50,orujo,50,3,47.14274409630263,44.80716587758234,,2.3355782187202863,
main_only,diet_name,FULL,False,GP_Compuesto_NoARD,Orujo50,Hermetia,main,Orujo50,orujo,50,1,32.02004533085088,32.2799869213595,2.231026349037106,0.25994159050862464,True
main_only,diet_name,FULL,False,GP_Compuesto_NoARD,Orujo50,Hermetia,main,Orujo50,orujo,50,2,33.161725303735146,32.2799869213595,2.231026349037106,0.8817383823756444,True
main_only,diet_name,FULL,False,GP_Compuesto_NoARD,Orujo50,Hermetia,main,Orujo50,orujo,50,3,31.260408162746693,32.2799869213595,2.231026349037106,1.019578758612809,True
main_only,diet_name,FULL,False,GP_Compuesto_NoARD,Orujo50,Tenebrio,main,Orujo50,orujo,50,1,46.60615150745108,39.7755418195953,2.143696959846444,6.830609687855784,False
main_only,diet_name,FULL,False,GP_Compuesto_NoARD,Orujo50,Tenebrio,main,Orujo50,orujo,50,2,47.61168446896416,39.7755418195953,2.143696959846444,7.83614264936886,False
main_only,diet_name,FULL,False,GP_Compuesto_NoARD,Orujo50,Tenebrio,main,Orujo50,orujo,50,3,47.14274409630263,39.7755418195953,2.143696959846444,7.3672022767073315,False
main_only,diet_name,FULL,False,Dummy_GlobalMean,Orujo70,Hermetia,main,Orujo70,orujo,70,1,28.145262440510347,37.161294298917454,,9.016031858407107,
main_only,diet_name,FULL,False,Dummy_GlobalMean,Orujo70,Hermetia,main,Orujo70,orujo,70,2,27.19851217684783,37.161294298917454,,9.962782122069623,
main_only,diet_name,FULL,False,Dummy_GlobalMean,Orujo70,Hermetia,main,Orujo70,orujo,70,3,26.86141384370052,37.161294298917454,,10.299880455216933,
main_only,diet_name,FULL,False,Dummy_GlobalMean,Orujo70,Tenebrio,main,Orujo70,orujo,70,1,42.989125105205865,37.161294298917454,,5.827830806288411,
main_only,diet_name,FULL,False,Dummy_GlobalMean,Orujo70,Tenebrio,main,Orujo70,orujo,70,2,42.37318058656684,37.161294298917454,,5.211886287649385,
main_only,diet_name,FULL,False,Dummy_GlobalMean,Orujo70,Tenebrio,main,Orujo70,orujo,70,3,42.75088782983994,37.161294298917454,,5.589593530922485,
main_only,diet_name,FULL,False,Dummy_SpeciesMean,Orujo70,Hermetia,main,Orujo70,orujo,70,1,28.145262440510347,29.073843168549054,,0.9285807280387068,
main_only,diet_name,FULL,False,Dummy_SpeciesMean,Orujo70,Hermetia,main,Orujo70,orujo,70,2,27.19851217684783,29.073843168549054,,1.8753309917012224,
main_only,diet_name,FULL,False,Dummy_SpeciesMean,Orujo70,Hermetia,main,Orujo70,orujo,70,3,26.86141384370052,29.073843168549054,,2.2124293248485323,
main_only,diet_name,FULL,False,Dummy_SpeciesMean,Orujo70,Tenebrio,main,Orujo70,orujo,70,1,42.989125105205865,45.248745429285854,,2.2596203240799895,
main_only,diet_name,FULL,False,Dummy_SpeciesMean,Orujo70,Tenebrio,main,Orujo70,orujo,70,2,42.37318058656684,45.248745429285854,,2.8755648427190152,
main_only,diet_name,FULL,False,Dummy_SpeciesMean,Orujo70,Tenebrio,main,Orujo70,orujo,70,3,42.75088782983994,45.248745429285854,,2.497857599445915,
main_only,diet_name,FULL,False,GP_Compuesto_NoARD,Orujo70,Hermetia,main,Orujo70,orujo,70,1,28.145262440510347,33.00887539759852,2.189956056662104,4.863612957088176,False
main_only,diet_name,FULL,False,GP_Compuesto_NoARD,Orujo70,Hermetia,main,Orujo70,orujo,70,2,27.19851217684783,33.00887539759852,2.189956056662104,5.810363220750691,False
main_only,diet_name,FULL,False,GP_Compuesto_NoARD,Orujo70,Hermetia,main,Orujo70,orujo,70,3,26.86141384370052,33.00887539759852,2.189956056662104,6.147461553898001,False
main_only,diet_name,FULL,False,GP_Compuesto_NoARD,Orujo70,Tenebrio,main,Orujo70,orujo,70,1,42.989125105205865,39.66005501940248,2.0891923575848734,3.3290700858033873,True
main_only,diet_name,FULL,False,GP_Compuesto_NoARD,Orujo70,Tenebrio,main,Orujo70,orujo,70,2,42.37318058656684,39.66005501940247,2.0891923575848734,2.7131255671643686,True
main_only,diet_name,FULL,False,GP_Compuesto_NoARD,Orujo70,Tenebrio,main,Orujo70,orujo,70,3,42.75088782983994,39.66005501940247,2.0891923575848734,3.090832810437469,True
main_only,diet_name,FULL,False,Dummy_GlobalMean,Orujo90,Hermetia,main,Orujo90,orujo,90,1,27.992592815001228,37.299012349410965,,9.306419534409738,
main_only,diet_name,FULL,False,Dummy_GlobalMean,Orujo90,Hermetia,main,Orujo90,orujo,90,2,23.674781663935857,37.299012349410965,,13.624230685475109,
main_only,diet_name,FULL,False,Dummy_GlobalMean,Orujo90,Hermetia,main,Orujo90,orujo,90,3,27.97325781900284,37.299012349410965,,9.325754530408126,
main_only,diet_name,FULL,False,Dummy_GlobalMean,Orujo90,Tenebrio,main,Orujo90,orujo,90,1,42.63455462687377,37.299012349410965,,5.335542277462807,
main_only,diet_name,FULL,False,Dummy_GlobalMean,Orujo90,Tenebrio,main,Orujo90,orujo,90,2,39.46090226095632,37.299012349410965,,2.1618899115453516,
main_only,diet_name,FULL,False,Dummy_GlobalMean,Orujo90,Tenebrio,main,Orujo90,orujo,90,3,40.31920976729068,37.299012349410965,,3.0201974178797144,
main_only,diet_name,FULL,False,Dummy_SpeciesMean,Orujo90,Hermetia,main,Orujo90,orujo,90,1,27.992592815001228,29.159328373986344,,1.166735558985117,
main_only,diet_name,FULL,False,Dummy_SpeciesMean,Orujo90,Hermetia,main,Orujo90,orujo,90,2,23.674781663935857,29.159328373986344,,5.484546710050488,
main_only,diet_name,FULL,False,Dummy_SpeciesMean,Orujo90,Hermetia,main,Orujo90,orujo,90,3,27.97325781900284,29.159328373986344,,1.1860705549835053,
main_only,diet_name,FULL,False,Dummy_SpeciesMean,Orujo90,Tenebrio,main,Orujo90,orujo,90,1,42.63455462687377,45.43869632483559,,2.8041416979618177,
main_only,diet_name,FULL,False,Dummy_SpeciesMean,Orujo90,Tenebrio,main,Orujo90,orujo,90,2,39.46090226095632,45.43869632483559,,5.977794063879273,
main_only,diet_name,FULL,False,Dummy_SpeciesMean,Orujo90,Tenebrio,main,Orujo90,orujo,90,3,40.31920976729068,45.43869632483559,,5.11948655754491,
main_only,diet_name,FULL,False,GP_Compuesto_NoARD,Orujo90,Hermetia,main,Orujo90,orujo,90,1,27.992592815001228,33.36842476879099,4.391885979320809,5.37583195378976,True
main_only,diet_name,FULL,False,GP_Compuesto_NoARD,Orujo90,Hermetia,main,Orujo90,orujo,90,2,23.674781663935857,33.36842476879099,4.391885979320809,9.69364310485513,False
main_only,diet_name,FULL,False,GP_Compuesto_NoARD,Orujo90,Hermetia,main,Orujo90,orujo,90,3,27.97325781900284,33.36842476879099,4.391885979320809,5.395166949788148,True
main_only,diet_name,FULL,False,GP_Compuesto_NoARD,Orujo90,Tenebrio,main,Orujo90,orujo,90,1,42.63455462687377,33.717520420745934,3.9209546241306943,8.917034206127838,False
main_only,diet_name,FULL,False,GP_Compuesto_NoARD,Orujo90,Tenebrio,main,Orujo90,orujo,90,2,39.46090226095632,33.71752042074594,3.9209546241306943,5.743381840210375,True
main_only,diet_name,FULL,False,GP_Compuesto_NoARD,Orujo90,Tenebrio,main,Orujo90,orujo,90,3,40.31920976729068,33.71752042074594,3.9209546241306943,6.601689346544738,True
main_only,diet_name,FULL,False,Dummy_GlobalMean,Quinoa15,Hermetia,main,Quinoa15,quinoa,15,1,32.25326659440655,36.71098322655898,,4.457716632152433,
main_only,diet_name,FULL,False,Dummy_GlobalMean,Quinoa15,Hermetia,main,Quinoa15,quinoa,15,2,30.29567215292689,36.71098322655898,,6.41531107363209,
main_only,diet_name,FULL,False,Dummy_GlobalMean,Quinoa15,Hermetia,main,Quinoa15,quinoa,15,3,29.75211069561501,36.71098322655898,,6.958872530943971,
main_only,diet_name,FULL,False,Dummy_GlobalMean,Quinoa15,Tenebrio,main,Quinoa15,quinoa,15,1,46.2406551012102,36.71098322655898,,9.529671874651221,
main_only,diet_name,FULL,False,Dummy_GlobalMean,Quinoa15,Tenebrio,main,Quinoa15,quinoa,15,2,49.74165607410812,36.71098322655898,,13.030672847549141,
main_only,diet_name,FULL,False,Dummy_GlobalMean,Quinoa15,Tenebrio,main,Quinoa15,quinoa,15,3,49.0536857059127,36.71098322655898,,12.342702479353719,
main_only,diet_name,FULL,False,Dummy_SpeciesMean,Quinoa15,Hermetia,main,Quinoa15,quinoa,15,1,32.25326659440655,28.73731446915273,,3.5159521252538184,
main_only,diet_name,FULL,False,Dummy_SpeciesMean,Quinoa15,Hermetia,main,Quinoa15,quinoa,15,2,30.29567215292689,28.73731446915273,,1.5583576837741617,
main_only,diet_name,FULL,False,Dummy_SpeciesMean,Quinoa15,Hermetia,main,Quinoa15,quinoa,15,3,29.75211069561501,28.73731446915273,,1.0147962264622805,
main_only,diet_name,FULL,False,Dummy_SpeciesMean,Quinoa15,Tenebrio,main,Quinoa15,quinoa,15,1,46.2406551012102,44.684651983965246,,1.5560031172449555,
main_only,diet_name,FULL,False,Dummy_SpeciesMean,Quinoa15,Tenebrio,main,Quinoa15,quinoa,15,2,49.74165607410812,44.684651983965246,,5.057004090142875,
main_only,diet_name,FULL,False,Dummy_SpeciesMean,Quinoa15,Tenebrio,main,Quinoa15,quinoa,15,3,49.0536857059127,44.684651983965246,,4.369033721947453,
main_only,diet_name,FULL,False,GP_Compuesto_NoARD,Quinoa15,Hermetia,main,Quinoa15,quinoa,15,1,32.25326659440655,30.350724975737464,2.9504875957525982,1.9025416186690833,True
main_only,diet_name,FULL,False,GP_Compuesto_NoARD,Quinoa15,Hermetia,main,Quinoa15,quinoa,15,2,30.29567215292689,30.350724975737464,2.9504875957525982,0.05505282281057333,True
main_only,diet_name,FULL,False,GP_Compuesto_NoARD,Quinoa15,Hermetia,main,Quinoa15,quinoa,15,3,29.75211069561501,30.350724975737464,2.9504875957525982,0.5986142801224545,True
main_only,diet_name,FULL,False,GP_Compuesto_NoARD,Quinoa15,Tenebrio,main,Quinoa15,quinoa,15,1,46.2406551012102,44.82623929156574,2.921325326250846,1.41441580964446,True
main_only,diet_name,FULL,False,GP_Compuesto_NoARD,Quinoa15,Tenebrio,main,Quinoa15,quinoa,15,2,49.74165607410812,44.82623929156574,2.921325326250846,4.91541678254238,True
main_only,diet_name,FULL,False,GP_Compuesto_NoARD,Quinoa15,Tenebrio,main,Quinoa15,quinoa,15,3,49.0536857059127,44.82623929156574,2.921325326250846,4.227446414346957,True
main_only,diet_name,FULL,False,Dummy_GlobalMean,Quinoa30,Hermetia,main,Quinoa30,quinoa,30,1,30.76039775705413,36.83866531941135,,6.078267562357219,
main_only,diet_name,FULL,False,Dummy_GlobalMean,Quinoa30,Hermetia,main,Quinoa30,quinoa,30,2,29.22593647982689,36.83866531941135,,7.6127288395844595,
main_only,diet_name,FULL,False,Dummy_GlobalMean,Quinoa30,Hermetia,main,Quinoa30,quinoa,30,3,29.965998391774416,36.83866531941135,,6.872666927636931,
main_only,diet_name,FULL,False,Dummy_GlobalMean,Quinoa30,Tenebrio,main,Quinoa30,quinoa,30,1,47.1681642185215,36.83866531941135,,10.329498899110149,
main_only,diet_name,FULL,False,Dummy_GlobalMean,Quinoa30,Tenebrio,main,Quinoa30,quinoa,30,2,45.28074275235599,36.83866531941135,,8.442077432944643,
main_only,diet_name,FULL,False,Dummy_GlobalMean,Quinoa30,Tenebrio,main,Quinoa30,quinoa,30,3,47.27488115350477,36.83866531941135,,10.436215834093424,
main_only,diet_name,FULL,False,Dummy_SpeciesMean,Quinoa30,Hermetia,main,Quinoa30,quinoa,30,1,30.76039775705413,28.815605029629165,,1.9447927274249643,
main_only,diet_name,FULL,False,Dummy_SpeciesMean,Quinoa30,Hermetia,main,Quinoa30,quinoa,30,2,29.22593647982689,28.815605029629165,,0.41033145019772377,
main_only,diet_name,FULL,False,Dummy_SpeciesMean,Quinoa30,Hermetia,main,Quinoa30,quinoa,30,3,29.965998391774416,28.815605029629165,,1.1503933621452518,
main_only,diet_name,FULL,False,Dummy_SpeciesMean,Quinoa30,Tenebrio,main,Quinoa30,quinoa,30,1,47.1681642185215,44.861725609193535,,2.3064386093279623,
main_only,diet_name,FULL,False,Dummy_SpeciesMean,Quinoa30,Tenebrio,main,Quinoa30,quinoa,30,2,45.28074275235599,44.861725609193535,,0.4190171431624563,
main_only,diet_name,FULL,False,Dummy_SpeciesMean,Quinoa30,Tenebrio,main,Quinoa30,quinoa,30,3,47.27488115350477,44.861725609193535,,2.4131555443112376,
main_only,diet_name,FULL,False,GP_Compuesto_NoARD,Quinoa30,Hermetia,main,Quinoa30,quinoa,30,1,30.76039775705413,32.989309497042136,2.3900325777374944,2.228911739988007,True
main_only,diet_name,FULL,False,GP_Compuesto_NoARD,Quinoa30,Hermetia,main,Quinoa30,quinoa,30,2,29.22593647982689,32.989309497042136,2.3900325777374944,3.7633730172152475,True
main_only,diet_name,FULL,False,GP_Compuesto_NoARD,Quinoa30,Hermetia,main,Quinoa30,quinoa,30,3,29.965998391774416,32.989309497042136,2.3900325777374944,3.0233111052677195,True
main_only,diet_name,FULL,False,GP_Compuesto_NoARD,Quinoa30,Tenebrio,main,Quinoa30,quinoa,30,1,47.1681642185215,46.038173050357685,2.3668450917047266,1.1299911681638122,True
main_only,diet_name,FULL,False,GP_Compuesto_NoARD,Quinoa30,Tenebrio,main,Quinoa30,quinoa,30,2,45.28074275235599,46.038173050357685,2.3668450917047266,0.7574302980016938,True
main_only,diet_name,FULL,False,GP_Compuesto_NoARD,Quinoa30,Tenebrio,main,Quinoa30,quinoa,30,3,47.27488115350477,46.038173050357685,2.3668450917047266,1.2367081031470875,True
main_only,diet_name,FULL,False,Dummy_GlobalMean,Quinoa50,Hermetia,main,Quinoa50,quinoa,50,1,30.811944171324868,36.83914665435494,,6.027202483030074,
main_only,diet_name,FULL,False,Dummy_GlobalMean,Quinoa50,Hermetia,main,Quinoa50,quinoa,50,2,28.23608632105669,36.83914665435494,,8.603060333298252,
main_only,diet_name,FULL,False,Dummy_GlobalMean,Quinoa50,Hermetia,main,Quinoa50,quinoa,50,3,30.441941426236617,36.83914665435494,,6.397205228118324,
main_only,diet_name,FULL,False,Dummy_GlobalMean,Quinoa50,Tenebrio,main,Quinoa50,quinoa,50,1,46.3907897545748,36.83914665435494,,9.551643100219856,
main_only,diet_name,FULL,False,Dummy_GlobalMean,Quinoa50,Tenebrio,main,Quinoa50,quinoa,50,2,46.509235603005465,36.83914665435494,,9.670088948650523,
main_only,diet_name,FULL,False,Dummy_GlobalMean,Quinoa50,Tenebrio,main,Quinoa50,quinoa,50,3,47.25724338022376,36.83914665435494,,10.418096725868821,
main_only,diet_name,FULL,False,Dummy_SpeciesMean,Quinoa50,Hermetia,main,Quinoa50,quinoa,50,1,30.811944171324868,28.83101705329707,,1.9809271180277968,
main_only,diet_name,FULL,False,Dummy_SpeciesMean,Quinoa50,Hermetia,main,Quinoa50,quinoa,50,2,28.23608632105669,28.83101705329707,,0.5949307322403818,
main_only,diet_name,FULL,False,Dummy_SpeciesMean,Quinoa50,Hermetia,main,Quinoa50,quinoa,50,3,30.441941426236617,28.83101705329707,,1.6109243729395466,
main_only,diet_name,FULL,False,Dummy_SpeciesMean,Quinoa50,Tenebrio,main,Quinoa50,quinoa,50,1,46.3907897545748,44.84727625541281,,1.543513499161989,
main_only,diet_name,FULL,False,Dummy_SpeciesMean,Quinoa50,Tenebrio,main,Quinoa50,quinoa,50,2,46.509235603005465,44.84727625541281,,1.6619593475926564,
main_only,diet_name,FULL,False,Dummy_SpeciesMean,Quinoa50,Tenebrio,main,Quinoa50,quinoa,50,3,47.25724338022376,44.84727625541281,,2.4099671248109544,
main_only,diet_name,FULL,False,GP_Compuesto_NoARD,Quinoa50,Hermetia,main,Quinoa50,quinoa,50,1,30.811944171324868,34.823756591284,2.8610994086149715,4.011812419959135,True
main_only,diet_name,FULL,False,GP_Compuesto_NoARD,Quinoa50,Hermetia,main,Quinoa50,quinoa,50,2,28.23608632105669,34.823756591284,2.8610994086149715,6.5876702702273136,False
main_only,diet_name,FULL,False,GP_Compuesto_NoARD,Quinoa50,Hermetia,main,Quinoa50,quinoa,50,3,30.441941426236617,34.823756591284,2.8610994086149715,4.381815165047385,True
main_only,diet_name,FULL,False,GP_Compuesto_NoARD,Quinoa50,Tenebrio,main,Quinoa50,quinoa,50,1,46.3907897545748,45.819611845309886,3.5719579710774623,0.571177909264911,True
main_only,diet_name,FULL,False,GP_Compuesto_NoARD,Quinoa50,Tenebrio,main,Quinoa50,quinoa,50,2,46.509235603005465,45.819611845309886,3.5719579710774623,0.6896237576955784,True
main_only,diet_name,FULL,False,GP_Compuesto_NoARD,Quinoa50,Tenebrio,main,Quinoa50,quinoa,50,3,47.25724338022376,45.819611845309886,3.5719579710774623,1.4376315349138764,True
main_only,diet_name,FULL,True,Dummy_GlobalMean,Control,Hermetia,main,Control,control,0,1,32.29822786111878,36.90554948392267,,4.607321622803887,
main_only,diet_name,FULL,True,Dummy_GlobalMean,Control,Hermetia,main,Control,control,0,2,31.9882734211747,36.90554948392267,,4.91727606274797,
main_only,diet_name,FULL,True,Dummy_GlobalMean,Control,Hermetia,main,Control,control,0,3,31.52201662343253,36.90554948392267,,5.3835328604901385,
main_only,diet_name,FULL,True,Dummy_GlobalMean,Control,Tenebrio,main,Control,control,0,1,42.724277530166994,36.90554948392267,,5.818728046244324,
main_only,diet_name,FULL,True,Dummy_GlobalMean,Control,Tenebrio,main,Control,control,0,2,43.79839302328586,36.90554948392267,,6.8928435393631915,
main_only,diet_name,FULL,True,Dummy_GlobalMean,Control,Tenebrio,main,Control,control,0,3,43.331882423179295,36.90554948392267,,6.426332939256625,
main_only,diet_name,FULL,True,Dummy_SpeciesMean,Control,Hermetia,main,Control,control,0,1,32.29822786111878,28.620398853726808,,3.677829007391974,
main_only,diet_name,FULL,True,Dummy_SpeciesMean,Control,Hermetia,main,Control,control,0,2,31.9882734211747,28.620398853726808,,3.367874567447892,
main_only,diet_name,FULL,True,Dummy_SpeciesMean,Control,Hermetia,main,Control,control,0,3,31.52201662343253,28.620398853726808,,2.901617769705723,
main_only,diet_name,FULL,True,Dummy_SpeciesMean,Control,Tenebrio,main,Control,control,0,1,42.724277530166994,45.190700114118535,,2.466422583951541,
main_only,diet_name,FULL,True,Dummy_SpeciesMean,Control,Tenebrio,main,Control,control,0,2,43.79839302328586,45.190700114118535,,1.3923070908326736,
main_only,diet_name,FULL,True,Dummy_SpeciesMean,Control,Tenebrio,main,Control,control,0,3,43.331882423179295,45.190700114118535,,1.8588176909392402,
main_only,diet_name,FULL,True,GP_Compuesto_NoARD,Control,Hermetia,main,Control,control,0,1,32.29822786111878,29.879521131168055,4.642822652547621,2.4187067299507277,True
main_only,diet_name,FULL,True,GP_Compuesto_NoARD,Control,Hermetia,main,Control,control,0,2,31.9882734211747,29.879521131168055,4.642822652547621,2.1087522900066453,True
main_only,diet_name,FULL,True,GP_Compuesto_NoARD,Control,Hermetia,main,Control,control,0,3,31.52201662343253,29.879521131168055,4.642822652547621,1.6424954922644766,True
main_only,diet_name,FULL,True,GP_Compuesto_NoARD,Control,Tenebrio,main,Control,control,0,1,42.724277530166994,48.693869476592404,4.462112425159414,5.96959194642541,True
main_only,diet_name,FULL,True,GP_Compuesto_NoARD,Control,Tenebrio,main,Control,control,0,2,43.79839302328586,48.693869476592404,4.462112425159414,4.895476453306543,True
main_only,diet_name,FULL,True,GP_Compuesto_NoARD,Control,Tenebrio,main,Control,control,0,3,43.331882423179295,48.693869476592404,4.462112425159414,5.3619870534131095,True
main_only,diet_name,FULL,True,Dummy_GlobalMean,Hoja15,Hermetia,main,Hoja15,hoja,15,1,32.439876828877715,36.80966417599498,,4.369787347117267,
main_only,diet_name,FULL,True,Dummy_GlobalMean,Hoja15,Hermetia,main,Hoja15,hoja,15,2,31.861332823005377,36.80966417599498,,4.948331352989605,
main_only,diet_name,FULL,True,Dummy_GlobalMean,Hoja15,Hermetia,main,Hoja15,hoja,15,3,29.950143361921626,36.80966417599498,,6.859520814073356,
main_only,diet_name,FULL,True,Dummy_GlobalMean,Hoja15,Tenebrio,main,Hoja15,hoja,15,1,44.59966850546592,36.80966417599498,,7.790004329470939,
main_only,diet_name,FULL,True,Dummy_GlobalMean,Hoja15,Tenebrio,main,Hoja15,hoja,15,2,48.58207253144869,36.80966417599498,,11.772408355453706,
main_only,diet_name,FULL,True,Dummy_GlobalMean,Hoja15,Tenebrio,main,Hoja15,hoja,15,3,43.98309530729985,36.80966417599498,,7.173431131304866,
main_only,diet_name,FULL,True,Dummy_SpeciesMean,Hoja15,Hermetia,main,Hoja15,hoja,15,1,32.439876828877715,28.672304350124186,,3.7675724787535287,
main_only,diet_name,FULL,True,Dummy_SpeciesMean,Hoja15,Hermetia,main,Hoja15,hoja,15,2,31.861332823005377,28.672304350124186,,3.1890284728811906,
main_only,diet_name,FULL,True,Dummy_SpeciesMean,Hoja15,Hermetia,main,Hoja15,hoja,15,3,29.950143361921626,28.672304350124186,,1.2778390117974396,
main_only,diet_name,FULL,True,Dummy_SpeciesMean,Hoja15,Tenebrio,main,Hoja15,hoja,15,1,44.59966850546592,44.94702400186579,,0.34735549639987084,
main_only,diet_name,FULL,True,Dummy_SpeciesMean,Hoja15,Tenebrio,main,Hoja15,hoja,15,2,48.58207253144869,44.94702400186579,,3.635048529582896,
main_only,diet_name,FULL,True,Dummy_SpeciesMean,Hoja15,Tenebrio,main,Hoja15,hoja,15,3,43.98309530729985,44.94702400186579,,0.9639286945659435,
main_only,diet_name,FULL,True,GP_Compuesto_NoARD,Hoja15,Hermetia,main,Hoja15,hoja,15,1,32.439876828877715,27.124677513078886,3.4511741218594114,5.315199315798829,True
main_only,diet_name,FULL,True,GP_Compuesto_NoARD,Hoja15,Hermetia,main,Hoja15,hoja,15,2,31.861332823005377,27.124677513078886,3.4511741218594114,4.7366553099264905,True
main_only,diet_name,FULL,True,GP_Compuesto_NoARD,Hoja15,Hermetia,main,Hoja15,hoja,15,3,29.950143361921626,27.124677513078886,3.4511741218594114,2.8254658488427395,True
main_only,diet_name,FULL,True,GP_Compuesto_NoARD,Hoja15,Tenebrio,main,Hoja15,hoja,15,1,44.59966850546592,43.80363777862842,3.074495881585789,0.7960307268375004,True
main_only,diet_name,FULL,True,GP_Compuesto_NoARD,Hoja15,Tenebrio,main,Hoja15,hoja,15,2,48.58207253144869,43.80363777862842,3.074495881585789,4.778434752820267,True
main_only,diet_name,FULL,True,GP_Compuesto_NoARD,Hoja15,Tenebrio,main,Hoja15,hoja,15,3,43.98309530729985,43.80363777862842,3.074495881585789,0.17945752867142772,True
main_only,diet_name,FULL,True,Dummy_GlobalMean,Hoja30,Hermetia,main,Hoja30,hoja,30,1,24.518904936914268,37.2557085381649,,12.736803601250635,
main_only,diet_name,FULL,True,Dummy_GlobalMean,Hoja30,Hermetia,main,Hoja30,hoja,30,2,23.472591934148408,37.2557085381649,,13.783116604016495,
main_only,diet_name,FULL,True,Dummy_GlobalMean,Hoja30,Hermetia,main,Hoja30,hoja,30,3,25.260478611312173,37.2557085381649,,11.99522992685273,
main_only,diet_name,FULL,True,Dummy_GlobalMean,Hoja30,Tenebrio,main,Hoja30,hoja,30,1,43.64443148041813,37.2557085381649,,6.388722942253224,
main_only,diet_name,FULL,True,Dummy_GlobalMean,Hoja30,Tenebrio,main,Hoja30,hoja,30,2,45.32322480412907,37.2557085381649,,8.067516265964166,
main_only,diet_name,FULL,True,Dummy_GlobalMean,Hoja30,Tenebrio,main,Hoja30,hoja,30,3,42.43389586090185,37.2557085381649,,5.178187322736946,
main_only,diet_name,FULL,True,Dummy_SpeciesMean,Hoja30,Hermetia,main,Hoja30,hoja,30,1,24.518904936914268,29.372283601171848,,4.85337866425758,
main_only,diet_name,FULL,True,Dummy_SpeciesMean,Hoja30,Hermetia,main,Hoja30,hoja,30,2,23.472591934148408,29.372283601171848,,5.89969166702344,
main_only,diet_name,FULL,True,Dummy_SpeciesMean,Hoja30,Hermetia,main,Hoja30,hoja,30,3,25.260478611312173,29.372283601171848,,4.1118049898596745,
main_only,diet_name,FULL,True,Dummy_SpeciesMean,Hoja30,Tenebrio,main,Hoja30,hoja,30,1,43.64443148041813,45.139133475157976,,1.4947019947398488,
main_only,diet_name,FULL,True,Dummy_SpeciesMean,Hoja30,Tenebrio,main,Hoja30,hoja,30,2,45.32322480412907,45.139133475157976,,0.1840913289710926,
main_only,diet_name,FULL,True,Dummy_SpeciesMean,Hoja30,Tenebrio,main,Hoja30,hoja,30,3,42.43389586090185,45.139133475157976,,2.705237614256127,
main_only,diet_name,FULL,True,GP_Compuesto_NoARD,Hoja30,Hermetia,main,Hoja30,hoja,30,1,24.518904936914268,28.974681410387028,2.303454483602012,4.45577647347276,True
main_only,diet_name,FULL,True,GP_Compuesto_NoARD,Hoja30,Hermetia,main,Hoja30,hoja,30,2,23.472591934148408,28.974681410387028,2.303454483602012,5.50208947623862,False
main_only,diet_name,FULL,True,GP_Compuesto_NoARD,Hoja30,Hermetia,main,Hoja30,hoja,30,3,25.260478611312173,28.974681410387028,2.303454483602012,3.7142027990748545,True
main_only,diet_name,FULL,True,GP_Compuesto_NoARD,Hoja30,Tenebrio,main,Hoja30,hoja,30,1,43.64443148041813,44.00673421861922,2.3183552682597943,0.3623027382010946,True
main_only,diet_name,FULL,True,GP_Compuesto_NoARD,Hoja30,Tenebrio,main,Hoja30,hoja,30,2,45.32322480412907,44.00673421861923,2.3183552682597943,1.3164905855098397,True
main_only,diet_name,FULL,True,GP_Compuesto_NoARD,Hoja30,Tenebrio,main,Hoja30,hoja,30,3,42.43389586090185,44.00673421861923,2.3183552682597943,1.5728383577173801,True
main_only,diet_name,FULL,True,Dummy_GlobalMean,Hoja50,Hermetia,main,Hoja50,hoja,50,1,22.677020960046544,37.31790497009292,,14.640884010046374,
main_only,diet_name,FULL,True,Dummy_GlobalMean,Hoja50,Hermetia,main,Hoja50,hoja,50,2,23.384593109734844,37.31790497009292,,13.933311860358074,
main_only,diet_name,FULL,True,Dummy_GlobalMean,Hoja50,Hermetia,main,Hoja50,hoja,50,3,24.04987521687871,37.31790497009292,,13.268029753214208,
main_only,diet_name,FULL,True,Dummy_GlobalMean,Hoja50,Tenebrio,main,Hoja50,hoja,50,1,43.13594119232716,37.31790497009292,,5.818036222234241,
main_only,diet_name,FULL,True,Dummy_GlobalMean,Hoja50,Tenebrio,main,Hoja50,hoja,50,2,44.6843260049324,37.31790497009292,,7.366421034839483,
main_only,diet_name,FULL,True,Dummy_GlobalMean,Hoja50,Tenebrio,main,Hoja50,hoja,50,3,42.989985228223965,37.31790497009292,,5.6720802581310465,
main_only,diet_name,FULL,True,Dummy_SpeciesMean,Hoja50,Hermetia,main,Hoja50,hoja,50,1,22.677020960046544,29.47696647436234,,6.7999455143157945,
main_only,diet_name,FULL,True,Dummy_SpeciesMean,Hoja50,Hermetia,main,Hoja50,hoja,50,2,23.384593109734844,29.47696647436234,,6.092373364627495,
main_only,diet_name,FULL,True,Dummy_SpeciesMean,Hoja50,Hermetia,main,Hoja50,hoja,50,3,24.04987521687871,29.47696647436234,,5.427091257483628,
main_only,diet_name,FULL,True,Dummy_SpeciesMean,Hoja50,Tenebrio,main,Hoja50,hoja,50,1,43.13594119232716,45.15884346582349,,2.022902273496328,
main_only,diet_name,FULL,True,Dummy_SpeciesMean,Hoja50,Tenebrio,main,Hoja50,hoja,50,2,44.6843260049324,45.15884346582349,,0.4745174608910858,
main_only,diet_name,FULL,True,Dummy_SpeciesMean,Hoja50,Tenebrio,main,Hoja50,hoja,50,3,42.989985228223965,45.15884346582349,,2.1688582375995225,
main_only,diet_name,FULL,True,GP_Compuesto_NoARD,Hoja50,Hermetia,main,Hoja50,hoja,50,1,22.677020960046544,27.20379705702637,4.586420182227598,4.526776096979827,True
main_only,diet_name,FULL,True,GP_Compuesto_NoARD,Hoja50,Hermetia,main,Hoja50,hoja,50,2,23.384593109734844,27.20379705702637,4.586420182227598,3.819203947291527,True
main_only,diet_name,FULL,True,GP_Compuesto_NoARD,Hoja50,Hermetia,main,Hoja50,hoja,50,3,24.04987521687871,27.20379705702637,4.586420182227598,3.1539218401476603,True
main_only,diet_name,FULL,True,GP_Compuesto_NoARD,Hoja50,Tenebrio,main,Hoja50,hoja,50,1,43.13594119232716,41.213398436270026,4.4715295997860025,1.9225427560571333,True
main_only,diet_name,FULL,True,GP_Compuesto_NoARD,Hoja50,Tenebrio,main,Hoja50,hoja,50,2,44.6843260049324,41.21339843627003,4.4715295997860025,3.4709275686623684,True
main_only,diet_name,FULL,True,GP_Compuesto_NoARD,Hoja50,Tenebrio,main,Hoja50,hoja,50,3,42.989985228223965,41.21339843627003,4.4715295997860025,1.7765867919539318,True
main_only,diet_name,FULL,True,Dummy_GlobalMean,Orujo30,Hermetia,main,Orujo30,orujo,30,1,31.314123313447407,36.824856285329446,,5.510732971882039,
main_only,diet_name,FULL,True,Dummy_GlobalMean,Orujo30,Hermetia,main,Orujo30,orujo,30,2,28.651274165528747,36.824856285329446,,8.173582119800699,
main_only,diet_name,FULL,True,Dummy_GlobalMean,Orujo30,Hermetia,main,Orujo30,orujo,30,3,31.00039680343508,36.824856285329446,,5.824459481894365,
main_only,diet_name,FULL,True,Dummy_GlobalMean,Orujo30,Tenebrio,main,Orujo30,orujo,30,1,44.05632136428663,36.824856285329446,,7.231465078957186,
main_only,diet_name,FULL,True,Dummy_GlobalMean,Orujo30,Tenebrio,main,Orujo30,orujo,30,2,47.979408918219136,36.824856285329446,,11.15455263288969,
main_only,diet_name,FULL,True,Dummy_GlobalMean,Orujo30,Tenebrio,main,Orujo30,orujo,30,3,47.50313823303477,36.824856285329446,,10.678281947705322,
main_only,diet_name,FULL,True,Dummy_SpeciesMean,Orujo30,Hermetia,main,Orujo30,orujo,30,1,31.314123313447407,28.78182297450397,,2.532300338943436,
main_only,diet_name,FULL,True,Dummy_SpeciesMean,Orujo30,Hermetia,main,Orujo30,orujo,30,2,28.651274165528747,28.78182297450397,,0.1305488089752238,
main_only,diet_name,FULL,True,Dummy_SpeciesMean,Orujo30,Hermetia,main,Orujo30,orujo,30,3,31.00039680343508,28.78182297450397,,2.2185738289311097,
main_only,diet_name,FULL,True,Dummy_SpeciesMean,Orujo30,Tenebrio,main,Orujo30,orujo,30,1,44.05632136428663,44.867889596154924,,0.8115682318682929,
main_only,diet_name,FULL,True,Dummy_SpeciesMean,Orujo30,Tenebrio,main,Orujo30,orujo,30,2,47.979408918219136,44.867889596154924,,3.1115193220642112,
main_only,diet_name,FULL,True,Dummy_SpeciesMean,Orujo30,Tenebrio,main,Orujo30,orujo,30,3,47.50313823303477,44.867889596154924,,2.635248636879844,
main_only,diet_name,FULL,True,GP_Compuesto_NoARD,Orujo30,Hermetia,main,Orujo30,orujo,30,1,31.314123313447407,30.786547803567494,3.006671587266485,0.5275755098799131,True
main_only,diet_name,FULL,True,GP_Compuesto_NoARD,Orujo30,Hermetia,main,Orujo30,orujo,30,2,28.651274165528747,30.786547803567494,3.006671587266485,2.135273638038747,True
main_only,diet_name,FULL,True,GP_Compuesto_NoARD,Orujo30,Hermetia,main,Orujo30,orujo,30,3,31.00039680343508,30.786547803567494,3.006671587266485,0.21384899986758654,True
main_only,diet_name,FULL,True,GP_Compuesto_NoARD,Orujo30,Tenebrio,main,Orujo30,orujo,30,1,44.05632136428663,45.6975924989634,2.6999370067272013,1.6412711346767708,True
main_only,diet_name,FULL,True,GP_Compuesto_NoARD,Orujo30,Tenebrio,main,Orujo30,orujo,30,2,47.979408918219136,45.6975924989634,2.6999370067272013,2.2818164192557333,True
main_only,diet_name,FULL,True,GP_Compuesto_NoARD,Orujo30,Tenebrio,main,Orujo30,orujo,30,3,47.50313823303477,45.6975924989634,2.6999370067272013,1.8055457340713659,True
main_only,diet_name,FULL,True,Dummy_GlobalMean,Orujo50,Hermetia,main,Orujo50,orujo,50,1,32.02004533085088,36.703221350794465,,4.683176019943588,
main_only,diet_name,FULL,True,Dummy_GlobalMean,Orujo50,Hermetia,main,Orujo50,orujo,50,2,33.161725303735146,36.703221350794465,,3.5414960470593186,
main_only,diet_name,FULL,True,Dummy_GlobalMean,Orujo50,Hermetia,main,Orujo50,orujo,50,3,31.260408162746693,36.703221350794465,,5.442813188047772,
main_only,diet_name,FULL,True,Dummy_GlobalMean,Orujo50,Tenebrio,main,Orujo50,orujo,50,1,46.60615150745108,36.703221350794465,,9.902930156656616,
main_only,diet_name,FULL,True,Dummy_GlobalMean,Orujo50,Tenebrio,main,Orujo50,orujo,50,2,47.61168446896416,36.703221350794465,,10.908463118169692,
main_only,diet_name,FULL,True,Dummy_GlobalMean,Orujo50,Tenebrio,main,Orujo50,orujo,50,3,47.14274409630263,36.703221350794465,,10.439522745508164,
main_only,diet_name,FULL,True,Dummy_SpeciesMean,Orujo50,Hermetia,main,Orujo50,orujo,50,1,32.02004533085088,28.599276824006587,,3.42076850684429,
main_only,diet_name,FULL,True,Dummy_SpeciesMean,Orujo50,Hermetia,main,Orujo50,orujo,50,2,33.161725303735146,28.599276824006587,,4.562448479728559,
main_only,diet_name,FULL,True,Dummy_SpeciesMean,Orujo50,Hermetia,main,Orujo50,orujo,50,3,31.260408162746693,28.599276824006587,,2.6611313387401054,
main_only,diet_name,FULL,True,Dummy_SpeciesMean,Orujo50,Tenebrio,main,Orujo50,orujo,50,1,46.60615150745108,44.80716587758234,,1.7989856298687386,
main_only,diet_name,FULL,True,Dummy_SpeciesMean,Orujo50,Tenebrio,main,Orujo50,orujo,50,2,47.61168446896416,44.80716587758234,,2.8045185913818145,
main_only,diet_name,FULL,True,Dummy_SpeciesMean,Orujo50,Tenebrio,main,Orujo50,orujo,50,3,47.14274409630263,44.80716587758234,,2.3355782187202863,
main_only,diet_name,FULL,True,GP_Compuesto_NoARD,Orujo50,Hermetia,main,Orujo50,orujo,50,1,32.02004533085088,29.930387692908514,2.2059467351081254,2.089657637942363,True
main_only,diet_name,FULL,True,GP_Compuesto_NoARD,Orujo50,Hermetia,main,Orujo50,orujo,50,2,33.161725303735146,29.930387692908514,2.2059467351081254,3.231337610826632,True
main_only,diet_name,FULL,True,GP_Compuesto_NoARD,Orujo50,Hermetia,main,Orujo50,orujo,50,3,31.260408162746693,29.930387692908514,2.2059467351081254,1.3300204698381783,True
main_only,diet_name,FULL,True,GP_Compuesto_NoARD,Orujo50,Tenebrio,main,Orujo50,orujo,50,1,46.60615150745108,42.37380401344904,2.1611231998098104,4.232347494002042,True
main_only,diet_name,FULL,True,GP_Compuesto_NoARD,Orujo50,Tenebrio,main,Orujo50,orujo,50,2,47.61168446896416,42.37380401344904,2.1611231998098104,5.237880455515118,False
main_only,diet_name,FULL,True,GP_Compuesto_NoARD,Orujo50,Tenebrio,main,Orujo50,orujo,50,3,47.14274409630263,42.37380401344904,2.1611231998098104,4.7689400828535895,False
main_only,diet_name,FULL,True,Dummy_GlobalMean,Orujo70,Hermetia,main,Orujo70,orujo,70,1,28.145262440510347,37.161294298917454,,9.016031858407107,
main_only,diet_name,FULL,True,Dummy_GlobalMean,Orujo70,Hermetia,main,Orujo70,orujo,70,2,27.19851217684783,37.161294298917454,,9.962782122069623,
main_only,diet_name,FULL,True,Dummy_GlobalMean,Orujo70,Hermetia,main,Orujo70,orujo,70,3,26.86141384370052,37.161294298917454,,10.299880455216933,
main_only,diet_name,FULL,True,Dummy_GlobalMean,Orujo70,Tenebrio,main,Orujo70,orujo,70,1,42.989125105205865,37.161294298917454,,5.827830806288411,
main_only,diet_name,FULL,True,Dummy_GlobalMean,Orujo70,Tenebrio,main,Orujo70,orujo,70,2,42.37318058656684,37.161294298917454,,5.211886287649385,
main_only,diet_name,FULL,True,Dummy_GlobalMean,Orujo70,Tenebrio,main,Orujo70,orujo,70,3,42.75088782983994,37.161294298917454,,5.589593530922485,
main_only,diet_name,FULL,True,Dummy_SpeciesMean,Orujo70,Hermetia,main,Orujo70,orujo,70,1,28.145262440510347,29.073843168549054,,0.9285807280387068,
main_only,diet_name,FULL,True,Dummy_SpeciesMean,Orujo70,Hermetia,main,Orujo70,orujo,70,2,27.19851217684783,29.073843168549054,,1.8753309917012224,
main_only,diet_name,FULL,True,Dummy_SpeciesMean,Orujo70,Hermetia,main,Orujo70,orujo,70,3,26.86141384370052,29.073843168549054,,2.2124293248485323,
main_only,diet_name,FULL,True,Dummy_SpeciesMean,Orujo70,Tenebrio,main,Orujo70,orujo,70,1,42.989125105205865,45.248745429285854,,2.2596203240799895,
main_only,diet_name,FULL,True,Dummy_SpeciesMean,Orujo70,Tenebrio,main,Orujo70,orujo,70,2,42.37318058656684,45.248745429285854,,2.8755648427190152,
main_only,diet_name,FULL,True,Dummy_SpeciesMean,Orujo70,Tenebrio,main,Orujo70,orujo,70,3,42.75088782983994,45.248745429285854,,2.497857599445915,
main_only,diet_name,FULL,True,GP_Compuesto_NoARD,Orujo70,Hermetia,main,Orujo70,orujo,70,1,28.145262440510347,30.219590770254808,2.3503079220018446,2.0743283297444606,True
main_only,diet_name,FULL,True,GP_Compuesto_NoARD,Orujo70,Hermetia,main,Orujo70,orujo,70,2,27.19851217684783,30.219590770254808,2.3503079220018446,3.021078593406976,True
main_only,diet_name,FULL,True,GP_Compuesto_NoARD,Orujo70,Hermetia,main,Orujo70,orujo,70,3,26.86141384370052,30.219590770254808,2.3503079220018446,3.358176926554286,True
main_only,diet_name,FULL,True,GP_Compuesto_NoARD,Orujo70,Tenebrio,main,Orujo70,orujo,70,1,42.989125105205865,42.443501066020985,2.2606651074919952,0.5456240391848795,True
main_only,diet_name,FULL,True,GP_Compuesto_NoARD,Orujo70,Tenebrio,main,Orujo70,orujo,70,2,42.37318058656684,42.443501066020985,2.2606651074919952,0.07032047945414632,True
main_only,diet_name,FULL,True,GP_Compuesto_NoARD,Orujo70,Tenebrio,main,Orujo70,orujo,70,3,42.75088782983994,42.443501066020985,2.2606651074919952,0.307386763818954,True
main_only,diet_name,FULL,True,Dummy_GlobalMean,Orujo90,Hermetia,main,Orujo90,orujo,90,1,27.992592815001228,37.299012349410965,,9.306419534409738,
main_only,diet_name,FULL,True,Dummy_GlobalMean,Orujo90,Hermetia,main,Orujo90,orujo,90,2,23.674781663935857,37.299012349410965,,13.624230685475109,
main_only,diet_name,FULL,True,Dummy_GlobalMean,Orujo90,Hermetia,main,Orujo90,orujo,90,3,27.97325781900284,37.299012349410965,,9.325754530408126,
main_only,diet_name,FULL,True,Dummy_GlobalMean,Orujo90,Tenebrio,main,Orujo90,orujo,90,1,42.63455462687377,37.299012349410965,,5.335542277462807,
main_only,diet_name,FULL,True,Dummy_GlobalMean,Orujo90,Tenebrio,main,Orujo90,orujo,90,2,39.46090226095632,37.299012349410965,,2.1618899115453516,
main_only,diet_name,FULL,True,Dummy_GlobalMean,Orujo90,Tenebrio,main,Orujo90,orujo,90,3,40.31920976729068,37.299012349410965,,3.0201974178797144,
main_only,diet_name,FULL,True,Dummy_SpeciesMean,Orujo90,Hermetia,main,Orujo90,orujo,90,1,27.992592815001228,29.159328373986344,,1.166735558985117,
main_only,diet_name,FULL,True,Dummy_SpeciesMean,Orujo90,Hermetia,main,Orujo90,orujo,90,2,23.674781663935857,29.159328373986344,,5.484546710050488,
main_only,diet_name,FULL,True,Dummy_SpeciesMean,Orujo90,Hermetia,main,Orujo90,orujo,90,3,27.97325781900284,29.159328373986344,,1.1860705549835053,
main_only,diet_name,FULL,True,Dummy_SpeciesMean,Orujo90,Tenebrio,main,Orujo90,orujo,90,1,42.63455462687377,45.43869632483559,,2.8041416979618177,
main_only,diet_name,FULL,True,Dummy_SpeciesMean,Orujo90,Tenebrio,main,Orujo90,orujo,90,2,39.46090226095632,45.43869632483559,,5.977794063879273,
main_only,diet_name,FULL,True,Dummy_SpeciesMean,Orujo90,Tenebrio,main,Orujo90,orujo,90,3,40.31920976729068,45.43869632483559,,5.11948655754491,
main_only,diet_name,FULL,True,GP_Compuesto_NoARD,Orujo90,Hermetia,main,Orujo90,orujo,90,1,27.992592815001228,29.932533410973505,4.354371355773066,1.9399405959722777,True
main_only,diet_name,FULL,True,GP_Compuesto_NoARD,Orujo90,Hermetia,main,Orujo90,orujo,90,2,23.674781663935857,29.932533410973505,4.354371355773066,6.2577517470376485,True
main_only,diet_name,FULL,True,GP_Compuesto_NoARD,Orujo90,Hermetia,main,Orujo90,orujo,90,3,27.97325781900284,29.932533410973505,4.354371355773066,1.9592755919706661,True
main_only,diet_name,FULL,True,GP_Compuesto_NoARD,Orujo90,Tenebrio,main,Orujo90,orujo,90,1,42.63455462687377,39.432143626277,4.197393635515468,3.2024110005967685,True
main_only,diet_name,FULL,True,GP_Compuesto_NoARD,Orujo90,Tenebrio,main,Orujo90,orujo,90,2,39.46090226095632,39.432143626277,4.197393635515468,0.02875863467931339,True
main_only,diet_name,FULL,True,GP_Compuesto_NoARD,Orujo90,Tenebrio,main,Orujo90,orujo,90,3,40.31920976729068,39.432143626277,4.197393635515468,0.8870661410136762,True
main_only,diet_name,FULL,True,Dummy_GlobalMean,Quinoa15,Hermetia,main,Quinoa15,quinoa,15,1,32.25326659440655,36.71098322655898,,4.457716632152433,
main_only,diet_name,FULL,True,Dummy_GlobalMean,Quinoa15,Hermetia,main,Quinoa15,quinoa,15,2,30.29567215292689,36.71098322655898,,6.41531107363209,
main_only,diet_name,FULL,True,Dummy_GlobalMean,Quinoa15,Hermetia,main,Quinoa15,quinoa,15,3,29.75211069561501,36.71098322655898,,6.958872530943971,
main_only,diet_name,FULL,True,Dummy_GlobalMean,Quinoa15,Tenebrio,main,Quinoa15,quinoa,15,1,46.2406551012102,36.71098322655898,,9.529671874651221,
main_only,diet_name,FULL,True,Dummy_GlobalMean,Quinoa15,Tenebrio,main,Quinoa15,quinoa,15,2,49.74165607410812,36.71098322655898,,13.030672847549141,
main_only,diet_name,FULL,True,Dummy_GlobalMean,Quinoa15,Tenebrio,main,Quinoa15,quinoa,15,3,49.0536857059127,36.71098322655898,,12.342702479353719,
main_only,diet_name,FULL,True,Dummy_SpeciesMean,Quinoa15,Hermetia,main,Quinoa15,quinoa,15,1,32.25326659440655,28.73731446915273,,3.5159521252538184,
main_only,diet_name,FULL,True,Dummy_SpeciesMean,Quinoa15,Hermetia,main,Quinoa15,quinoa,15,2,30.29567215292689,28.73731446915273,,1.5583576837741617,
main_only,diet_name,FULL,True,Dummy_SpeciesMean,Quinoa15,Hermetia,main,Quinoa15,quinoa,15,3,29.75211069561501,28.73731446915273,,1.0147962264622805,
main_only,diet_name,FULL,True,Dummy_SpeciesMean,Quinoa15,Tenebrio,main,Quinoa15,quinoa,15,1,46.2406551012102,44.684651983965246,,1.5560031172449555,
main_only,diet_name,FULL,True,Dummy_SpeciesMean,Quinoa15,Tenebrio,main,Quinoa15,quinoa,15,2,49.74165607410812,44.684651983965246,,5.057004090142875,
main_only,diet_name,FULL,True,Dummy_SpeciesMean,Quinoa15,Tenebrio,main,Quinoa15,quinoa,15,3,49.0536857059127,44.684651983965246,,4.369033721947453,
main_only,diet_name,FULL,True,GP_Compuesto_NoARD,Quinoa15,Hermetia,main,Quinoa15,quinoa,15,1,32.25326659440655,30.94974934551341,2.752049880494413,1.3035172488931366,True
main_only,diet_name,FULL,True,GP_Compuesto_NoARD,Quinoa15,Hermetia,main,Quinoa15,quinoa,15,2,30.29567215292689,30.94974934551341,2.752049880494413,0.6540771925865201,True
main_only,diet_name,FULL,True,GP_Compuesto_NoARD,Quinoa15,Hermetia,main,Quinoa15,quinoa,15,3,29.75211069561501,30.94974934551341,2.752049880494413,1.1976386498984013,True
main_only,diet_name,FULL,True,GP_Compuesto_NoARD,Quinoa15,Tenebrio,main,Quinoa15,quinoa,15,1,46.2406551012102,46.07478131404468,2.705251528564181,0.16587378716552337,True
main_only,diet_name,FULL,True,GP_Compuesto_NoARD,Quinoa15,Tenebrio,main,Quinoa15,quinoa,15,2,49.74165607410812,46.07478131404468,2.705251528564181,3.6668747600634433,True
main_only,diet_name,FULL,True,GP_Compuesto_NoARD,Quinoa15,Tenebrio,main,Quinoa15,quinoa,15,3,49.0536857059127,46.07478131404468,2.705251528564181,2.9789043918680207,True
main_only,diet_name,FULL,True,Dummy_GlobalMean,Quinoa30,Hermetia,main,Quinoa30,quinoa,30,1,30.76039775705413,36.83866531941135,,6.078267562357219,
main_only,diet_name,FULL,True,Dummy_GlobalMean,Quinoa30,Hermetia,main,Quinoa30,quinoa,30,2,29.22593647982689,36.83866531941135,,7.6127288395844595,
main_only,diet_name,FULL,True,Dummy_GlobalMean,Quinoa30,Hermetia,main,Quinoa30,quinoa,30,3,29.965998391774416,36.83866531941135,,6.872666927636931,
main_only,diet_name,FULL,True,Dummy_GlobalMean,Quinoa30,Tenebrio,main,Quinoa30,quinoa,30,1,47.1681642185215,36.83866531941135,,10.329498899110149,
main_only,diet_name,FULL,True,Dummy_GlobalMean,Quinoa30,Tenebrio,main,Quinoa30,quinoa,30,2,45.28074275235599,36.83866531941135,,8.442077432944643,
main_only,diet_name,FULL,True,Dummy_GlobalMean,Quinoa30,Tenebrio,main,Quinoa30,quinoa,30,3,47.27488115350477,36.83866531941135,,10.436215834093424,
main_only,diet_name,FULL,True,Dummy_SpeciesMean,Quinoa30,Hermetia,main,Quinoa30,quinoa,30,1,30.76039775705413,28.815605029629165,,1.9447927274249643,
main_only,diet_name,FULL,True,Dummy_SpeciesMean,Quinoa30,Hermetia,main,Quinoa30,quinoa,30,2,29.22593647982689,28.815605029629165,,0.41033145019772377,
main_only,diet_name,FULL,True,Dummy_SpeciesMean,Quinoa30,Hermetia,main,Quinoa30,quinoa,30,3,29.965998391774416,28.815605029629165,,1.1503933621452518,
main_only,diet_name,FULL,True,Dummy_SpeciesMean,Quinoa30,Tenebrio,main,Quinoa30,quinoa,30,1,47.1681642185215,44.861725609193535,,2.3064386093279623,
main_only,diet_name,FULL,True,Dummy_SpeciesMean,Quinoa30,Tenebrio,main,Quinoa30,quinoa,30,2,45.28074275235599,44.861725609193535,,0.4190171431624563,
main_only,diet_name,FULL,True,Dummy_SpeciesMean,Quinoa30,Tenebrio,main,Quinoa30,quinoa,30,3,47.27488115350477,44.861725609193535,,2.4131555443112376,
main_only,diet_name,FULL,True,GP_Compuesto_NoARD,Quinoa30,Hermetia,main,Quinoa30,quinoa,30,1,30.76039775705413,31.798534904256453,2.357421637564285,1.038137147202324,True
main_only,diet_name,FULL,True,GP_Compuesto_NoARD,Quinoa30,Hermetia,main,Quinoa30,quinoa,30,2,29.22593647982689,31.798534904256453,2.357421637564285,2.5725984244295645,True
main_only,diet_name,FULL,True,GP_Compuesto_NoARD,Quinoa30,Hermetia,main,Quinoa30,quinoa,30,3,29.965998391774416,31.798534904256453,2.357421637564285,1.8325365124820365,True
main_only,diet_name,FULL,True,GP_Compuesto_NoARD,Quinoa30,Tenebrio,main,Quinoa30,quinoa,30,1,47.1681642185215,46.47530166559758,2.3185364115880738,0.6928625529239198,True
main_only,diet_name,FULL,True,GP_Compuesto_NoARD,Quinoa30,Tenebrio,main,Quinoa30,quinoa,30,2,45.28074275235599,46.47530166559758,2.3185364115880738,1.1945589132415861,True
main_only,diet_name,FULL,True,GP_Compuesto_NoARD,Quinoa30,Tenebrio,main,Quinoa30,quinoa,30,3,47.27488115350477,46.47530166559758,2.3185364115880738,0.7995794879071951,True
main_only,diet_name,FULL,True,Dummy_GlobalMean,Quinoa50,Hermetia,main,Quinoa50,quinoa,50,1,30.811944171324868,36.83914665435494,,6.027202483030074,
main_only,diet_name,FULL,True,Dummy_GlobalMean,Quinoa50,Hermetia,main,Quinoa50,quinoa,50,2,28.23608632105669,36.83914665435494,,8.603060333298252,
main_only,diet_name,FULL,True,Dummy_GlobalMean,Quinoa50,Hermetia,main,Quinoa50,quinoa,50,3,30.441941426236617,36.83914665435494,,6.397205228118324,
main_only,diet_name,FULL,True,Dummy_GlobalMean,Quinoa50,Tenebrio,main,Quinoa50,quinoa,50,1,46.3907897545748,36.83914665435494,,9.551643100219856,
main_only,diet_name,FULL,True,Dummy_GlobalMean,Quinoa50,Tenebrio,main,Quinoa50,quinoa,50,2,46.509235603005465,36.83914665435494,,9.670088948650523,
main_only,diet_name,FULL,True,Dummy_GlobalMean,Quinoa50,Tenebrio,main,Quinoa50,quinoa,50,3,47.25724338022376,36.83914665435494,,10.418096725868821,
main_only,diet_name,FULL,True,Dummy_SpeciesMean,Quinoa50,Hermetia,main,Quinoa50,quinoa,50,1,30.811944171324868,28.83101705329707,,1.9809271180277968,
main_only,diet_name,FULL,True,Dummy_SpeciesMean,Quinoa50,Hermetia,main,Quinoa50,quinoa,50,2,28.23608632105669,28.83101705329707,,0.5949307322403818,
main_only,diet_name,FULL,True,Dummy_SpeciesMean,Quinoa50,Hermetia,main,Quinoa50,quinoa,50,3,30.441941426236617,28.83101705329707,,1.6109243729395466,
main_only,diet_name,FULL,True,Dummy_SpeciesMean,Quinoa50,Tenebrio,main,Quinoa50,quinoa,50,1,46.3907897545748,44.84727625541281,,1.543513499161989,
main_only,diet_name,FULL,True,Dummy_SpeciesMean,Quinoa50,Tenebrio,main,Quinoa50,quinoa,50,2,46.509235603005465,44.84727625541281,,1.6619593475926564,
main_only,diet_name,FULL,True,Dummy_SpeciesMean,Quinoa50,Tenebrio,main,Quinoa50,quinoa,50,3,47.25724338022376,44.84727625541281,,2.4099671248109544,
main_only,diet_name,FULL,True,GP_Compuesto_NoARD,Quinoa50,Hermetia,main,Quinoa50,quinoa,50,1,30.811944171324868,31.931754869671167,2.8265329869643137,1.1198106983462992,True
main_only,diet_name,FULL,True,GP_Compuesto_NoARD,Quinoa50,Hermetia,main,Quinoa50,quinoa,50,2,28.23608632105669,31.931754869671167,2.8265329869643137,3.695668548614478,True
main_only,diet_name,FULL,True,GP_Compuesto_NoARD,Quinoa50,Hermetia,main,Quinoa50,quinoa,50,3,30.441941426236617,31.931754869671167,2.8265329869643137,1.4898134434345494,True
main_only,diet_name,FULL,True,GP_Compuesto_NoARD,Quinoa50,Tenebrio,main,Quinoa50,quinoa,50,1,46.3907897545748,45.83040303455265,3.2776238850990875,0.5603867200221444,True
main_only,diet_name,FULL,True,GP_Compuesto_NoARD,Quinoa50,Tenebrio,main,Quinoa50,quinoa,50,2,46.509235603005465,45.83040303455265,3.2776238850990875,0.6788325684528118,True
main_only,diet_name,FULL,True,GP_Compuesto_NoARD,Quinoa50,Tenebrio,main,Quinoa50,quinoa,50,3,47.25724338022376,45.83040303455265,3.2776238850990875,1.4268403456711098,True
main_only,species_diet,REDUCED,False,Dummy_GlobalMean,Hermetia::Control,Hermetia,main,Control,control,0,1,32.29822786111878,37.20932574622209,,4.91109788510331,
main_only,species_diet,REDUCED,False,Dummy_GlobalMean,Hermetia::Control,Hermetia,main,Control,control,0,2,31.9882734211747,37.20932574622209,,5.221052325047392,
main_only,species_diet,REDUCED,False,Dummy_GlobalMean,Hermetia::Control,Hermetia,main,Control,control,0,3,31.52201662343253,37.20932574622209,,5.687309122789561,
main_only,species_diet,REDUCED,False,Dummy_SpeciesMean,Hermetia::Control,Hermetia,main,Control,control,0,1,32.29822786111878,28.620398853726808,,3.677829007391974,
main_only,species_diet,REDUCED,False,Dummy_SpeciesMean,Hermetia::Control,Hermetia,main,Control,control,0,2,31.9882734211747,28.620398853726808,,3.367874567447892,
main_only,species_diet,REDUCED,False,Dummy_SpeciesMean,Hermetia::Control,Hermetia,main,Control,control,0,3,31.52201662343253,28.620398853726808,,2.901617769705723,
main_only,species_diet,REDUCED,False,GP_Compuesto_NoARD,Hermetia::Control,Hermetia,main,Control,control,0,1,32.29822786111878,26.825311736123652,5.457118675605709,5.47291612499513,True
main_only,species_diet,REDUCED,False,GP_Compuesto_NoARD,Hermetia::Control,Hermetia,main,Control,control,0,2,31.9882734211747,26.825311736123652,5.457118675605709,5.162961685051048,True
main_only,species_diet,REDUCED,False,GP_Compuesto_NoARD,Hermetia::Control,Hermetia,main,Control,control,0,3,31.52201662343253,26.825311736123645,5.457118675605709,4.696704887308886,True
main_only,species_diet,REDUCED,False,Dummy_GlobalMean,Hermetia::Hoja15,Hermetia,main,Hoja15,hoja,15,1,32.439876828877715,37.23404264926846,,4.794165820390745,
main_only,species_diet,REDUCED,False,Dummy_GlobalMean,Hermetia::Hoja15,Hermetia,main,Hoja15,hoja,15,2,31.861332823005377,37.23404264926846,,5.372709826263083,
main_only,species_diet,REDUCED,False,Dummy_GlobalMean,Hermetia::Hoja15,Hermetia,main,Hoja15,hoja,15,3,29.950143361921626,37.23404264926846,,7.283899287346834,
main_only,species_diet,REDUCED,False,Dummy_SpeciesMean,Hermetia::Hoja15,Hermetia,main,Hoja15,hoja,15,1,32.439876828877715,28.672304350124186,,3.7675724787535287,
main_only,species_diet,REDUCED,False,Dummy_SpeciesMean,Hermetia::Hoja15,Hermetia,main,Hoja15,hoja,15,2,31.861332823005377,28.672304350124186,,3.1890284728811906,
main_only,species_diet,REDUCED,False,Dummy_SpeciesMean,Hermetia::Hoja15,Hermetia,main,Hoja15,hoja,15,3,29.950143361921626,28.672304350124186,,1.2778390117974396,
main_only,species_diet,REDUCED,False,GP_Compuesto_NoARD,Hermetia::Hoja15,Hermetia,main,Hoja15,hoja,15,1,32.439876828877715,24.22480809824077,3.9201648474801107,8.215068730636943,False
main_only,species_diet,REDUCED,False,GP_Compuesto_NoARD,Hermetia::Hoja15,Hermetia,main,Hoja15,hoja,15,2,31.861332823005377,24.22480809824077,3.9201648474801107,7.636524724764605,True
main_only,species_diet,REDUCED,False,GP_Compuesto_NoARD,Hermetia::Hoja15,Hermetia,main,Hoja15,hoja,15,3,29.950143361921626,24.224808098240803,3.9201648474801107,5.725335263680822,True
main_only,species_diet,REDUCED,False,Dummy_GlobalMean,Hermetia::Hoja30,Hermetia,main,Hoja30,hoja,30,1,24.518904936914268,37.5673661021483,,13.04846116523403,
main_only,species_diet,REDUCED,False,Dummy_GlobalMean,Hermetia::Hoja30,Hermetia,main,Hoja30,hoja,30,2,23.472591934148408,37.5673661021483,,14.09477416799989,
main_only,species_diet,REDUCED,False,Dummy_GlobalMean,Hermetia::Hoja30,Hermetia,main,Hoja30,hoja,30,3,25.260478611312173,37.5673661021483,,12.306887490836125,
main_only,species_diet,REDUCED,False,Dummy_SpeciesMean,Hermetia::Hoja30,Hermetia,main,Hoja30,hoja,30,1,24.518904936914268,29.372283601171848,,4.85337866425758,
main_only,species_diet,REDUCED,False,Dummy_SpeciesMean,Hermetia::Hoja30,Hermetia,main,Hoja30,hoja,30,2,23.472591934148408,29.372283601171848,,5.89969166702344,
main_only,species_diet,REDUCED,False,Dummy_SpeciesMean,Hermetia::Hoja30,Hermetia,main,Hoja30,hoja,30,3,25.260478611312173,29.372283601171848,,4.1118049898596745,
main_only,species_diet,REDUCED,False,GP_Compuesto_NoARD,Hermetia::Hoja30,Hermetia,main,Hoja30,hoja,30,1,24.518904936914268,29.92624516326131,2.248406448569349,5.407340226347042,False
main_only,species_diet,REDUCED,False,GP_Compuesto_NoARD,Hermetia::Hoja30,Hermetia,main,Hoja30,hoja,30,2,23.472591934148408,29.92624516326131,2.248406448569349,6.453653229112902,False
main_only,species_diet,REDUCED,False,GP_Compuesto_NoARD,Hermetia::Hoja30,Hermetia,main,Hoja30,hoja,30,3,25.260478611312173,29.926245163261296,2.248406448569349,4.6657665519491225,False
main_only,species_diet,REDUCED,False,Dummy_GlobalMean,Hermetia::Hoja50,Hermetia,main,Hoja50,hoja,50,1,22.677020960046544,37.61721508938187,,14.940194129335328,
main_only,species_diet,REDUCED,False,Dummy_GlobalMean,Hermetia::Hoja50,Hermetia,main,Hoja50,hoja,50,2,23.384593109734844,37.61721508938187,,14.232621979647028,
main_only,species_diet,REDUCED,False,Dummy_GlobalMean,Hermetia::Hoja50,Hermetia,main,Hoja50,hoja,50,3,24.04987521687871,37.61721508938187,,13.567339872503162,
main_only,species_diet,REDUCED,False,Dummy_SpeciesMean,Hermetia::Hoja50,Hermetia,main,Hoja50,hoja,50,1,22.677020960046544,29.47696647436234,,6.7999455143157945,
main_only,species_diet,REDUCED,False,Dummy_SpeciesMean,Hermetia::Hoja50,Hermetia,main,Hoja50,hoja,50,2,23.384593109734844,29.47696647436234,,6.092373364627495,
main_only,species_diet,REDUCED,False,Dummy_SpeciesMean,Hermetia::Hoja50,Hermetia,main,Hoja50,hoja,50,3,24.04987521687871,29.47696647436234,,5.427091257483628,
main_only,species_diet,REDUCED,False,GP_Compuesto_NoARD,Hermetia::Hoja50,Hermetia,main,Hoja50,hoja,50,1,22.677020960046544,31.044117590713498,3.3179886472356404,8.367096630666953,False
main_only,species_diet,REDUCED,False,GP_Compuesto_NoARD,Hermetia::Hoja50,Hermetia,main,Hoja50,hoja,50,2,23.384593109734844,31.044117590713498,3.3179886472356404,7.659524480978654,False
main_only,species_diet,REDUCED,False,GP_Compuesto_NoARD,Hermetia::Hoja50,Hermetia,main,Hoja50,hoja,50,3,24.04987521687871,31.044117590713505,3.317988647235645,6.994242373834794,False
main_only,species_diet,REDUCED,False,Dummy_GlobalMean,Hermetia::Orujo30,Hermetia,main,Orujo30,orujo,30,1,31.314123313447407,37.286194375163596,,5.972071061716189,
main_only,species_diet,REDUCED,False,Dummy_GlobalMean,Hermetia::Orujo30,Hermetia,main,Orujo30,orujo,30,2,28.651274165528747,37.286194375163596,,8.63492020963485,
main_only,species_diet,REDUCED,False,Dummy_GlobalMean,Hermetia::Orujo30,Hermetia,main,Orujo30,orujo,30,3,31.00039680343508,37.286194375163596,,6.285797571728516,
main_only,species_diet,REDUCED,False,Dummy_SpeciesMean,Hermetia::Orujo30,Hermetia,main,Orujo30,orujo,30,1,31.314123313447407,28.78182297450397,,2.532300338943436,
main_only,species_diet,REDUCED,False,Dummy_SpeciesMean,Hermetia::Orujo30,Hermetia,main,Orujo30,orujo,30,2,28.651274165528747,28.78182297450397,,0.1305488089752238,
main_only,species_diet,REDUCED,False,Dummy_SpeciesMean,Hermetia::Orujo30,Hermetia,main,Orujo30,orujo,30,3,31.00039680343508,28.78182297450397,,2.2185738289311097,
main_only,species_diet,REDUCED,False,GP_Compuesto_NoARD,Hermetia::Orujo30,Hermetia,main,Orujo30,orujo,30,1,31.314123313447407,36.03043780735874,3.4509055277150846,4.71631449391133,True
main_only,species_diet,REDUCED,False,GP_Compuesto_NoARD,Hermetia::Orujo30,Hermetia,main,Orujo30,orujo,30,2,28.651274165528747,36.03043780735874,3.4509055277150846,7.37916364182999,False
main_only,species_diet,REDUCED,False,GP_Compuesto_NoARD,Hermetia::Orujo30,Hermetia,main,Orujo30,orujo,30,3,31.00039680343508,36.03043780735874,3.4509055277150846,5.030041003923657,True
main_only,species_diet,REDUCED,False,Dummy_GlobalMean,Hermetia::Orujo50,Hermetia,main,Orujo50,orujo,50,1,32.02004533085088,37.199267636831514,,5.1792223059806375,
main_only,species_diet,REDUCED,False,Dummy_GlobalMean,Hermetia::Orujo50,Hermetia,main,Orujo50,orujo,50,2,33.161725303735146,37.199267636831514,,4.0375423330963685,
main_only,species_diet,REDUCED,False,Dummy_GlobalMean,Hermetia::Orujo50,Hermetia,main,Orujo50,orujo,50,3,31.260408162746693,37.199267636831514,,5.938859474084822,
main_only,species_diet,REDUCED,False,Dummy_SpeciesMean,Hermetia::Orujo50,Hermetia,main,Orujo50,orujo,50,1,32.02004533085088,28.599276824006587,,3.42076850684429,
main_only,species_diet,REDUCED,False,Dummy_SpeciesMean,Hermetia::Orujo50,Hermetia,main,Orujo50,orujo,50,2,33.161725303735146,28.599276824006587,,4.562448479728559,
main_only,species_diet,REDUCED,False,Dummy_SpeciesMean,Hermetia::Orujo50,Hermetia,main,Orujo50,orujo,50,3,31.260408162746693,28.599276824006587,,2.6611313387401054,
main_only,species_diet,REDUCED,False,GP_Compuesto_NoARD,Hermetia::Orujo50,Hermetia,main,Orujo50,orujo,50,1,32.02004533085088,35.99047891678161,2.117496543612586,3.970433585930735,True
main_only,species_diet,REDUCED,False,GP_Compuesto_NoARD,Hermetia::Orujo50,Hermetia,main,Orujo50,orujo,50,2,33.161725303735146,35.99047891678161,2.117496543612586,2.828753613046466,True
main_only,species_diet,REDUCED,False,GP_Compuesto_NoARD,Hermetia::Orujo50,Hermetia,main,Orujo50,orujo,50,3,31.260408162746693,35.990478916781605,2.1174965436125937,4.730070754034912,False
main_only,species_diet,REDUCED,False,Dummy_GlobalMean,Hermetia::Orujo70,Hermetia,main,Orujo70,orujo,70,1,28.145262440510347,37.42525161042317,,9.27998916991282,
main_only,species_diet,REDUCED,False,Dummy_GlobalMean,Hermetia::Orujo70,Hermetia,main,Orujo70,orujo,70,2,27.19851217684783,37.42525161042317,,10.226739433575336,
main_only,species_diet,REDUCED,False,Dummy_GlobalMean,Hermetia::Orujo70,Hermetia,main,Orujo70,orujo,70,3,26.86141384370052,37.42525161042317,,10.563837766722646,
main_only,species_diet,REDUCED,False,Dummy_SpeciesMean,Hermetia::Orujo70,Hermetia,main,Orujo70,orujo,70,1,28.145262440510347,29.073843168549054,,0.9285807280387068,
main_only,species_diet,REDUCED,False,Dummy_SpeciesMean,Hermetia::Orujo70,Hermetia,main,Orujo70,orujo,70,2,27.19851217684783,29.073843168549054,,1.8753309917012224,
main_only,species_diet,REDUCED,False,Dummy_SpeciesMean,Hermetia::Orujo70,Hermetia,main,Orujo70,orujo,70,3,26.86141384370052,29.073843168549054,,2.2124293248485323,
main_only,species_diet,REDUCED,False,GP_Compuesto_NoARD,Hermetia::Orujo70,Hermetia,main,Orujo70,orujo,70,1,28.145262440510347,33.804697617579215,2.107693016026539,5.659435177068868,False
main_only,species_diet,REDUCED,False,GP_Compuesto_NoARD,Hermetia::Orujo70,Hermetia,main,Orujo70,orujo,70,2,27.19851217684783,33.804697617579215,2.107693016026539,6.606185440731384,False
main_only,species_diet,REDUCED,False,GP_Compuesto_NoARD,Hermetia::Orujo70,Hermetia,main,Orujo70,orujo,70,3,26.86141384370052,33.80469761757921,2.1076930160265244,6.943283773878687,False
main_only,species_diet,REDUCED,False,Dummy_GlobalMean,Hermetia::Orujo90,Hermetia,main,Orujo90,orujo,90,1,27.992592815001228,37.4659588511076,,9.473366036106373,
main_only,species_diet,REDUCED,False,Dummy_GlobalMean,Hermetia::Orujo90,Hermetia,main,Orujo90,orujo,90,2,23.674781663935857,37.4659588511076,,13.791177187171744,
main_only,species_diet,REDUCED,False,Dummy_GlobalMean,Hermetia::Orujo90,Hermetia,main,Orujo90,orujo,90,3,27.97325781900284,37.4659588511076,,9.492701032104762,
main_only,species_diet,REDUCED,False,Dummy_SpeciesMean,Hermetia::Orujo90,Hermetia,main,Orujo90,orujo,90,1,27.992592815001228,29.159328373986344,,1.166735558985117,
main_only,species_diet,REDUCED,False,Dummy_SpeciesMean,Hermetia::Orujo90,Hermetia,main,Orujo90,orujo,90,2,23.674781663935857,29.159328373986344,,5.484546710050488,
main_only,species_diet,REDUCED,False,Dummy_SpeciesMean,Hermetia::Orujo90,Hermetia,main,Orujo90,orujo,90,3,27.97325781900284,29.159328373986344,,1.1860705549835053,
main_only,species_diet,REDUCED,False,GP_Compuesto_NoARD,Hermetia::Orujo90,Hermetia,main,Orujo90,orujo,90,1,27.992592815001228,37.37901884674246,4.466790072172318,9.386426031741234,False
main_only,species_diet,REDUCED,False,GP_Compuesto_NoARD,Hermetia::Orujo90,Hermetia,main,Orujo90,orujo,90,2,23.674781663935857,37.37901884674246,4.466790072172318,13.704237182806605,False
main_only,species_diet,REDUCED,False,GP_Compuesto_NoARD,Hermetia::Orujo90,Hermetia,main,Orujo90,orujo,90,3,27.97325781900284,37.3790188467425,4.466790072172318,9.405761027739658,False
main_only,species_diet,REDUCED,False,Dummy_GlobalMean,Hermetia::Quinoa15,Hermetia,main,Quinoa15,quinoa,15,1,32.25326659440655,37.26499984880587,,5.011733254399324,
main_only,species_diet,REDUCED,False,Dummy_GlobalMean,Hermetia::Quinoa15,Hermetia,main,Quinoa15,quinoa,15,2,30.29567215292689,37.26499984880587,,6.969327695878981,
main_only,species_diet,REDUCED,False,Dummy_GlobalMean,Hermetia::Quinoa15,Hermetia,main,Quinoa15,quinoa,15,3,29.75211069561501,37.26499984880587,,7.512889153190862,
main_only,species_diet,REDUCED,False,Dummy_SpeciesMean,Hermetia::Quinoa15,Hermetia,main,Quinoa15,quinoa,15,1,32.25326659440655,28.73731446915273,,3.5159521252538184,
main_only,species_diet,REDUCED,False,Dummy_SpeciesMean,Hermetia::Quinoa15,Hermetia,main,Quinoa15,quinoa,15,2,30.29567215292689,28.73731446915273,,1.5583576837741617,
main_only,species_diet,REDUCED,False,Dummy_SpeciesMean,Hermetia::Quinoa15,Hermetia,main,Quinoa15,quinoa,15,3,29.75211069561501,28.73731446915273,,1.0147962264622805,
main_only,species_diet,REDUCED,False,GP_Compuesto_NoARD,Hermetia::Quinoa15,Hermetia,main,Quinoa15,quinoa,15,1,32.25326659440655,31.51840226664083,3.204836557795236,0.7348643277657168,True
main_only,species_diet,REDUCED,False,GP_Compuesto_NoARD,Hermetia::Quinoa15,Hermetia,main,Quinoa15,quinoa,15,2,30.29567215292689,31.51840226664083,3.204836557795236,1.22273011371394,True
main_only,species_diet,REDUCED,False,GP_Compuesto_NoARD,Hermetia::Quinoa15,Hermetia,main,Quinoa15,quinoa,15,3,29.75211069561501,31.5184022666408,3.204836557795241,1.7662915710257892,True
main_only,species_diet,REDUCED,False,Dummy_GlobalMean,Hermetia::Quinoa30,Hermetia,main,Quinoa30,quinoa,30,1,30.76039775705413,37.30228106808036,,6.541883311026233,
main_only,species_diet,REDUCED,False,Dummy_GlobalMean,Hermetia::Quinoa30,Hermetia,main,Quinoa30,quinoa,30,2,29.22593647982689,37.30228106808036,,8.076344588253473,
main_only,species_diet,REDUCED,False,Dummy_GlobalMean,Hermetia::Quinoa30,Hermetia,main,Quinoa30,quinoa,30,3,29.965998391774416,37.30228106808036,,7.336282676305945,
main_only,species_diet,REDUCED,False,Dummy_SpeciesMean,Hermetia::Quinoa30,Hermetia,main,Quinoa30,quinoa,30,1,30.76039775705413,28.815605029629165,,1.9447927274249643,
main_only,species_diet,REDUCED,False,Dummy_SpeciesMean,Hermetia::Quinoa30,Hermetia,main,Quinoa30,quinoa,30,2,29.22593647982689,28.815605029629165,,0.41033145019772377,
main_only,species_diet,REDUCED,False,Dummy_SpeciesMean,Hermetia::Quinoa30,Hermetia,main,Quinoa30,quinoa,30,3,29.965998391774416,28.815605029629165,,1.1503933621452518,
main_only,species_diet,REDUCED,False,GP_Compuesto_NoARD,Hermetia::Quinoa30,Hermetia,main,Quinoa30,quinoa,30,1,30.76039775705413,33.61957238930647,2.2728219646124623,2.8591746322523406,True
main_only,species_diet,REDUCED,False,GP_Compuesto_NoARD,Hermetia::Quinoa30,Hermetia,main,Quinoa30,quinoa,30,2,29.22593647982689,33.61957238930647,2.2728219646124623,4.393635909479581,True
main_only,species_diet,REDUCED,False,GP_Compuesto_NoARD,Hermetia::Quinoa30,Hermetia,main,Quinoa30,quinoa,30,3,29.965998391774416,33.61957238930647,2.2728219646124623,3.653573997532053,True
main_only,species_diet,REDUCED,False,Dummy_GlobalMean,Hermetia::Quinoa50,Hermetia,main,Quinoa50,quinoa,50,1,30.811944171324868,37.30962012696985,,6.497675955644979,
main_only,species_diet,REDUCED,False,Dummy_GlobalMean,Hermetia::Quinoa50,Hermetia,main,Quinoa50,quinoa,50,2,28.23608632105669,37.30962012696985,,9.073533805913158,
main_only,species_diet,REDUCED,False,Dummy_GlobalMean,Hermetia::Quinoa50,Hermetia,main,Quinoa50,quinoa,50,3,30.441941426236617,37.30962012696985,,6.867678700733229,
main_only,species_diet,REDUCED,False,Dummy_SpeciesMean,Hermetia::Quinoa50,Hermetia,main,Quinoa50,quinoa,50,1,30.811944171324868,28.83101705329707,,1.9809271180277968,
main_only,species_diet,REDUCED,False,Dummy_SpeciesMean,Hermetia::Quinoa50,Hermetia,main,Quinoa50,quinoa,50,2,28.23608632105669,28.83101705329707,,0.5949307322403818,
main_only,species_diet,REDUCED,False,Dummy_SpeciesMean,Hermetia::Quinoa50,Hermetia,main,Quinoa50,quinoa,50,3,30.441941426236617,28.83101705329707,,1.6109243729395466,
main_only,species_diet,REDUCED,False,GP_Compuesto_NoARD,Hermetia::Quinoa50,Hermetia,main,Quinoa50,quinoa,50,1,30.811944171324868,32.16429984834265,3.3133766513767857,1.3523556770177834,True
main_only,species_diet,REDUCED,False,GP_Compuesto_NoARD,Hermetia::Quinoa50,Hermetia,main,Quinoa50,quinoa,50,2,28.23608632105669,32.16429984834265,3.3133766513767857,3.928213527285962,True
main_only,species_diet,REDUCED,False,GP_Compuesto_NoARD,Hermetia::Quinoa50,Hermetia,main,Quinoa50,quinoa,50,3,30.441941426236617,32.16429984834266,3.3133766513767857,1.7223584221060406,True
main_only,species_diet,REDUCED,False,Dummy_GlobalMean,Tenebrio::Control,Tenebrio,main,Control,control,0,1,42.724277530166994,36.66891249112835,,6.055365039038641,
main_only,species_diet,REDUCED,False,Dummy_GlobalMean,Tenebrio::Control,Tenebrio,main,Control,control,0,2,43.79839302328586,36.66891249112835,,7.129480532157508,
main_only,species_diet,REDUCED,False,Dummy_GlobalMean,Tenebrio::Control,Tenebrio,main,Control,control,0,3,43.331882423179295,36.66891249112835,,6.662969932050942,
main_only,species_diet,REDUCED,False,Dummy_SpeciesMean,Tenebrio::Control,Tenebrio,main,Control,control,0,1,42.724277530166994,45.190700114118535,,2.466422583951541,
main_only,species_diet,REDUCED,False,Dummy_SpeciesMean,Tenebrio::Control,Tenebrio,main,Control,control,0,2,43.79839302328586,45.190700114118535,,1.3923070908326736,
main_only,species_diet,REDUCED,False,Dummy_SpeciesMean,Tenebrio::Control,Tenebrio,main,Control,control,0,3,43.331882423179295,45.190700114118535,,1.8588176909392402,
main_only,species_diet,REDUCED,False,GP_Compuesto_NoARD,Tenebrio::Control,Tenebrio,main,Control,control,0,1,42.724277530166994,48.41481074310364,5.428738489110075,5.690533212936643,True
main_only,species_diet,REDUCED,False,GP_Compuesto_NoARD,Tenebrio::Control,Tenebrio,main,Control,control,0,2,43.79839302328586,48.41481074310364,5.428738489110075,4.616417719817775,True
main_only,species_diet,REDUCED,False,GP_Compuesto_NoARD,Tenebrio::Control,Tenebrio,main,Control,control,0,3,43.331882423179295,48.41481074310363,5.428738489110075,5.082928319924335,True
main_only,species_diet,REDUCED,False,Dummy_GlobalMean,Tenebrio::Hoja15,Tenebrio,main,Hoja15,hoja,15,1,44.59966850546592,36.55287624719847,,8.046792258267452,
main_only,species_diet,REDUCED,False,Dummy_GlobalMean,Tenebrio::Hoja15,Tenebrio,main,Hoja15,hoja,15,2,48.58207253144869,36.55287624719847,,12.029196284250219,
main_only,species_diet,REDUCED,False,Dummy_GlobalMean,Tenebrio::Hoja15,Tenebrio,main,Hoja15,hoja,15,3,43.98309530729985,36.55287624719847,,7.430219060101379,
main_only,species_diet,REDUCED,False,Dummy_SpeciesMean,Tenebrio::Hoja15,Tenebrio,main,Hoja15,hoja,15,1,44.59966850546592,44.94702400186579,,0.34735549639987084,
main_only,species_diet,REDUCED,False,Dummy_SpeciesMean,Tenebrio::Hoja15,Tenebrio,main,Hoja15,hoja,15,2,48.58207253144869,44.94702400186579,,3.635048529582896,
main_only,species_diet,REDUCED,False,Dummy_SpeciesMean,Tenebrio::Hoja15,Tenebrio,main,Hoja15,hoja,15,3,43.98309530729985,44.94702400186579,,0.9639286945659435,
main_only,species_diet,REDUCED,False,GP_Compuesto_NoARD,Tenebrio::Hoja15,Tenebrio,main,Hoja15,hoja,15,1,44.59966850546592,42.6506022668405,3.2943686817210764,1.94906623862542,True
main_only,species_diet,REDUCED,False,GP_Compuesto_NoARD,Tenebrio::Hoja15,Tenebrio,main,Hoja15,hoja,15,2,48.58207253144869,42.6506022668405,3.2943686817210764,5.931470264608187,True
main_only,species_diet,REDUCED,False,GP_Compuesto_NoARD,Tenebrio::Hoja15,Tenebrio,main,Hoja15,hoja,15,3,43.98309530729985,42.65060226684048,3.2943686817210764,1.3324930404593687,True
main_only,species_diet,REDUCED,False,Dummy_GlobalMean,Tenebrio::Hoja30,Tenebrio,main,Hoja30,hoja,30,1,43.64443148041813,36.64435694876618,,7.000074531651947,
main_only,species_diet,REDUCED,False,Dummy_GlobalMean,Tenebrio::Hoja30,Tenebrio,main,Hoja30,hoja,30,2,45.32322480412907,36.64435694876618,,8.678867855362888,
main_only,species_diet,REDUCED,False,Dummy_GlobalMean,Tenebrio::Hoja30,Tenebrio,main,Hoja30,hoja,30,3,42.43389586090185,36.64435694876618,,5.789538912135669,
main_only,species_diet,REDUCED,False,Dummy_SpeciesMean,Tenebrio::Hoja30,Tenebrio,main,Hoja30,hoja,30,1,43.64443148041813,45.139133475157976,,1.4947019947398488,
main_only,species_diet,REDUCED,False,Dummy_SpeciesMean,Tenebrio::Hoja30,Tenebrio,main,Hoja30,hoja,30,2,45.32322480412907,45.139133475157976,,0.1840913289710926,
main_only,species_diet,REDUCED,False,Dummy_SpeciesMean,Tenebrio::Hoja30,Tenebrio,main,Hoja30,hoja,30,3,42.43389586090185,45.139133475157976,,2.705237614256127,
main_only,species_diet,REDUCED,False,GP_Compuesto_NoARD,Tenebrio::Hoja30,Tenebrio,main,Hoja30,hoja,30,1,43.64443148041813,42.48362482337378,2.386226465876885,1.160806657044347,True
main_only,species_diet,REDUCED,False,GP_Compuesto_NoARD,Tenebrio::Hoja30,Tenebrio,main,Hoja30,hoja,30,2,45.32322480412907,42.48362482337378,2.386226465876885,2.8395999807552883,True
main_only,species_diet,REDUCED,False,GP_Compuesto_NoARD,Tenebrio::Hoja30,Tenebrio,main,Hoja30,hoja,30,3,42.43389586090185,42.48362482337378,2.386226465876885,0.04972896247193148,True
main_only,species_diet,REDUCED,False,Dummy_GlobalMean,Tenebrio::Hoja50,Tenebrio,main,Hoja50,hoja,50,1,43.13594119232716,36.653742658606895,,6.482198533720265,
main_only,species_diet,REDUCED,False,Dummy_GlobalMean,Tenebrio::Hoja50,Tenebrio,main,Hoja50,hoja,50,2,44.6843260049324,36.653742658606895,,8.030583346325507,
main_only,species_diet,REDUCED,False,Dummy_GlobalMean,Tenebrio::Hoja50,Tenebrio,main,Hoja50,hoja,50,3,42.989985228223965,36.653742658606895,,6.33624256961707,
main_only,species_diet,REDUCED,False,Dummy_SpeciesMean,Tenebrio::Hoja50,Tenebrio,main,Hoja50,hoja,50,1,43.13594119232716,45.15884346582349,,2.022902273496328,
main_only,species_diet,REDUCED,False,Dummy_SpeciesMean,Tenebrio::Hoja50,Tenebrio,main,Hoja50,hoja,50,2,44.6843260049324,45.15884346582349,,0.4745174608910858,
main_only,species_diet,REDUCED,False,Dummy_SpeciesMean,Tenebrio::Hoja50,Tenebrio,main,Hoja50,hoja,50,3,42.989985228223965,45.15884346582349,,2.1688582375995225,
main_only,species_diet,REDUCED,False,GP_Compuesto_NoARD,Tenebrio::Hoja50,Tenebrio,main,Hoja50,hoja,50,1,43.13594119232716,41.03475165253238,4.010229243356537,2.101189539794781,True
main_only,species_diet,REDUCED,False,GP_Compuesto_NoARD,Tenebrio::Hoja50,Tenebrio,main,Hoja50,hoja,50,2,44.6843260049324,41.03475165253238,4.010229243356537,3.6495743524000233,True
main_only,species_diet,REDUCED,False,GP_Compuesto_NoARD,Tenebrio::Hoja50,Tenebrio,main,Hoja50,hoja,50,3,42.989985228223965,41.03475165253238,4.010229243356529,1.9552335756915866,True
main_only,species_diet,REDUCED,False,Dummy_GlobalMean,Tenebrio::Orujo30,Tenebrio,main,Orujo30,orujo,30,1,44.05632136428663,36.51519319685996,,7.54112816742667,
main_only,species_diet,REDUCED,False,Dummy_GlobalMean,Tenebrio::Orujo30,Tenebrio,main,Orujo30,orujo,30,2,47.979408918219136,36.51519319685996,,11.464215721359174,
main_only,species_diet,REDUCED,False,Dummy_GlobalMean,Tenebrio::Orujo30,Tenebrio,main,Orujo30,orujo,30,3,47.50313823303477,36.51519319685996,,10.987945036174807,
main_only,species_diet,REDUCED,False,Dummy_SpeciesMean,Tenebrio::Orujo30,Tenebrio,main,Orujo30,orujo,30,1,44.05632136428663,44.867889596154924,,0.8115682318682929,
main_only,species_diet,REDUCED,False,Dummy_SpeciesMean,Tenebrio::Orujo30,Tenebrio,main,Orujo30,orujo,30,2,47.979408918219136,44.867889596154924,,3.1115193220642112,
main_only,species_diet,REDUCED,False,Dummy_SpeciesMean,Tenebrio::Orujo30,Tenebrio,main,Orujo30,orujo,30,3,47.50313823303477,44.867889596154924,,2.635248636879844,
main_only,species_diet,REDUCED,False,GP_Compuesto_NoARD,Tenebrio::Orujo30,Tenebrio,main,Orujo30,orujo,30,1,44.05632136428663,45.057201249030605,3.0299558016966066,1.0008798847439735,True
main_only,species_diet,REDUCED,False,GP_Compuesto_NoARD,Tenebrio::Orujo30,Tenebrio,main,Orujo30,orujo,30,2,47.979408918219136,45.057201249030605,3.0299558016966066,2.9222076691885306,True
main_only,species_diet,REDUCED,False,GP_Compuesto_NoARD,Tenebrio::Orujo30,Tenebrio,main,Orujo30,orujo,30,3,47.50313823303477,45.0572012490306,3.0299558016966066,2.4459369840041703,True
main_only,species_diet,REDUCED,False,Dummy_GlobalMean,Tenebrio::Orujo50,Tenebrio,main,Orujo50,orujo,50,1,46.60615150745108,36.48627714039684,,10.119874367054244,
main_only,species_diet,REDUCED,False,Dummy_GlobalMean,Tenebrio::Orujo50,Tenebrio,main,Orujo50,orujo,50,2,47.61168446896416,36.48627714039684,,11.12540732856732,
main_only,species_diet,REDUCED,False,Dummy_GlobalMean,Tenebrio::Orujo50,Tenebrio,main,Orujo50,orujo,50,3,47.14274409630263,36.48627714039684,,10.656466955905792,
main_only,species_diet,REDUCED,False,Dummy_SpeciesMean,Tenebrio::Orujo50,Tenebrio,main,Orujo50,orujo,50,1,46.60615150745108,44.80716587758234,,1.7989856298687386,
main_only,species_diet,REDUCED,False,Dummy_SpeciesMean,Tenebrio::Orujo50,Tenebrio,main,Orujo50,orujo,50,2,47.61168446896416,44.80716587758234,,2.8045185913818145,
main_only,species_diet,REDUCED,False,Dummy_SpeciesMean,Tenebrio::Orujo50,Tenebrio,main,Orujo50,orujo,50,3,47.14274409630263,44.80716587758234,,2.3355782187202863,
main_only,species_diet,REDUCED,False,GP_Compuesto_NoARD,Tenebrio::Orujo50,Tenebrio,main,Orujo50,orujo,50,1,46.60615150745108,39.567711885689086,2.0720030069131643,7.038439621761995,False
main_only,species_diet,REDUCED,False,GP_Compuesto_NoARD,Tenebrio::Orujo50,Tenebrio,main,Orujo50,orujo,50,2,47.61168446896416,39.567711885689086,2.0720030069131643,8.043972583275071,False
main_only,species_diet,REDUCED,False,GP_Compuesto_NoARD,Tenebrio::Orujo50,Tenebrio,main,Orujo50,orujo,50,3,47.14274409630263,39.56771188568908,2.0720030069131603,7.57503221061355,False
main_only,species_diet,REDUCED,False,Dummy_GlobalMean,Tenebrio::Orujo70,Tenebrio,main,Orujo70,orujo,70,1,42.989125105205865,36.6965531173985,,6.292571987807364,
main_only,species_diet,REDUCED,False,Dummy_GlobalMean,Tenebrio::Orujo70,Tenebrio,main,Orujo70,orujo,70,2,42.37318058656684,36.6965531173985,,5.676627469168338,
main_only,species_diet,REDUCED,False,Dummy_GlobalMean,Tenebrio::Orujo70,Tenebrio,main,Orujo70,orujo,70,3,42.75088782983994,36.6965531173985,,6.054334712441438,
main_only,species_diet,REDUCED,False,Dummy_SpeciesMean,Tenebrio::Orujo70,Tenebrio,main,Orujo70,orujo,70,1,42.989125105205865,45.248745429285854,,2.2596203240799895,
main_only,species_diet,REDUCED,False,Dummy_SpeciesMean,Tenebrio::Orujo70,Tenebrio,main,Orujo70,orujo,70,2,42.37318058656684,45.248745429285854,,2.8755648427190152,
main_only,species_diet,REDUCED,False,Dummy_SpeciesMean,Tenebrio::Orujo70,Tenebrio,main,Orujo70,orujo,70,3,42.75088782983994,45.248745429285854,,2.497857599445915,
main_only,species_diet,REDUCED,False,GP_Compuesto_NoARD,Tenebrio::Orujo70,Tenebrio,main,Orujo70,orujo,70,1,42.989125105205865,38.34618132740987,2.075961138262787,4.642943777795992,False
main_only,species_diet,REDUCED,False,GP_Compuesto_NoARD,Tenebrio::Orujo70,Tenebrio,main,Orujo70,orujo,70,2,42.37318058656684,38.34618132740987,2.075961138262787,4.026999259156966,True
main_only,species_diet,REDUCED,False,GP_Compuesto_NoARD,Tenebrio::Orujo70,Tenebrio,main,Orujo70,orujo,70,3,42.75088782983994,38.34618132740987,2.075961138262787,4.4047065024300665,False
main_only,species_diet,REDUCED,False,Dummy_GlobalMean,Tenebrio::Orujo90,Tenebrio,main,Orujo90,orujo,90,1,42.63455462687377,36.78700592480313,,5.84754870207064,
main_only,species_diet,REDUCED,False,Dummy_GlobalMean,Tenebrio::Orujo90,Tenebrio,main,Orujo90,orujo,90,2,39.46090226095632,36.78700592480313,,2.6738963361531844,
main_only,species_diet,REDUCED,False,Dummy_GlobalMean,Tenebrio::Orujo90,Tenebrio,main,Orujo90,orujo,90,3,40.31920976729068,36.78700592480313,,3.5322038424875473,
main_only,species_diet,REDUCED,False,Dummy_SpeciesMean,Tenebrio::Orujo90,Tenebrio,main,Orujo90,orujo,90,1,42.63455462687377,45.43869632483559,,2.8041416979618177,
main_only,species_diet,REDUCED,False,Dummy_SpeciesMean,Tenebrio::Orujo90,Tenebrio,main,Orujo90,orujo,90,2,39.46090226095632,45.43869632483559,,5.977794063879273,
main_only,species_diet,REDUCED,False,Dummy_SpeciesMean,Tenebrio::Orujo90,Tenebrio,main,Orujo90,orujo,90,3,40.31920976729068,45.43869632483559,,5.11948655754491,
main_only,species_diet,REDUCED,False,GP_Compuesto_NoARD,Tenebrio::Orujo90,Tenebrio,main,Orujo90,orujo,90,1,42.63455462687377,27.31128418369319,3.6697936028600275,15.323270443180583,False
main_only,species_diet,REDUCED,False,GP_Compuesto_NoARD,Tenebrio::Orujo90,Tenebrio,main,Orujo90,orujo,90,2,39.46090226095632,27.31128418369319,3.6697936028600275,12.149618077263128,False
main_only,species_diet,REDUCED,False,GP_Compuesto_NoARD,Tenebrio::Orujo90,Tenebrio,main,Orujo90,orujo,90,3,40.31920976729068,27.31128418369319,3.669793602860018,13.00792558359749,False
main_only,species_diet,REDUCED,False,Dummy_GlobalMean,Tenebrio::Quinoa15,Tenebrio,main,Quinoa15,quinoa,15,1,46.2406551012102,36.42793719105535,,9.812717910154852,
main_only,species_diet,REDUCED,False,Dummy_GlobalMean,Tenebrio::Quinoa15,Tenebrio,main,Quinoa15,quinoa,15,2,49.74165607410812,36.42793719105535,,13.313718883052772,
main_only,species_diet,REDUCED,False,Dummy_GlobalMean,Tenebrio::Quinoa15,Tenebrio,main,Quinoa15,quinoa,15,3,49.0536857059127,36.42793719105535,,12.62574851485735,
main_only,species_diet,REDUCED,False,Dummy_SpeciesMean,Tenebrio::Quinoa15,Tenebrio,main,Quinoa15,quinoa,15,1,46.2406551012102,44.684651983965246,,1.5560031172449555,
main_only,species_diet,REDUCED,False,Dummy_SpeciesMean,Tenebrio::Quinoa15,Tenebrio,main,Quinoa15,quinoa,15,2,49.74165607410812,44.684651983965246,,5.057004090142875,
main_only,species_diet,REDUCED,False,Dummy_SpeciesMean,Tenebrio::Quinoa15,Tenebrio,main,Quinoa15,quinoa,15,3,49.0536857059127,44.684651983965246,,4.369033721947453,
main_only,species_diet,REDUCED,False,GP_Compuesto_NoARD,Tenebrio::Quinoa15,Tenebrio,main,Quinoa15,quinoa,15,1,46.2406551012102,42.3643650645829,3.019187017161968,3.876290036627303,True
main_only,species_diet,REDUCED,False,GP_Compuesto_NoARD,Tenebrio::Quinoa15,Tenebrio,main,Quinoa15,quinoa,15,2,49.74165607410812,42.3643650645829,3.019187017161968,7.377291009525223,False
main_only,species_diet,REDUCED,False,GP_Compuesto_NoARD,Tenebrio::Quinoa15,Tenebrio,main,Quinoa15,quinoa,15,3,49.0536857059127,42.364365064582906,3.019187017161963,6.689320641329793,False
main_only,species_diet,REDUCED,False,Dummy_GlobalMean,Tenebrio::Quinoa30,Tenebrio,main,Quinoa30,quinoa,30,1,47.1681642185215,36.51225796497359,,10.655906253547904,
main_only,species_diet,REDUCED,False,Dummy_GlobalMean,Tenebrio::Quinoa30,Tenebrio,main,Quinoa30,quinoa,30,2,45.28074275235599,36.51225796497359,,8.768484787382398,
main_only,species_diet,REDUCED,False,Dummy_GlobalMean,Tenebrio::Quinoa30,Tenebrio,main,Quinoa30,quinoa,30,3,47.27488115350477,36.51225796497359,,10.76262318853118,
main_only,species_diet,REDUCED,False,Dummy_SpeciesMean,Tenebrio::Quinoa30,Tenebrio,main,Quinoa30,quinoa,30,1,47.1681642185215,44.861725609193535,,2.3064386093279623,
main_only,species_diet,REDUCED,False,Dummy_SpeciesMean,Tenebrio::Quinoa30,Tenebrio,main,Quinoa30,quinoa,30,2,45.28074275235599,44.861725609193535,,0.4190171431624563,
main_only,species_diet,REDUCED,False,Dummy_SpeciesMean,Tenebrio::Quinoa30,Tenebrio,main,Quinoa30,quinoa,30,3,47.27488115350477,44.861725609193535,,2.4131555443112376,
main_only,species_diet,REDUCED,False,GP_Compuesto_NoARD,Tenebrio::Quinoa30,Tenebrio,main,Quinoa30,quinoa,30,1,47.1681642185215,45.69533327806078,2.357521382584671,1.4728309404607174,True
main_only,species_diet,REDUCED,False,GP_Compuesto_NoARD,Tenebrio::Quinoa30,Tenebrio,main,Quinoa30,quinoa,30,2,45.28074275235599,45.69533327806078,2.357521382584671,0.4145905257047886,True
main_only,species_diet,REDUCED,False,GP_Compuesto_NoARD,Tenebrio::Quinoa30,Tenebrio,main,Quinoa30,quinoa,30,3,47.27488115350477,45.695333278060765,2.357521382584671,1.5795478754440069,True
main_only,species_diet,REDUCED,False,Dummy_GlobalMean,Tenebrio::Quinoa50,Tenebrio,main,Quinoa50,quinoa,50,1,46.3907897545748,36.5053773203161,,9.885412434258697,
main_only,species_diet,REDUCED,False,Dummy_GlobalMean,Tenebrio::Quinoa50,Tenebrio,main,Quinoa50,quinoa,50,2,46.509235603005465,36.5053773203161,,10.003858282689365,
main_only,species_diet,REDUCED,False,Dummy_GlobalMean,Tenebrio::Quinoa50,Tenebrio,main,Quinoa50,quinoa,50,3,47.25724338022376,36.5053773203161,,10.751866059907663,
main_only,species_diet,REDUCED,False,Dummy_SpeciesMean,Tenebrio::Quinoa50,Tenebrio,main,Quinoa50,quinoa,50,1,46.3907897545748,44.84727625541281,,1.543513499161989,
main_only,species_diet,REDUCED,False,Dummy_SpeciesMean,Tenebrio::Quinoa50,Tenebrio,main,Quinoa50,quinoa,50,2,46.509235603005465,44.84727625541281,,1.6619593475926564,
main_only,species_diet,REDUCED,False,Dummy_SpeciesMean,Tenebrio::Quinoa50,Tenebrio,main,Quinoa50,quinoa,50,3,47.25724338022376,44.84727625541281,,2.4099671248109544,
main_only,species_diet,REDUCED,False,GP_Compuesto_NoARD,Tenebrio::Quinoa50,Tenebrio,main,Quinoa50,quinoa,50,1,46.3907897545748,48.134732899280515,3.892715095428566,1.7439431447057174,True
main_only,species_diet,REDUCED,False,GP_Compuesto_NoARD,Tenebrio::Quinoa50,Tenebrio,main,Quinoa50,quinoa,50,2,46.509235603005465,48.134732899280515,3.892715095428566,1.62549729627505,True
main_only,species_diet,REDUCED,False,GP_Compuesto_NoARD,Tenebrio::Quinoa50,Tenebrio,main,Quinoa50,quinoa,50,3,47.25724338022376,48.134732899280515,3.892715095428566,0.877489519056752,True
main_only,species_diet,REDUCED,True,Dummy_GlobalMean,Hermetia::Control,Hermetia,main,Control,control,0,1,32.29822786111878,37.20932574622209,,4.91109788510331,
main_only,species_diet,REDUCED,True,Dummy_GlobalMean,Hermetia::Control,Hermetia,main,Control,control,0,2,31.9882734211747,37.20932574622209,,5.221052325047392,
main_only,species_diet,REDUCED,True,Dummy_GlobalMean,Hermetia::Control,Hermetia,main,Control,control,0,3,31.52201662343253,37.20932574622209,,5.687309122789561,
main_only,species_diet,REDUCED,True,Dummy_SpeciesMean,Hermetia::Control,Hermetia,main,Control,control,0,1,32.29822786111878,28.620398853726808,,3.677829007391974,
main_only,species_diet,REDUCED,True,Dummy_SpeciesMean,Hermetia::Control,Hermetia,main,Control,control,0,2,31.9882734211747,28.620398853726808,,3.367874567447892,
main_only,species_diet,REDUCED,True,Dummy_SpeciesMean,Hermetia::Control,Hermetia,main,Control,control,0,3,31.52201662343253,28.620398853726808,,2.901617769705723,
main_only,species_diet,REDUCED,True,GP_Compuesto_NoARD,Hermetia::Control,Hermetia,main,Control,control,0,1,32.29822786111878,28.054304843313414,5.057451412199017,4.243923017805368,True
main_only,species_diet,REDUCED,True,GP_Compuesto_NoARD,Hermetia::Control,Hermetia,main,Control,control,0,2,31.9882734211747,28.054304843313414,5.057451412199017,3.933968577861286,True
main_only,species_diet,REDUCED,True,GP_Compuesto_NoARD,Hermetia::Control,Hermetia,main,Control,control,0,3,31.52201662343253,28.054304843313417,5.057451412199017,3.4677117801191137,True
main_only,species_diet,REDUCED,True,Dummy_GlobalMean,Hermetia::Hoja15,Hermetia,main,Hoja15,hoja,15,1,32.439876828877715,37.23404264926846,,4.794165820390745,
main_only,species_diet,REDUCED,True,Dummy_GlobalMean,Hermetia::Hoja15,Hermetia,main,Hoja15,hoja,15,2,31.861332823005377,37.23404264926846,,5.372709826263083,
main_only,species_diet,REDUCED,True,Dummy_GlobalMean,Hermetia::Hoja15,Hermetia,main,Hoja15,hoja,15,3,29.950143361921626,37.23404264926846,,7.283899287346834,
main_only,species_diet,REDUCED,True,Dummy_SpeciesMean,Hermetia::Hoja15,Hermetia,main,Hoja15,hoja,15,1,32.439876828877715,28.672304350124186,,3.7675724787535287,
main_only,species_diet,REDUCED,True,Dummy_SpeciesMean,Hermetia::Hoja15,Hermetia,main,Hoja15,hoja,15,2,31.861332823005377,28.672304350124186,,3.1890284728811906,
main_only,species_diet,REDUCED,True,Dummy_SpeciesMean,Hermetia::Hoja15,Hermetia,main,Hoja15,hoja,15,3,29.950143361921626,28.672304350124186,,1.2778390117974396,
main_only,species_diet,REDUCED,True,GP_Compuesto_NoARD,Hermetia::Hoja15,Hermetia,main,Hoja15,hoja,15,1,32.439876828877715,28.102247834112056,3.1580308750962285,4.337628994765659,True
main_only,species_diet,REDUCED,True,GP_Compuesto_NoARD,Hermetia::Hoja15,Hermetia,main,Hoja15,hoja,15,2,31.861332823005377,28.102247834112056,3.1580308750962285,3.7590849888933207,True
main_only,species_diet,REDUCED,True,GP_Compuesto_NoARD,Hermetia::Hoja15,Hermetia,main,Hoja15,hoja,15,3,29.950143361921626,28.102247834112056,3.1580308750962285,1.8478955278095697,True
main_only,species_diet,REDUCED,True,Dummy_GlobalMean,Hermetia::Hoja30,Hermetia,main,Hoja30,hoja,30,1,24.518904936914268,37.5673661021483,,13.04846116523403,
main_only,species_diet,REDUCED,True,Dummy_GlobalMean,Hermetia::Hoja30,Hermetia,main,Hoja30,hoja,30,2,23.472591934148408,37.5673661021483,,14.09477416799989,
main_only,species_diet,REDUCED,True,Dummy_GlobalMean,Hermetia::Hoja30,Hermetia,main,Hoja30,hoja,30,3,25.260478611312173,37.5673661021483,,12.306887490836125,
main_only,species_diet,REDUCED,True,Dummy_SpeciesMean,Hermetia::Hoja30,Hermetia,main,Hoja30,hoja,30,1,24.518904936914268,29.372283601171848,,4.85337866425758,
main_only,species_diet,REDUCED,True,Dummy_SpeciesMean,Hermetia::Hoja30,Hermetia,main,Hoja30,hoja,30,2,23.472591934148408,29.372283601171848,,5.89969166702344,
main_only,species_diet,REDUCED,True,Dummy_SpeciesMean,Hermetia::Hoja30,Hermetia,main,Hoja30,hoja,30,3,25.260478611312173,29.372283601171848,,4.1118049898596745,
main_only,species_diet,REDUCED,True,GP_Compuesto_NoARD,Hermetia::Hoja30,Hermetia,main,Hoja30,hoja,30,1,24.518904936914268,29.06830225095028,2.156922374562415,4.54939731403601,False
main_only,species_diet,REDUCED,True,GP_Compuesto_NoARD,Hermetia::Hoja30,Hermetia,main,Hoja30,hoja,30,2,23.472591934148408,29.06830225095028,2.156922374562415,5.5957103168018705,False
main_only,species_diet,REDUCED,True,GP_Compuesto_NoARD,Hermetia::Hoja30,Hermetia,main,Hoja30,hoja,30,3,25.260478611312173,29.06830225095028,2.156922374562417,3.807823639638105,True
main_only,species_diet,REDUCED,True,Dummy_GlobalMean,Hermetia::Hoja50,Hermetia,main,Hoja50,hoja,50,1,22.677020960046544,37.61721508938187,,14.940194129335328,
main_only,species_diet,REDUCED,True,Dummy_GlobalMean,Hermetia::Hoja50,Hermetia,main,Hoja50,hoja,50,2,23.384593109734844,37.61721508938187,,14.232621979647028,
main_only,species_diet,REDUCED,True,Dummy_GlobalMean,Hermetia::Hoja50,Hermetia,main,Hoja50,hoja,50,3,24.04987521687871,37.61721508938187,,13.567339872503162,
main_only,species_diet,REDUCED,True,Dummy_SpeciesMean,Hermetia::Hoja50,Hermetia,main,Hoja50,hoja,50,1,22.677020960046544,29.47696647436234,,6.7999455143157945,
main_only,species_diet,REDUCED,True,Dummy_SpeciesMean,Hermetia::Hoja50,Hermetia,main,Hoja50,hoja,50,2,23.384593109734844,29.47696647436234,,6.092373364627495,
main_only,species_diet,REDUCED,True,Dummy_SpeciesMean,Hermetia::Hoja50,Hermetia,main,Hoja50,hoja,50,3,24.04987521687871,29.47696647436234,,5.427091257483628,
main_only,species_diet,REDUCED,True,GP_Compuesto_NoARD,Hermetia::Hoja50,Hermetia,main,Hoja50,hoja,50,1,22.677020960046544,27.862357781267036,3.0120473666601457,5.185336821220492,True
main_only,species_diet,REDUCED,True,GP_Compuesto_NoARD,Hermetia::Hoja50,Hermetia,main,Hoja50,hoja,50,2,23.384593109734844,27.862357781267036,3.0120473666601457,4.477764671532192,True
main_only,species_diet,REDUCED,True,GP_Compuesto_NoARD,Hermetia::Hoja50,Hermetia,main,Hoja50,hoja,50,3,24.04987521687871,27.862357781267036,3.0120473666601484,3.8124825643883256,True
main_only,species_diet,REDUCED,True,Dummy_GlobalMean,Hermetia::Orujo30,Hermetia,main,Orujo30,orujo,30,1,31.314123313447407,37.286194375163596,,5.972071061716189,
main_only,species_diet,REDUCED,True,Dummy_GlobalMean,Hermetia::Orujo30,Hermetia,main,Orujo30,orujo,30,2,28.651274165528747,37.286194375163596,,8.63492020963485,
main_only,species_diet,REDUCED,True,Dummy_GlobalMean,Hermetia::Orujo30,Hermetia,main,Orujo30,orujo,30,3,31.00039680343508,37.286194375163596,,6.285797571728516,
main_only,species_diet,REDUCED,True,Dummy_SpeciesMean,Hermetia::Orujo30,Hermetia,main,Orujo30,orujo,30,1,31.314123313447407,28.78182297450397,,2.532300338943436,
main_only,species_diet,REDUCED,True,Dummy_SpeciesMean,Hermetia::Orujo30,Hermetia,main,Orujo30,orujo,30,2,28.651274165528747,28.78182297450397,,0.1305488089752238,
main_only,species_diet,REDUCED,True,Dummy_SpeciesMean,Hermetia::Orujo30,Hermetia,main,Orujo30,orujo,30,3,31.00039680343508,28.78182297450397,,2.2185738289311097,
main_only,species_diet,REDUCED,True,GP_Compuesto_NoARD,Hermetia::Orujo30,Hermetia,main,Orujo30,orujo,30,1,31.314123313447407,31.380508671721966,2.8031242674858547,0.06638535827455883,True
main_only,species_diet,REDUCED,True,GP_Compuesto_NoARD,Hermetia::Orujo30,Hermetia,main,Orujo30,orujo,30,2,28.651274165528747,31.380508671721966,2.8031242674858547,2.729234506193219,True
main_only,species_diet,REDUCED,True,GP_Compuesto_NoARD,Hermetia::Orujo30,Hermetia,main,Orujo30,orujo,30,3,31.00039680343508,31.380508671721966,2.803124267485854,0.38011186828688537,True
main_only,species_diet,REDUCED,True,Dummy_GlobalMean,Hermetia::Orujo50,Hermetia,main,Orujo50,orujo,50,1,32.02004533085088,37.199267636831514,,5.1792223059806375,
main_only,species_diet,REDUCED,True,Dummy_GlobalMean,Hermetia::Orujo50,Hermetia,main,Orujo50,orujo,50,2,33.161725303735146,37.199267636831514,,4.0375423330963685,
main_only,species_diet,REDUCED,True,Dummy_GlobalMean,Hermetia::Orujo50,Hermetia,main,Orujo50,orujo,50,3,31.260408162746693,37.199267636831514,,5.938859474084822,
main_only,species_diet,REDUCED,True,Dummy_SpeciesMean,Hermetia::Orujo50,Hermetia,main,Orujo50,orujo,50,1,32.02004533085088,28.599276824006587,,3.42076850684429,
main_only,species_diet,REDUCED,True,Dummy_SpeciesMean,Hermetia::Orujo50,Hermetia,main,Orujo50,orujo,50,2,33.161725303735146,28.599276824006587,,4.562448479728559,
main_only,species_diet,REDUCED,True,Dummy_SpeciesMean,Hermetia::Orujo50,Hermetia,main,Orujo50,orujo,50,3,31.260408162746693,28.599276824006587,,2.6611313387401054,
main_only,species_diet,REDUCED,True,GP_Compuesto_NoARD,Hermetia::Orujo50,Hermetia,main,Orujo50,orujo,50,1,32.02004533085088,30.21048389301801,2.1362162396339057,1.8095614378328655,True
main_only,species_diet,REDUCED,True,GP_Compuesto_NoARD,Hermetia::Orujo50,Hermetia,main,Orujo50,orujo,50,2,33.161725303735146,30.21048389301801,2.1362162396339057,2.9512414107171345,True
main_only,species_diet,REDUCED,True,GP_Compuesto_NoARD,Hermetia::Orujo50,Hermetia,main,Orujo50,orujo,50,3,31.260408162746693,30.210483893018008,2.1362162396339057,1.0499242697286846,True
main_only,species_diet,REDUCED,True,Dummy_GlobalMean,Hermetia::Orujo70,Hermetia,main,Orujo70,orujo,70,1,28.145262440510347,37.42525161042317,,9.27998916991282,
main_only,species_diet,REDUCED,True,Dummy_GlobalMean,Hermetia::Orujo70,Hermetia,main,Orujo70,orujo,70,2,27.19851217684783,37.42525161042317,,10.226739433575336,
main_only,species_diet,REDUCED,True,Dummy_GlobalMean,Hermetia::Orujo70,Hermetia,main,Orujo70,orujo,70,3,26.86141384370052,37.42525161042317,,10.563837766722646,
main_only,species_diet,REDUCED,True,Dummy_SpeciesMean,Hermetia::Orujo70,Hermetia,main,Orujo70,orujo,70,1,28.145262440510347,29.073843168549054,,0.9285807280387068,
main_only,species_diet,REDUCED,True,Dummy_SpeciesMean,Hermetia::Orujo70,Hermetia,main,Orujo70,orujo,70,2,27.19851217684783,29.073843168549054,,1.8753309917012224,
main_only,species_diet,REDUCED,True,Dummy_SpeciesMean,Hermetia::Orujo70,Hermetia,main,Orujo70,orujo,70,3,26.86141384370052,29.073843168549054,,2.2124293248485323,
main_only,species_diet,REDUCED,True,GP_Compuesto_NoARD,Hermetia::Orujo70,Hermetia,main,Orujo70,orujo,70,1,28.145262440510347,29.253298949765643,2.2264682066886112,1.108036509255296,True
main_only,species_diet,REDUCED,True,GP_Compuesto_NoARD,Hermetia::Orujo70,Hermetia,main,Orujo70,orujo,70,2,27.19851217684783,29.253298949765643,2.2264682066886112,2.0547867729178115,True
main_only,species_diet,REDUCED,True,GP_Compuesto_NoARD,Hermetia::Orujo70,Hermetia,main,Orujo70,orujo,70,3,26.86141384370052,29.253298949765647,2.2264682066886095,2.391885106065125,True
main_only,species_diet,REDUCED,True,Dummy_GlobalMean,Hermetia::Orujo90,Hermetia,main,Orujo90,orujo,90,1,27.992592815001228,37.4659588511076,,9.473366036106373,
main_only,species_diet,REDUCED,True,Dummy_GlobalMean,Hermetia::Orujo90,Hermetia,main,Orujo90,orujo,90,2,23.674781663935857,37.4659588511076,,13.791177187171744,
main_only,species_diet,REDUCED,True,Dummy_GlobalMean,Hermetia::Orujo90,Hermetia,main,Orujo90,orujo,90,3,27.97325781900284,37.4659588511076,,9.492701032104762,
main_only,species_diet,REDUCED,True,Dummy_SpeciesMean,Hermetia::Orujo90,Hermetia,main,Orujo90,orujo,90,1,27.992592815001228,29.159328373986344,,1.166735558985117,
main_only,species_diet,REDUCED,True,Dummy_SpeciesMean,Hermetia::Orujo90,Hermetia,main,Orujo90,orujo,90,2,23.674781663935857,29.159328373986344,,5.484546710050488,
main_only,species_diet,REDUCED,True,Dummy_SpeciesMean,Hermetia::Orujo90,Hermetia,main,Orujo90,orujo,90,3,27.97325781900284,29.159328373986344,,1.1860705549835053,
main_only,species_diet,REDUCED,True,GP_Compuesto_NoARD,Hermetia::Orujo90,Hermetia,main,Orujo90,orujo,90,1,27.992592815001228,28.35067368103008,4.166407322695689,0.35808086602885325,True
main_only,species_diet,REDUCED,True,GP_Compuesto_NoARD,Hermetia::Orujo90,Hermetia,main,Orujo90,orujo,90,2,23.674781663935857,28.35067368103008,4.166407322695689,4.675892017094224,True
main_only,species_diet,REDUCED,True,GP_Compuesto_NoARD,Hermetia::Orujo90,Hermetia,main,Orujo90,orujo,90,3,27.97325781900284,28.350673681030088,4.166407322695689,0.37741586202724875,True
main_only,species_diet,REDUCED,True,Dummy_GlobalMean,Hermetia::Quinoa15,Hermetia,main,Quinoa15,quinoa,15,1,32.25326659440655,37.26499984880587,,5.011733254399324,
main_only,species_diet,REDUCED,True,Dummy_GlobalMean,Hermetia::Quinoa15,Hermetia,main,Quinoa15,quinoa,15,2,30.29567215292689,37.26499984880587,,6.969327695878981,
main_only,species_diet,REDUCED,True,Dummy_GlobalMean,Hermetia::Quinoa15,Hermetia,main,Quinoa15,quinoa,15,3,29.75211069561501,37.26499984880587,,7.512889153190862,
main_only,species_diet,REDUCED,True,Dummy_SpeciesMean,Hermetia::Quinoa15,Hermetia,main,Quinoa15,quinoa,15,1,32.25326659440655,28.73731446915273,,3.5159521252538184,
main_only,species_diet,REDUCED,True,Dummy_SpeciesMean,Hermetia::Quinoa15,Hermetia,main,Quinoa15,quinoa,15,2,30.29567215292689,28.73731446915273,,1.5583576837741617,
main_only,species_diet,REDUCED,True,Dummy_SpeciesMean,Hermetia::Quinoa15,Hermetia,main,Quinoa15,quinoa,15,3,29.75211069561501,28.73731446915273,,1.0147962264622805,
main_only,species_diet,REDUCED,True,GP_Compuesto_NoARD,Hermetia::Quinoa15,Hermetia,main,Quinoa15,quinoa,15,1,32.25326659440655,31.752171769278743,2.621893470137908,0.5010948251278045,True
main_only,species_diet,REDUCED,True,GP_Compuesto_NoARD,Hermetia::Quinoa15,Hermetia,main,Quinoa15,quinoa,15,2,30.29567215292689,31.752171769278743,2.621893470137908,1.4564996163518522,True
main_only,species_diet,REDUCED,True,GP_Compuesto_NoARD,Hermetia::Quinoa15,Hermetia,main,Quinoa15,quinoa,15,3,29.75211069561501,31.752171769278743,2.621893470137905,2.0000610736637334,True
main_only,species_diet,REDUCED,True,Dummy_GlobalMean,Hermetia::Quinoa30,Hermetia,main,Quinoa30,quinoa,30,1,30.76039775705413,37.30228106808036,,6.541883311026233,
main_only,species_diet,REDUCED,True,Dummy_GlobalMean,Hermetia::Quinoa30,Hermetia,main,Quinoa30,quinoa,30,2,29.22593647982689,37.30228106808036,,8.076344588253473,
main_only,species_diet,REDUCED,True,Dummy_GlobalMean,Hermetia::Quinoa30,Hermetia,main,Quinoa30,quinoa,30,3,29.965998391774416,37.30228106808036,,7.336282676305945,
main_only,species_diet,REDUCED,True,Dummy_SpeciesMean,Hermetia::Quinoa30,Hermetia,main,Quinoa30,quinoa,30,1,30.76039775705413,28.815605029629165,,1.9447927274249643,
main_only,species_diet,REDUCED,True,Dummy_SpeciesMean,Hermetia::Quinoa30,Hermetia,main,Quinoa30,quinoa,30,2,29.22593647982689,28.815605029629165,,0.41033145019772377,
main_only,species_diet,REDUCED,True,Dummy_SpeciesMean,Hermetia::Quinoa30,Hermetia,main,Quinoa30,quinoa,30,3,29.965998391774416,28.815605029629165,,1.1503933621452518,
main_only,species_diet,REDUCED,True,GP_Compuesto_NoARD,Hermetia::Quinoa30,Hermetia,main,Quinoa30,quinoa,30,1,30.76039775705413,31.641372249447116,2.2145090516372656,0.880974492392987,True
main_only,species_diet,REDUCED,True,GP_Compuesto_NoARD,Hermetia::Quinoa30,Hermetia,main,Quinoa30,quinoa,30,2,29.22593647982689,31.641372249447116,2.2145090516372656,2.4154357696202275,True
main_only,species_diet,REDUCED,True,GP_Compuesto_NoARD,Hermetia::Quinoa30,Hermetia,main,Quinoa30,quinoa,30,3,29.965998391774416,31.641372249447116,2.2145090516372585,1.6753738576726995,True
main_only,species_diet,REDUCED,True,Dummy_GlobalMean,Hermetia::Quinoa50,Hermetia,main,Quinoa50,quinoa,50,1,30.811944171324868,37.30962012696985,,6.497675955644979,
main_only,species_diet,REDUCED,True,Dummy_GlobalMean,Hermetia::Quinoa50,Hermetia,main,Quinoa50,quinoa,50,2,28.23608632105669,37.30962012696985,,9.073533805913158,
main_only,species_diet,REDUCED,True,Dummy_GlobalMean,Hermetia::Quinoa50,Hermetia,main,Quinoa50,quinoa,50,3,30.441941426236617,37.30962012696985,,6.867678700733229,
main_only,species_diet,REDUCED,True,Dummy_SpeciesMean,Hermetia::Quinoa50,Hermetia,main,Quinoa50,quinoa,50,1,30.811944171324868,28.83101705329707,,1.9809271180277968,
main_only,species_diet,REDUCED,True,Dummy_SpeciesMean,Hermetia::Quinoa50,Hermetia,main,Quinoa50,quinoa,50,2,28.23608632105669,28.83101705329707,,0.5949307322403818,
main_only,species_diet,REDUCED,True,Dummy_SpeciesMean,Hermetia::Quinoa50,Hermetia,main,Quinoa50,quinoa,50,3,30.441941426236617,28.83101705329707,,1.6109243729395466,
main_only,species_diet,REDUCED,True,GP_Compuesto_NoARD,Hermetia::Quinoa50,Hermetia,main,Quinoa50,quinoa,50,1,30.811944171324868,30.93707629061204,2.699811731917867,0.12513211928717283,True
main_only,species_diet,REDUCED,True,GP_Compuesto_NoARD,Hermetia::Quinoa50,Hermetia,main,Quinoa50,quinoa,50,2,28.23608632105669,30.93707629061204,2.699811731917867,2.7009899695553514,True
main_only,species_diet,REDUCED,True,GP_Compuesto_NoARD,Hermetia::Quinoa50,Hermetia,main,Quinoa50,quinoa,50,3,30.441941426236617,30.93707629061204,2.699811731917867,0.495134864375423,True
main_only,species_diet,REDUCED,True,Dummy_GlobalMean,Tenebrio::Control,Tenebrio,main,Control,control,0,1,42.724277530166994,36.66891249112835,,6.055365039038641,
main_only,species_diet,REDUCED,True,Dummy_GlobalMean,Tenebrio::Control,Tenebrio,main,Control,control,0,2,43.79839302328586,36.66891249112835,,7.129480532157508,
main_only,species_diet,REDUCED,True,Dummy_GlobalMean,Tenebrio::Control,Tenebrio,main,Control,control,0,3,43.331882423179295,36.66891249112835,,6.662969932050942,
main_only,species_diet,REDUCED,True,Dummy_SpeciesMean,Tenebrio::Control,Tenebrio,main,Control,control,0,1,42.724277530166994,45.190700114118535,,2.466422583951541,
main_only,species_diet,REDUCED,True,Dummy_SpeciesMean,Tenebrio::Control,Tenebrio,main,Control,control,0,2,43.79839302328586,45.190700114118535,,1.3923070908326736,
main_only,species_diet,REDUCED,True,Dummy_SpeciesMean,Tenebrio::Control,Tenebrio,main,Control,control,0,3,43.331882423179295,45.190700114118535,,1.8588176909392402,
main_only,species_diet,REDUCED,True,GP_Compuesto_NoARD,Tenebrio::Control,Tenebrio,main,Control,control,0,1,42.724277530166994,47.66180554880565,4.9622672789050295,4.937528018638659,True
main_only,species_diet,REDUCED,True,GP_Compuesto_NoARD,Tenebrio::Control,Tenebrio,main,Control,control,0,2,43.79839302328586,47.66180554880565,4.9622672789050295,3.8634125255197915,True
main_only,species_diet,REDUCED,True,GP_Compuesto_NoARD,Tenebrio::Control,Tenebrio,main,Control,control,0,3,43.331882423179295,47.66180554880565,4.9622672789050295,4.329923125626358,True
main_only,species_diet,REDUCED,True,Dummy_GlobalMean,Tenebrio::Hoja15,Tenebrio,main,Hoja15,hoja,15,1,44.59966850546592,36.55287624719847,,8.046792258267452,
main_only,species_diet,REDUCED,True,Dummy_GlobalMean,Tenebrio::Hoja15,Tenebrio,main,Hoja15,hoja,15,2,48.58207253144869,36.55287624719847,,12.029196284250219,
main_only,species_diet,REDUCED,True,Dummy_GlobalMean,Tenebrio::Hoja15,Tenebrio,main,Hoja15,hoja,15,3,43.98309530729985,36.55287624719847,,7.430219060101379,
main_only,species_diet,REDUCED,True,Dummy_SpeciesMean,Tenebrio::Hoja15,Tenebrio,main,Hoja15,hoja,15,1,44.59966850546592,44.94702400186579,,0.34735549639987084,
main_only,species_diet,REDUCED,True,Dummy_SpeciesMean,Tenebrio::Hoja15,Tenebrio,main,Hoja15,hoja,15,2,48.58207253144869,44.94702400186579,,3.635048529582896,
main_only,species_diet,REDUCED,True,Dummy_SpeciesMean,Tenebrio::Hoja15,Tenebrio,main,Hoja15,hoja,15,3,43.98309530729985,44.94702400186579,,0.9639286945659435,
main_only,species_diet,REDUCED,True,GP_Compuesto_NoARD,Tenebrio::Hoja15,Tenebrio,main,Hoja15,hoja,15,1,44.59966850546592,44.1732235153569,2.6807036240385984,0.4264449901090188,True
main_only,species_diet,REDUCED,True,GP_Compuesto_NoARD,Tenebrio::Hoja15,Tenebrio,main,Hoja15,hoja,15,2,48.58207253144869,44.1732235153569,2.6807036240385984,4.408849016091786,True
main_only,species_diet,REDUCED,True,GP_Compuesto_NoARD,Tenebrio::Hoja15,Tenebrio,main,Hoja15,hoja,15,3,43.98309530729985,44.17322351535691,2.6807036240385984,0.190128208057061,True
main_only,species_diet,REDUCED,True,Dummy_GlobalMean,Tenebrio::Hoja30,Tenebrio,main,Hoja30,hoja,30,1,43.64443148041813,36.64435694876618,,7.000074531651947,
main_only,species_diet,REDUCED,True,Dummy_GlobalMean,Tenebrio::Hoja30,Tenebrio,main,Hoja30,hoja,30,2,45.32322480412907,36.64435694876618,,8.678867855362888,
main_only,species_diet,REDUCED,True,Dummy_GlobalMean,Tenebrio::Hoja30,Tenebrio,main,Hoja30,hoja,30,3,42.43389586090185,36.64435694876618,,5.789538912135669,
main_only,species_diet,REDUCED,True,Dummy_SpeciesMean,Tenebrio::Hoja30,Tenebrio,main,Hoja30,hoja,30,1,43.64443148041813,45.139133475157976,,1.4947019947398488,
main_only,species_diet,REDUCED,True,Dummy_SpeciesMean,Tenebrio::Hoja30,Tenebrio,main,Hoja30,hoja,30,2,45.32322480412907,45.139133475157976,,0.1840913289710926,
main_only,species_diet,REDUCED,True,Dummy_SpeciesMean,Tenebrio::Hoja30,Tenebrio,main,Hoja30,hoja,30,3,42.43389586090185,45.139133475157976,,2.705237614256127,
main_only,species_diet,REDUCED,True,GP_Compuesto_NoARD,Tenebrio::Hoja30,Tenebrio,main,Hoja30,hoja,30,1,43.64443148041813,42.9805214733485,2.260990845814401,0.6639100070696244,True
main_only,species_diet,REDUCED,True,GP_Compuesto_NoARD,Tenebrio::Hoja30,Tenebrio,main,Hoja30,hoja,30,2,45.32322480412907,42.9805214733485,2.260990845814401,2.342703330780566,True
main_only,species_diet,REDUCED,True,GP_Compuesto_NoARD,Tenebrio::Hoja30,Tenebrio,main,Hoja30,hoja,30,3,42.43389586090185,42.98052147334851,2.260990845814403,0.5466256124466611,True
main_only,species_diet,REDUCED,True,Dummy_GlobalMean,Tenebrio::Hoja50,Tenebrio,main,Hoja50,hoja,50,1,43.13594119232716,36.653742658606895,,6.482198533720265,
main_only,species_diet,REDUCED,True,Dummy_GlobalMean,Tenebrio::Hoja50,Tenebrio,main,Hoja50,hoja,50,2,44.6843260049324,36.653742658606895,,8.030583346325507,
main_only,species_diet,REDUCED,True,Dummy_GlobalMean,Tenebrio::Hoja50,Tenebrio,main,Hoja50,hoja,50,3,42.989985228223965,36.653742658606895,,6.33624256961707,
main_only,species_diet,REDUCED,True,Dummy_SpeciesMean,Tenebrio::Hoja50,Tenebrio,main,Hoja50,hoja,50,1,43.13594119232716,45.15884346582349,,2.022902273496328,
main_only,species_diet,REDUCED,True,Dummy_SpeciesMean,Tenebrio::Hoja50,Tenebrio,main,Hoja50,hoja,50,2,44.6843260049324,45.15884346582349,,0.4745174608910858,
main_only,species_diet,REDUCED,True,Dummy_SpeciesMean,Tenebrio::Hoja50,Tenebrio,main,Hoja50,hoja,50,3,42.989985228223965,45.15884346582349,,2.1688582375995225,
main_only,species_diet,REDUCED,True,GP_Compuesto_NoARD,Tenebrio::Hoja50,Tenebrio,main,Hoja50,hoja,50,1,43.13594119232716,40.53440271802454,3.4493618035808873,2.6015384743026218,True
main_only,species_diet,REDUCED,True,GP_Compuesto_NoARD,Tenebrio::Hoja50,Tenebrio,main,Hoja50,hoja,50,2,44.6843260049324,40.53440271802454,3.4493618035808873,4.149923286907864,True
main_only,species_diet,REDUCED,True,GP_Compuesto_NoARD,Tenebrio::Hoja50,Tenebrio,main,Hoja50,hoja,50,3,42.989985228223965,40.534402718024545,3.4493618035808873,2.45558251019942,True
main_only,species_diet,REDUCED,True,Dummy_GlobalMean,Tenebrio::Orujo30,Tenebrio,main,Orujo30,orujo,30,1,44.05632136428663,36.51519319685996,,7.54112816742667,
main_only,species_diet,REDUCED,True,Dummy_GlobalMean,Tenebrio::Orujo30,Tenebrio,main,Orujo30,orujo,30,2,47.979408918219136,36.51519319685996,,11.464215721359174,
main_only,species_diet,REDUCED,True,Dummy_GlobalMean,Tenebrio::Orujo30,Tenebrio,main,Orujo30,orujo,30,3,47.50313823303477,36.51519319685996,,10.987945036174807,
main_only,species_diet,REDUCED,True,Dummy_SpeciesMean,Tenebrio::Orujo30,Tenebrio,main,Orujo30,orujo,30,1,44.05632136428663,44.867889596154924,,0.8115682318682929,
main_only,species_diet,REDUCED,True,Dummy_SpeciesMean,Tenebrio::Orujo30,Tenebrio,main,Orujo30,orujo,30,2,47.979408918219136,44.867889596154924,,3.1115193220642112,
main_only,species_diet,REDUCED,True,Dummy_SpeciesMean,Tenebrio::Orujo30,Tenebrio,main,Orujo30,orujo,30,3,47.50313823303477,44.867889596154924,,2.635248636879844,
main_only,species_diet,REDUCED,True,GP_Compuesto_NoARD,Tenebrio::Orujo30,Tenebrio,main,Orujo30,orujo,30,1,44.05632136428663,45.633149472353466,2.5425725285146115,1.5768281080668345,True
main_only,species_diet,REDUCED,True,GP_Compuesto_NoARD,Tenebrio::Orujo30,Tenebrio,main,Orujo30,orujo,30,2,47.979408918219136,45.633149472353466,2.5425725285146115,2.3462594458656696,True
main_only,species_diet,REDUCED,True,GP_Compuesto_NoARD,Tenebrio::Orujo30,Tenebrio,main,Orujo30,orujo,30,3,47.50313823303477,45.633149472353466,2.5425725285146115,1.8699887606813022,True
main_only,species_diet,REDUCED,True,Dummy_GlobalMean,Tenebrio::Orujo50,Tenebrio,main,Orujo50,orujo,50,1,46.60615150745108,36.48627714039684,,10.119874367054244,
main_only,species_diet,REDUCED,True,Dummy_GlobalMean,Tenebrio::Orujo50,Tenebrio,main,Orujo50,orujo,50,2,47.61168446896416,36.48627714039684,,11.12540732856732,
main_only,species_diet,REDUCED,True,Dummy_GlobalMean,Tenebrio::Orujo50,Tenebrio,main,Orujo50,orujo,50,3,47.14274409630263,36.48627714039684,,10.656466955905792,
main_only,species_diet,REDUCED,True,Dummy_SpeciesMean,Tenebrio::Orujo50,Tenebrio,main,Orujo50,orujo,50,1,46.60615150745108,44.80716587758234,,1.7989856298687386,
main_only,species_diet,REDUCED,True,Dummy_SpeciesMean,Tenebrio::Orujo50,Tenebrio,main,Orujo50,orujo,50,2,47.61168446896416,44.80716587758234,,2.8045185913818145,
main_only,species_diet,REDUCED,True,Dummy_SpeciesMean,Tenebrio::Orujo50,Tenebrio,main,Orujo50,orujo,50,3,47.14274409630263,44.80716587758234,,2.3355782187202863,
main_only,species_diet,REDUCED,True,GP_Compuesto_NoARD,Tenebrio::Orujo50,Tenebrio,main,Orujo50,orujo,50,1,46.60615150745108,43.76411208765386,1.9859474505577905,2.8420394197972243,True
main_only,species_diet,REDUCED,True,GP_Compuesto_NoARD,Tenebrio::Orujo50,Tenebrio,main,Orujo50,orujo,50,2,47.61168446896416,43.76411208765386,1.9859474505577905,3.8475723813103,True
main_only,species_diet,REDUCED,True,GP_Compuesto_NoARD,Tenebrio::Orujo50,Tenebrio,main,Orujo50,orujo,50,3,47.14274409630263,43.76411208765386,1.9859474505577894,3.378632008648772,True
main_only,species_diet,REDUCED,True,Dummy_GlobalMean,Tenebrio::Orujo70,Tenebrio,main,Orujo70,orujo,70,1,42.989125105205865,36.6965531173985,,6.292571987807364,
main_only,species_diet,REDUCED,True,Dummy_GlobalMean,Tenebrio::Orujo70,Tenebrio,main,Orujo70,orujo,70,2,42.37318058656684,36.6965531173985,,5.676627469168338,
main_only,species_diet,REDUCED,True,Dummy_GlobalMean,Tenebrio::Orujo70,Tenebrio,main,Orujo70,orujo,70,3,42.75088782983994,36.6965531173985,,6.054334712441438,
main_only,species_diet,REDUCED,True,Dummy_SpeciesMean,Tenebrio::Orujo70,Tenebrio,main,Orujo70,orujo,70,1,42.989125105205865,45.248745429285854,,2.2596203240799895,
main_only,species_diet,REDUCED,True,Dummy_SpeciesMean,Tenebrio::Orujo70,Tenebrio,main,Orujo70,orujo,70,2,42.37318058656684,45.248745429285854,,2.8755648427190152,
main_only,species_diet,REDUCED,True,Dummy_SpeciesMean,Tenebrio::Orujo70,Tenebrio,main,Orujo70,orujo,70,3,42.75088782983994,45.248745429285854,,2.497857599445915,
main_only,species_diet,REDUCED,True,GP_Compuesto_NoARD,Tenebrio::Orujo70,Tenebrio,main,Orujo70,orujo,70,1,42.989125105205865,42.92787744545194,2.180252536765892,0.06124765975392421,True
main_only,species_diet,REDUCED,True,GP_Compuesto_NoARD,Tenebrio::Orujo70,Tenebrio,main,Orujo70,orujo,70,2,42.37318058656684,42.92787744545194,2.180252536765892,0.5546968588851016,True
main_only,species_diet,REDUCED,True,GP_Compuesto_NoARD,Tenebrio::Orujo70,Tenebrio,main,Orujo70,orujo,70,3,42.75088782983994,42.92787744545194,2.180252536765894,0.17698961561200122,True
main_only,species_diet,REDUCED,True,Dummy_GlobalMean,Tenebrio::Orujo90,Tenebrio,main,Orujo90,orujo,90,1,42.63455462687377,36.78700592480313,,5.84754870207064,
main_only,species_diet,REDUCED,True,Dummy_GlobalMean,Tenebrio::Orujo90,Tenebrio,main,Orujo90,orujo,90,2,39.46090226095632,36.78700592480313,,2.6738963361531844,
main_only,species_diet,REDUCED,True,Dummy_GlobalMean,Tenebrio::Orujo90,Tenebrio,main,Orujo90,orujo,90,3,40.31920976729068,36.78700592480313,,3.5322038424875473,
main_only,species_diet,REDUCED,True,Dummy_SpeciesMean,Tenebrio::Orujo90,Tenebrio,main,Orujo90,orujo,90,1,42.63455462687377,45.43869632483559,,2.8041416979618177,
main_only,species_diet,REDUCED,True,Dummy_SpeciesMean,Tenebrio::Orujo90,Tenebrio,main,Orujo90,orujo,90,2,39.46090226095632,45.43869632483559,,5.977794063879273,
main_only,species_diet,REDUCED,True,Dummy_SpeciesMean,Tenebrio::Orujo90,Tenebrio,main,Orujo90,orujo,90,3,40.31920976729068,45.43869632483559,,5.11948655754491,
main_only,species_diet,REDUCED,True,GP_Compuesto_NoARD,Tenebrio::Orujo90,Tenebrio,main,Orujo90,orujo,90,1,42.63455462687377,40.50013300120264,3.8725597019234494,2.1344216256711306,True
main_only,species_diet,REDUCED,True,GP_Compuesto_NoARD,Tenebrio::Orujo90,Tenebrio,main,Orujo90,orujo,90,2,39.46090226095632,40.50013300120264,3.8725597019234494,1.0392307402463246,True
main_only,species_diet,REDUCED,True,GP_Compuesto_NoARD,Tenebrio::Orujo90,Tenebrio,main,Orujo90,orujo,90,3,40.31920976729068,40.500133001202634,3.8725597019234432,0.18092323391195464,True
main_only,species_diet,REDUCED,True,Dummy_GlobalMean,Tenebrio::Quinoa15,Tenebrio,main,Quinoa15,quinoa,15,1,46.2406551012102,36.42793719105535,,9.812717910154852,
main_only,species_diet,REDUCED,True,Dummy_GlobalMean,Tenebrio::Quinoa15,Tenebrio,main,Quinoa15,quinoa,15,2,49.74165607410812,36.42793719105535,,13.313718883052772,
main_only,species_diet,REDUCED,True,Dummy_GlobalMean,Tenebrio::Quinoa15,Tenebrio,main,Quinoa15,quinoa,15,3,49.0536857059127,36.42793719105535,,12.62574851485735,
main_only,species_diet,REDUCED,True,Dummy_SpeciesMean,Tenebrio::Quinoa15,Tenebrio,main,Quinoa15,quinoa,15,1,46.2406551012102,44.684651983965246,,1.5560031172449555,
main_only,species_diet,REDUCED,True,Dummy_SpeciesMean,Tenebrio::Quinoa15,Tenebrio,main,Quinoa15,quinoa,15,2,49.74165607410812,44.684651983965246,,5.057004090142875,
main_only,species_diet,REDUCED,True,Dummy_SpeciesMean,Tenebrio::Quinoa15,Tenebrio,main,Quinoa15,quinoa,15,3,49.0536857059127,44.684651983965246,,4.369033721947453,
main_only,species_diet,REDUCED,True,GP_Compuesto_NoARD,Tenebrio::Quinoa15,Tenebrio,main,Quinoa15,quinoa,15,1,46.2406551012102,45.984648094679756,2.501587568971148,0.25600700653044584,True
main_only,species_diet,REDUCED,True,GP_Compuesto_NoARD,Tenebrio::Quinoa15,Tenebrio,main,Quinoa15,quinoa,15,2,49.74165607410812,45.984648094679756,2.501587568971148,3.7570079794283657,True
main_only,species_diet,REDUCED,True,GP_Compuesto_NoARD,Tenebrio::Quinoa15,Tenebrio,main,Quinoa15,quinoa,15,3,49.0536857059127,45.984648094679756,2.501587568971148,3.069037611232943,True
main_only,species_diet,REDUCED,True,Dummy_GlobalMean,Tenebrio::Quinoa30,Tenebrio,main,Quinoa30,quinoa,30,1,47.1681642185215,36.51225796497359,,10.655906253547904,
main_only,species_diet,REDUCED,True,Dummy_GlobalMean,Tenebrio::Quinoa30,Tenebrio,main,Quinoa30,quinoa,30,2,45.28074275235599,36.51225796497359,,8.768484787382398,
main_only,species_diet,REDUCED,True,Dummy_GlobalMean,Tenebrio::Quinoa30,Tenebrio,main,Quinoa30,quinoa,30,3,47.27488115350477,36.51225796497359,,10.76262318853118,
main_only,species_diet,REDUCED,True,Dummy_SpeciesMean,Tenebrio::Quinoa30,Tenebrio,main,Quinoa30,quinoa,30,1,47.1681642185215,44.861725609193535,,2.3064386093279623,
main_only,species_diet,REDUCED,True,Dummy_SpeciesMean,Tenebrio::Quinoa30,Tenebrio,main,Quinoa30,quinoa,30,2,45.28074275235599,44.861725609193535,,0.4190171431624563,
main_only,species_diet,REDUCED,True,Dummy_SpeciesMean,Tenebrio::Quinoa30,Tenebrio,main,Quinoa30,quinoa,30,3,47.27488115350477,44.861725609193535,,2.4131555443112376,
main_only,species_diet,REDUCED,True,GP_Compuesto_NoARD,Tenebrio::Quinoa30,Tenebrio,main,Quinoa30,quinoa,30,1,47.1681642185215,46.312532364737464,2.2395365944145293,0.8556318537840326,True
main_only,species_diet,REDUCED,True,GP_Compuesto_NoARD,Tenebrio::Quinoa30,Tenebrio,main,Quinoa30,quinoa,30,2,45.28074275235599,46.312532364737464,2.2395365944145293,1.0317896123814734,True
main_only,species_diet,REDUCED,True,GP_Compuesto_NoARD,Tenebrio::Quinoa30,Tenebrio,main,Quinoa30,quinoa,30,3,47.27488115350477,46.312532364737464,2.239536594414531,0.9623487887673079,True
main_only,species_diet,REDUCED,True,Dummy_GlobalMean,Tenebrio::Quinoa50,Tenebrio,main,Quinoa50,quinoa,50,1,46.3907897545748,36.5053773203161,,9.885412434258697,
main_only,species_diet,REDUCED,True,Dummy_GlobalMean,Tenebrio::Quinoa50,Tenebrio,main,Quinoa50,quinoa,50,2,46.509235603005465,36.5053773203161,,10.003858282689365,
main_only,species_diet,REDUCED,True,Dummy_GlobalMean,Tenebrio::Quinoa50,Tenebrio,main,Quinoa50,quinoa,50,3,47.25724338022376,36.5053773203161,,10.751866059907663,
main_only,species_diet,REDUCED,True,Dummy_SpeciesMean,Tenebrio::Quinoa50,Tenebrio,main,Quinoa50,quinoa,50,1,46.3907897545748,44.84727625541281,,1.543513499161989,
main_only,species_diet,REDUCED,True,Dummy_SpeciesMean,Tenebrio::Quinoa50,Tenebrio,main,Quinoa50,quinoa,50,2,46.509235603005465,44.84727625541281,,1.6619593475926564,
main_only,species_diet,REDUCED,True,Dummy_SpeciesMean,Tenebrio::Quinoa50,Tenebrio,main,Quinoa50,quinoa,50,3,47.25724338022376,44.84727625541281,,2.4099671248109544,
main_only,species_diet,REDUCED,True,GP_Compuesto_NoARD,Tenebrio::Quinoa50,Tenebrio,main,Quinoa50,quinoa,50,1,46.3907897545748,45.890030258661355,3.1046315700424456,0.5007594959134423,True
main_only,species_diet,REDUCED,True,GP_Compuesto_NoARD,Tenebrio::Quinoa50,Tenebrio,main,Quinoa50,quinoa,50,2,46.509235603005465,45.890030258661355,3.1046315700424456,0.6192053443441097,True
main_only,species_diet,REDUCED,True,GP_Compuesto_NoARD,Tenebrio::Quinoa50,Tenebrio,main,Quinoa50,quinoa,50,3,47.25724338022376,45.890030258661355,3.104631570042447,1.3672131215624077,True
main_only,species_diet,FULL,False,Dummy_GlobalMean,Hermetia::Control,Hermetia,main,Control,control,0,1,32.29822786111878,37.20932574622209,,4.91109788510331,
main_only,species_diet,FULL,False,Dummy_GlobalMean,Hermetia::Control,Hermetia,main,Control,control,0,2,31.9882734211747,37.20932574622209,,5.221052325047392,
main_only,species_diet,FULL,False,Dummy_GlobalMean,Hermetia::Control,Hermetia,main,Control,control,0,3,31.52201662343253,37.20932574622209,,5.687309122789561,
main_only,species_diet,FULL,False,Dummy_SpeciesMean,Hermetia::Control,Hermetia,main,Control,control,0,1,32.29822786111878,28.620398853726808,,3.677829007391974,
main_only,species_diet,FULL,False,Dummy_SpeciesMean,Hermetia::Control,Hermetia,main,Control,control,0,2,31.9882734211747,28.620398853726808,,3.367874567447892,
main_only,species_diet,FULL,False,Dummy_SpeciesMean,Hermetia::Control,Hermetia,main,Control,control,0,3,31.52201662343253,28.620398853726808,,2.901617769705723,
main_only,species_diet,FULL,False,GP_Compuesto_NoARD,Hermetia::Control,Hermetia,main,Control,control,0,1,32.29822786111878,21.937160836865196,5.564664763826496,10.361067024253586,True
main_only,species_diet,FULL,False,GP_Compuesto_NoARD,Hermetia::Control,Hermetia,main,Control,control,0,2,31.9882734211747,21.937160836865196,5.564664763826496,10.051112584309504,True
main_only,species_diet,FULL,False,GP_Compuesto_NoARD,Hermetia::Control,Hermetia,main,Control,control,0,3,31.52201662343253,21.937160836865196,5.564664763826502,9.584855786567335,True
main_only,species_diet,FULL,False,Dummy_GlobalMean,Hermetia::Hoja15,Hermetia,main,Hoja15,hoja,15,1,32.439876828877715,37.23404264926846,,4.794165820390745,
main_only,species_diet,FULL,False,Dummy_GlobalMean,Hermetia::Hoja15,Hermetia,main,Hoja15,hoja,15,2,31.861332823005377,37.23404264926846,,5.372709826263083,
main_only,species_diet,FULL,False,Dummy_GlobalMean,Hermetia::Hoja15,Hermetia,main,Hoja15,hoja,15,3,29.950143361921626,37.23404264926846,,7.283899287346834,
main_only,species_diet,FULL,False,Dummy_SpeciesMean,Hermetia::Hoja15,Hermetia,main,Hoja15,hoja,15,1,32.439876828877715,28.672304350124186,,3.7675724787535287,
main_only,species_diet,FULL,False,Dummy_SpeciesMean,Hermetia::Hoja15,Hermetia,main,Hoja15,hoja,15,2,31.861332823005377,28.672304350124186,,3.1890284728811906,
main_only,species_diet,FULL,False,Dummy_SpeciesMean,Hermetia::Hoja15,Hermetia,main,Hoja15,hoja,15,3,29.950143361921626,28.672304350124186,,1.2778390117974396,
main_only,species_diet,FULL,False,GP_Compuesto_NoARD,Hermetia::Hoja15,Hermetia,main,Hoja15,hoja,15,1,32.439876828877715,26.091813327227886,3.420571210646048,6.348063501649829,True
main_only,species_diet,FULL,False,GP_Compuesto_NoARD,Hermetia::Hoja15,Hermetia,main,Hoja15,hoja,15,2,31.861332823005377,26.091813327227886,3.420571210646048,5.769519495777491,True
main_only,species_diet,FULL,False,GP_Compuesto_NoARD,Hermetia::Hoja15,Hermetia,main,Hoja15,hoja,15,3,29.950143361921626,26.09181332722789,3.42057121064605,3.8583300346937364,True
main_only,species_diet,FULL,False,Dummy_GlobalMean,Hermetia::Hoja30,Hermetia,main,Hoja30,hoja,30,1,24.518904936914268,37.5673661021483,,13.04846116523403,
main_only,species_diet,FULL,False,Dummy_GlobalMean,Hermetia::Hoja30,Hermetia,main,Hoja30,hoja,30,2,23.472591934148408,37.5673661021483,,14.09477416799989,
main_only,species_diet,FULL,False,Dummy_GlobalMean,Hermetia::Hoja30,Hermetia,main,Hoja30,hoja,30,3,25.260478611312173,37.5673661021483,,12.306887490836125,
main_only,species_diet,FULL,False,Dummy_SpeciesMean,Hermetia::Hoja30,Hermetia,main,Hoja30,hoja,30,1,24.518904936914268,29.372283601171848,,4.85337866425758,
main_only,species_diet,FULL,False,Dummy_SpeciesMean,Hermetia::Hoja30,Hermetia,main,Hoja30,hoja,30,2,23.472591934148408,29.372283601171848,,5.89969166702344,
main_only,species_diet,FULL,False,Dummy_SpeciesMean,Hermetia::Hoja30,Hermetia,main,Hoja30,hoja,30,3,25.260478611312173,29.372283601171848,,4.1118049898596745,
main_only,species_diet,FULL,False,GP_Compuesto_NoARD,Hermetia::Hoja30,Hermetia,main,Hoja30,hoja,30,1,24.518904936914268,29.42812427124864,2.2454390429293523,4.909219334334374,False
main_only,species_diet,FULL,False,GP_Compuesto_NoARD,Hermetia::Hoja30,Hermetia,main,Hoja30,hoja,30,2,23.472591934148408,29.42812427124864,2.2454390429293523,5.955532337100234,False
main_only,species_diet,FULL,False,GP_Compuesto_NoARD,Hermetia::Hoja30,Hermetia,main,Hoja30,hoja,30,3,25.260478611312173,29.42812427124864,2.245439042929356,4.167645659936468,True
main_only,species_diet,FULL,False,Dummy_GlobalMean,Hermetia::Hoja50,Hermetia,main,Hoja50,hoja,50,1,22.677020960046544,37.61721508938187,,14.940194129335328,
main_only,species_diet,FULL,False,Dummy_GlobalMean,Hermetia::Hoja50,Hermetia,main,Hoja50,hoja,50,2,23.384593109734844,37.61721508938187,,14.232621979647028,
main_only,species_diet,FULL,False,Dummy_GlobalMean,Hermetia::Hoja50,Hermetia,main,Hoja50,hoja,50,3,24.04987521687871,37.61721508938187,,13.567339872503162,
main_only,species_diet,FULL,False,Dummy_SpeciesMean,Hermetia::Hoja50,Hermetia,main,Hoja50,hoja,50,1,22.677020960046544,29.47696647436234,,6.7999455143157945,
main_only,species_diet,FULL,False,Dummy_SpeciesMean,Hermetia::Hoja50,Hermetia,main,Hoja50,hoja,50,2,23.384593109734844,29.47696647436234,,6.092373364627495,
main_only,species_diet,FULL,False,Dummy_SpeciesMean,Hermetia::Hoja50,Hermetia,main,Hoja50,hoja,50,3,24.04987521687871,29.47696647436234,,5.427091257483628,
main_only,species_diet,FULL,False,GP_Compuesto_NoARD,Hermetia::Hoja50,Hermetia,main,Hoja50,hoja,50,1,22.677020960046544,30.377181918977847,3.4727160436458204,7.700160958931303,False
main_only,species_diet,FULL,False,GP_Compuesto_NoARD,Hermetia::Hoja50,Hermetia,main,Hoja50,hoja,50,2,23.384593109734844,30.377181918977847,3.4727160436458204,6.992588809243003,False
main_only,species_diet,FULL,False,GP_Compuesto_NoARD,Hermetia::Hoja50,Hermetia,main,Hoja50,hoja,50,3,24.04987521687871,30.377181918977843,3.4727160436458204,6.327306702099133,True
main_only,species_diet,FULL,False,Dummy_GlobalMean,Hermetia::Orujo30,Hermetia,main,Orujo30,orujo,30,1,31.314123313447407,37.286194375163596,,5.972071061716189,
main_only,species_diet,FULL,False,Dummy_GlobalMean,Hermetia::Orujo30,Hermetia,main,Orujo30,orujo,30,2,28.651274165528747,37.286194375163596,,8.63492020963485,
main_only,species_diet,FULL,False,Dummy_GlobalMean,Hermetia::Orujo30,Hermetia,main,Orujo30,orujo,30,3,31.00039680343508,37.286194375163596,,6.285797571728516,
main_only,species_diet,FULL,False,Dummy_SpeciesMean,Hermetia::Orujo30,Hermetia,main,Orujo30,orujo,30,1,31.314123313447407,28.78182297450397,,2.532300338943436,
main_only,species_diet,FULL,False,Dummy_SpeciesMean,Hermetia::Orujo30,Hermetia,main,Orujo30,orujo,30,2,28.651274165528747,28.78182297450397,,0.1305488089752238,
main_only,species_diet,FULL,False,Dummy_SpeciesMean,Hermetia::Orujo30,Hermetia,main,Orujo30,orujo,30,3,31.00039680343508,28.78182297450397,,2.2185738289311097,
main_only,species_diet,FULL,False,GP_Compuesto_NoARD,Hermetia::Orujo30,Hermetia,main,Orujo30,orujo,30,1,31.314123313447407,31.94843555545717,3.0427220864169096,0.6343122420097629,True
main_only,species_diet,FULL,False,GP_Compuesto_NoARD,Hermetia::Orujo30,Hermetia,main,Orujo30,orujo,30,2,28.651274165528747,31.94843555545717,3.0427220864169096,3.297161389928423,True
main_only,species_diet,FULL,False,GP_Compuesto_NoARD,Hermetia::Orujo30,Hermetia,main,Orujo30,orujo,30,3,31.00039680343508,31.948435555457166,3.0427220864169096,0.9480387520220859,True
main_only,species_diet,FULL,False,Dummy_GlobalMean,Hermetia::Orujo50,Hermetia,main,Orujo50,orujo,50,1,32.02004533085088,37.199267636831514,,5.1792223059806375,
main_only,species_diet,FULL,False,Dummy_GlobalMean,Hermetia::Orujo50,Hermetia,main,Orujo50,orujo,50,2,33.161725303735146,37.199267636831514,,4.0375423330963685,
main_only,species_diet,FULL,False,Dummy_GlobalMean,Hermetia::Orujo50,Hermetia,main,Orujo50,orujo,50,3,31.260408162746693,37.199267636831514,,5.938859474084822,
main_only,species_diet,FULL,False,Dummy_SpeciesMean,Hermetia::Orujo50,Hermetia,main,Orujo50,orujo,50,1,32.02004533085088,28.599276824006587,,3.42076850684429,
main_only,species_diet,FULL,False,Dummy_SpeciesMean,Hermetia::Orujo50,Hermetia,main,Orujo50,orujo,50,2,33.161725303735146,28.599276824006587,,4.562448479728559,
main_only,species_diet,FULL,False,Dummy_SpeciesMean,Hermetia::Orujo50,Hermetia,main,Orujo50,orujo,50,3,31.260408162746693,28.599276824006587,,2.6611313387401054,
main_only,species_diet,FULL,False,GP_Compuesto_NoARD,Hermetia::Orujo50,Hermetia,main,Orujo50,orujo,50,1,32.02004533085088,33.413926909078484,2.08147727566324,1.3938815782276066,True
main_only,species_diet,FULL,False,GP_Compuesto_NoARD,Hermetia::Orujo50,Hermetia,main,Orujo50,orujo,50,2,33.161725303735146,33.413926909078484,2.08147727566324,0.2522016053433376,True
main_only,species_diet,FULL,False,GP_Compuesto_NoARD,Hermetia::Orujo50,Hermetia,main,Orujo50,orujo,50,3,31.260408162746693,33.413926909078484,2.081477275663242,2.153518746331791,True
main_only,species_diet,FULL,False,Dummy_GlobalMean,Hermetia::Orujo70,Hermetia,main,Orujo70,orujo,70,1,28.145262440510347,37.42525161042317,,9.27998916991282,
main_only,species_diet,FULL,False,Dummy_GlobalMean,Hermetia::Orujo70,Hermetia,main,Orujo70,orujo,70,2,27.19851217684783,37.42525161042317,,10.226739433575336,
main_only,species_diet,FULL,False,Dummy_GlobalMean,Hermetia::Orujo70,Hermetia,main,Orujo70,orujo,70,3,26.86141384370052,37.42525161042317,,10.563837766722646,
main_only,species_diet,FULL,False,Dummy_SpeciesMean,Hermetia::Orujo70,Hermetia,main,Orujo70,orujo,70,1,28.145262440510347,29.073843168549054,,0.9285807280387068,
main_only,species_diet,FULL,False,Dummy_SpeciesMean,Hermetia::Orujo70,Hermetia,main,Orujo70,orujo,70,2,27.19851217684783,29.073843168549054,,1.8753309917012224,
main_only,species_diet,FULL,False,Dummy_SpeciesMean,Hermetia::Orujo70,Hermetia,main,Orujo70,orujo,70,3,26.86141384370052,29.073843168549054,,2.2124293248485323,
main_only,species_diet,FULL,False,GP_Compuesto_NoARD,Hermetia::Orujo70,Hermetia,main,Orujo70,orujo,70,1,28.145262440510347,33.40285046793909,2.0342013686593656,5.257588027428742,False
main_only,species_diet,FULL,False,GP_Compuesto_NoARD,Hermetia::Orujo70,Hermetia,main,Orujo70,orujo,70,2,27.19851217684783,33.40285046793909,2.0342013686593656,6.204338291091258,False
main_only,species_diet,FULL,False,GP_Compuesto_NoARD,Hermetia::Orujo70,Hermetia,main,Orujo70,orujo,70,3,26.86141384370052,33.40285046793909,2.0342013686593656,6.5414366242385675,False
main_only,species_diet,FULL,False,Dummy_GlobalMean,Hermetia::Orujo90,Hermetia,main,Orujo90,orujo,90,1,27.992592815001228,37.4659588511076,,9.473366036106373,
main_only,species_diet,FULL,False,Dummy_GlobalMean,Hermetia::Orujo90,Hermetia,main,Orujo90,orujo,90,2,23.674781663935857,37.4659588511076,,13.791177187171744,
main_only,species_diet,FULL,False,Dummy_GlobalMean,Hermetia::Orujo90,Hermetia,main,Orujo90,orujo,90,3,27.97325781900284,37.4659588511076,,9.492701032104762,
main_only,species_diet,FULL,False,Dummy_SpeciesMean,Hermetia::Orujo90,Hermetia,main,Orujo90,orujo,90,1,27.992592815001228,29.159328373986344,,1.166735558985117,
main_only,species_diet,FULL,False,Dummy_SpeciesMean,Hermetia::Orujo90,Hermetia,main,Orujo90,orujo,90,2,23.674781663935857,29.159328373986344,,5.484546710050488,
main_only,species_diet,FULL,False,Dummy_SpeciesMean,Hermetia::Orujo90,Hermetia,main,Orujo90,orujo,90,3,27.97325781900284,29.159328373986344,,1.1860705549835053,
main_only,species_diet,FULL,False,GP_Compuesto_NoARD,Hermetia::Orujo90,Hermetia,main,Orujo90,orujo,90,1,27.992592815001228,35.97620802010575,3.5911895218171126,7.983615205104524,False
main_only,species_diet,FULL,False,GP_Compuesto_NoARD,Hermetia::Orujo90,Hermetia,main,Orujo90,orujo,90,2,23.674781663935857,35.97620802010575,3.5911895218171126,12.301426356169895,False
main_only,species_diet,FULL,False,GP_Compuesto_NoARD,Hermetia::Orujo90,Hermetia,main,Orujo90,orujo,90,3,27.97325781900284,35.97620802010577,3.5911895218171037,8.002950201102934,False
main_only,species_diet,FULL,False,Dummy_GlobalMean,Hermetia::Quinoa15,Hermetia,main,Quinoa15,quinoa,15,1,32.25326659440655,37.26499984880587,,5.011733254399324,
main_only,species_diet,FULL,False,Dummy_GlobalMean,Hermetia::Quinoa15,Hermetia,main,Quinoa15,quinoa,15,2,30.29567215292689,37.26499984880587,,6.969327695878981,
main_only,species_diet,FULL,False,Dummy_GlobalMean,Hermetia::Quinoa15,Hermetia,main,Quinoa15,quinoa,15,3,29.75211069561501,37.26499984880587,,7.512889153190862,
main_only,species_diet,FULL,False,Dummy_SpeciesMean,Hermetia::Quinoa15,Hermetia,main,Quinoa15,quinoa,15,1,32.25326659440655,28.73731446915273,,3.5159521252538184,
main_only,species_diet,FULL,False,Dummy_SpeciesMean,Hermetia::Quinoa15,Hermetia,main,Quinoa15,quinoa,15,2,30.29567215292689,28.73731446915273,,1.5583576837741617,
main_only,species_diet,FULL,False,Dummy_SpeciesMean,Hermetia::Quinoa15,Hermetia,main,Quinoa15,quinoa,15,3,29.75211069561501,28.73731446915273,,1.0147962264622805,
main_only,species_diet,FULL,False,GP_Compuesto_NoARD,Hermetia::Quinoa15,Hermetia,main,Quinoa15,quinoa,15,1,32.25326659440655,31.0807888906131,2.7846050018326327,1.1724777037934473,True
main_only,species_diet,FULL,False,GP_Compuesto_NoARD,Hermetia::Quinoa15,Hermetia,main,Quinoa15,quinoa,15,2,30.29567215292689,31.0807888906131,2.7846050018326327,0.7851167376862094,True
main_only,species_diet,FULL,False,GP_Compuesto_NoARD,Hermetia::Quinoa15,Hermetia,main,Quinoa15,quinoa,15,3,29.75211069561501,31.080788890613093,2.7846050018326314,1.3286781949980835,True
main_only,species_diet,FULL,False,Dummy_GlobalMean,Hermetia::Quinoa30,Hermetia,main,Quinoa30,quinoa,30,1,30.76039775705413,37.30228106808036,,6.541883311026233,
main_only,species_diet,FULL,False,Dummy_GlobalMean,Hermetia::Quinoa30,Hermetia,main,Quinoa30,quinoa,30,2,29.22593647982689,37.30228106808036,,8.076344588253473,
main_only,species_diet,FULL,False,Dummy_GlobalMean,Hermetia::Quinoa30,Hermetia,main,Quinoa30,quinoa,30,3,29.965998391774416,37.30228106808036,,7.336282676305945,
main_only,species_diet,FULL,False,Dummy_SpeciesMean,Hermetia::Quinoa30,Hermetia,main,Quinoa30,quinoa,30,1,30.76039775705413,28.815605029629165,,1.9447927274249643,
main_only,species_diet,FULL,False,Dummy_SpeciesMean,Hermetia::Quinoa30,Hermetia,main,Quinoa30,quinoa,30,2,29.22593647982689,28.815605029629165,,0.41033145019772377,
main_only,species_diet,FULL,False,Dummy_SpeciesMean,Hermetia::Quinoa30,Hermetia,main,Quinoa30,quinoa,30,3,29.965998391774416,28.815605029629165,,1.1503933621452518,
main_only,species_diet,FULL,False,GP_Compuesto_NoARD,Hermetia::Quinoa30,Hermetia,main,Quinoa30,quinoa,30,1,30.76039775705413,33.09562323031943,2.2824747656592317,2.3352254732653037,True
main_only,species_diet,FULL,False,GP_Compuesto_NoARD,Hermetia::Quinoa30,Hermetia,main,Quinoa30,quinoa,30,2,29.22593647982689,33.09562323031943,2.2824747656592317,3.8696867504925443,True
main_only,species_diet,FULL,False,GP_Compuesto_NoARD,Hermetia::Quinoa30,Hermetia,main,Quinoa30,quinoa,30,3,29.965998391774416,33.095623230319426,2.2824747656592317,3.129624838545009,True
main_only,species_diet,FULL,False,Dummy_GlobalMean,Hermetia::Quinoa50,Hermetia,main,Quinoa50,quinoa,50,1,30.811944171324868,37.30962012696985,,6.497675955644979,
main_only,species_diet,FULL,False,Dummy_GlobalMean,Hermetia::Quinoa50,Hermetia,main,Quinoa50,quinoa,50,2,28.23608632105669,37.30962012696985,,9.073533805913158,
main_only,species_diet,FULL,False,Dummy_GlobalMean,Hermetia::Quinoa50,Hermetia,main,Quinoa50,quinoa,50,3,30.441941426236617,37.30962012696985,,6.867678700733229,
main_only,species_diet,FULL,False,Dummy_SpeciesMean,Hermetia::Quinoa50,Hermetia,main,Quinoa50,quinoa,50,1,30.811944171324868,28.83101705329707,,1.9809271180277968,
main_only,species_diet,FULL,False,Dummy_SpeciesMean,Hermetia::Quinoa50,Hermetia,main,Quinoa50,quinoa,50,2,28.23608632105669,28.83101705329707,,0.5949307322403818,
main_only,species_diet,FULL,False,Dummy_SpeciesMean,Hermetia::Quinoa50,Hermetia,main,Quinoa50,quinoa,50,3,30.441941426236617,28.83101705329707,,1.6109243729395466,
main_only,species_diet,FULL,False,GP_Compuesto_NoARD,Hermetia::Quinoa50,Hermetia,main,Quinoa50,quinoa,50,1,30.811944171324868,35.06728083084886,2.522745511814688,4.255336659523991,True
main_only,species_diet,FULL,False,GP_Compuesto_NoARD,Hermetia::Quinoa50,Hermetia,main,Quinoa50,quinoa,50,2,28.23608632105669,35.06728083084886,2.522745511814688,6.831194509792169,False
main_only,species_diet,FULL,False,GP_Compuesto_NoARD,Hermetia::Quinoa50,Hermetia,main,Quinoa50,quinoa,50,3,30.441941426236617,35.06728083084886,2.522745511814688,4.625339404612241,True
main_only,species_diet,FULL,False,Dummy_GlobalMean,Tenebrio::Control,Tenebrio,main,Control,control,0,1,42.724277530166994,36.66891249112835,,6.055365039038641,
main_only,species_diet,FULL,False,Dummy_GlobalMean,Tenebrio::Control,Tenebrio,main,Control,control,0,2,43.79839302328586,36.66891249112835,,7.129480532157508,
main_only,species_diet,FULL,False,Dummy_GlobalMean,Tenebrio::Control,Tenebrio,main,Control,control,0,3,43.331882423179295,36.66891249112835,,6.662969932050942,
main_only,species_diet,FULL,False,Dummy_SpeciesMean,Tenebrio::Control,Tenebrio,main,Control,control,0,1,42.724277530166994,45.190700114118535,,2.466422583951541,
main_only,species_diet,FULL,False,Dummy_SpeciesMean,Tenebrio::Control,Tenebrio,main,Control,control,0,2,43.79839302328586,45.190700114118535,,1.3923070908326736,
main_only,species_diet,FULL,False,Dummy_SpeciesMean,Tenebrio::Control,Tenebrio,main,Control,control,0,3,43.331882423179295,45.190700114118535,,1.8588176909392402,
main_only,species_diet,FULL,False,GP_Compuesto_NoARD,Tenebrio::Control,Tenebrio,main,Control,control,0,1,42.724277530166994,53.82404321810829,5.552277232115537,11.099765687941293,False
main_only,species_diet,FULL,False,GP_Compuesto_NoARD,Tenebrio::Control,Tenebrio,main,Control,control,0,2,43.79839302328586,53.82404321810829,5.552277232115537,10.025650194822425,True
main_only,species_diet,FULL,False,GP_Compuesto_NoARD,Tenebrio::Control,Tenebrio,main,Control,control,0,3,43.331882423179295,53.82404321810827,5.552277232115528,10.492160794928978,True
main_only,species_diet,FULL,False,Dummy_GlobalMean,Tenebrio::Hoja15,Tenebrio,main,Hoja15,hoja,15,1,44.59966850546592,36.55287624719847,,8.046792258267452,
main_only,species_diet,FULL,False,Dummy_GlobalMean,Tenebrio::Hoja15,Tenebrio,main,Hoja15,hoja,15,2,48.58207253144869,36.55287624719847,,12.029196284250219,
main_only,species_diet,FULL,False,Dummy_GlobalMean,Tenebrio::Hoja15,Tenebrio,main,Hoja15,hoja,15,3,43.98309530729985,36.55287624719847,,7.430219060101379,
main_only,species_diet,FULL,False,Dummy_SpeciesMean,Tenebrio::Hoja15,Tenebrio,main,Hoja15,hoja,15,1,44.59966850546592,44.94702400186579,,0.34735549639987084,
main_only,species_diet,FULL,False,Dummy_SpeciesMean,Tenebrio::Hoja15,Tenebrio,main,Hoja15,hoja,15,2,48.58207253144869,44.94702400186579,,3.635048529582896,
main_only,species_diet,FULL,False,Dummy_SpeciesMean,Tenebrio::Hoja15,Tenebrio,main,Hoja15,hoja,15,3,43.98309530729985,44.94702400186579,,0.9639286945659435,
main_only,species_diet,FULL,False,GP_Compuesto_NoARD,Tenebrio::Hoja15,Tenebrio,main,Hoja15,hoja,15,1,44.59966850546592,44.93279035710296,2.9731356232418054,0.33312185163703845,True
main_only,species_diet,FULL,False,GP_Compuesto_NoARD,Tenebrio::Hoja15,Tenebrio,main,Hoja15,hoja,15,2,48.58207253144869,44.93279035710296,2.9731356232418054,3.6492821743457284,True
main_only,species_diet,FULL,False,GP_Compuesto_NoARD,Tenebrio::Hoja15,Tenebrio,main,Hoja15,hoja,15,3,43.98309530729985,44.93279035710297,2.9731356232418027,0.9496950498031183,True
main_only,species_diet,FULL,False,Dummy_GlobalMean,Tenebrio::Hoja30,Tenebrio,main,Hoja30,hoja,30,1,43.64443148041813,36.64435694876618,,7.000074531651947,
main_only,species_diet,FULL,False,Dummy_GlobalMean,Tenebrio::Hoja30,Tenebrio,main,Hoja30,hoja,30,2,45.32322480412907,36.64435694876618,,8.678867855362888,
main_only,species_diet,FULL,False,Dummy_GlobalMean,Tenebrio::Hoja30,Tenebrio,main,Hoja30,hoja,30,3,42.43389586090185,36.64435694876618,,5.789538912135669,
main_only,species_diet,FULL,False,Dummy_SpeciesMean,Tenebrio::Hoja30,Tenebrio,main,Hoja30,hoja,30,1,43.64443148041813,45.139133475157976,,1.4947019947398488,
main_only,species_diet,FULL,False,Dummy_SpeciesMean,Tenebrio::Hoja30,Tenebrio,main,Hoja30,hoja,30,2,45.32322480412907,45.139133475157976,,0.1840913289710926,
main_only,species_diet,FULL,False,Dummy_SpeciesMean,Tenebrio::Hoja30,Tenebrio,main,Hoja30,hoja,30,3,42.43389586090185,45.139133475157976,,2.705237614256127,
main_only,species_diet,FULL,False,GP_Compuesto_NoARD,Tenebrio::Hoja30,Tenebrio,main,Hoja30,hoja,30,1,43.64443148041813,43.567136760177576,2.367818987617559,0.07729472024055184,True
main_only,species_diet,FULL,False,GP_Compuesto_NoARD,Tenebrio::Hoja30,Tenebrio,main,Hoja30,hoja,30,2,45.32322480412907,43.567136760177576,2.367818987617559,1.7560880439514932,True
main_only,species_diet,FULL,False,GP_Compuesto_NoARD,Tenebrio::Hoja30,Tenebrio,main,Hoja30,hoja,30,3,42.43389586090185,43.567136760177576,2.3678189876175577,1.1332408992757266,True
main_only,species_diet,FULL,False,Dummy_GlobalMean,Tenebrio::Hoja50,Tenebrio,main,Hoja50,hoja,50,1,43.13594119232716,36.653742658606895,,6.482198533720265,
main_only,species_diet,FULL,False,Dummy_GlobalMean,Tenebrio::Hoja50,Tenebrio,main,Hoja50,hoja,50,2,44.6843260049324,36.653742658606895,,8.030583346325507,
main_only,species_diet,FULL,False,Dummy_GlobalMean,Tenebrio::Hoja50,Tenebrio,main,Hoja50,hoja,50,3,42.989985228223965,36.653742658606895,,6.33624256961707,
main_only,species_diet,FULL,False,Dummy_SpeciesMean,Tenebrio::Hoja50,Tenebrio,main,Hoja50,hoja,50,1,43.13594119232716,45.15884346582349,,2.022902273496328,
main_only,species_diet,FULL,False,Dummy_SpeciesMean,Tenebrio::Hoja50,Tenebrio,main,Hoja50,hoja,50,2,44.6843260049324,45.15884346582349,,0.4745174608910858,
main_only,species_diet,FULL,False,Dummy_SpeciesMean,Tenebrio::Hoja50,Tenebrio,main,Hoja50,hoja,50,3,42.989985228223965,45.15884346582349,,2.1688582375995225,
main_only,species_diet,FULL,False,GP_Compuesto_NoARD,Tenebrio::Hoja50,Tenebrio,main,Hoja50,hoja,50,1,43.13594119232716,38.30423904662568,3.6382232102285315,4.8317021457014775,True
main_only,species_diet,FULL,False,GP_Compuesto_NoARD,Tenebrio::Hoja50,Tenebrio,main,Hoja50,hoja,50,2,44.6843260049324,38.30423904662568,3.6382232102285315,6.38008695830672,True
main_only,species_diet,FULL,False,GP_Compuesto_NoARD,Tenebrio::Hoja50,Tenebrio,main,Hoja50,hoja,50,3,42.989985228223965,38.304239046625696,3.6382232102285292,4.685746181598269,True
main_only,species_diet,FULL,False,Dummy_GlobalMean,Tenebrio::Orujo30,Tenebrio,main,Orujo30,orujo,30,1,44.05632136428663,36.51519319685996,,7.54112816742667,
main_only,species_diet,FULL,False,Dummy_GlobalMean,Tenebrio::Orujo30,Tenebrio,main,Orujo30,orujo,30,2,47.979408918219136,36.51519319685996,,11.464215721359174,
main_only,species_diet,FULL,False,Dummy_GlobalMean,Tenebrio::Orujo30,Tenebrio,main,Orujo30,orujo,30,3,47.50313823303477,36.51519319685996,,10.987945036174807,
main_only,species_diet,FULL,False,Dummy_SpeciesMean,Tenebrio::Orujo30,Tenebrio,main,Orujo30,orujo,30,1,44.05632136428663,44.867889596154924,,0.8115682318682929,
main_only,species_diet,FULL,False,Dummy_SpeciesMean,Tenebrio::Orujo30,Tenebrio,main,Orujo30,orujo,30,2,47.979408918219136,44.867889596154924,,3.1115193220642112,
main_only,species_diet,FULL,False,Dummy_SpeciesMean,Tenebrio::Orujo30,Tenebrio,main,Orujo30,orujo,30,3,47.50313823303477,44.867889596154924,,2.635248636879844,
main_only,species_diet,FULL,False,GP_Compuesto_NoARD,Tenebrio::Orujo30,Tenebrio,main,Orujo30,orujo,30,1,44.05632136428663,45.206496479364134,2.6243117955184863,1.1501751150775021,True
main_only,species_diet,FULL,False,GP_Compuesto_NoARD,Tenebrio::Orujo30,Tenebrio,main,Orujo30,orujo,30,2,47.979408918219136,45.206496479364134,2.6243117955184863,2.772912438855002,True
main_only,species_diet,FULL,False,GP_Compuesto_NoARD,Tenebrio::Orujo30,Tenebrio,main,Orujo30,orujo,30,3,47.50313823303477,45.206496479364134,2.6243117955184863,2.2966417536706345,True
main_only,species_diet,FULL,False,Dummy_GlobalMean,Tenebrio::Orujo50,Tenebrio,main,Orujo50,orujo,50,1,46.60615150745108,36.48627714039684,,10.119874367054244,
main_only,species_diet,FULL,False,Dummy_GlobalMean,Tenebrio::Orujo50,Tenebrio,main,Orujo50,orujo,50,2,47.61168446896416,36.48627714039684,,11.12540732856732,
main_only,species_diet,FULL,False,Dummy_GlobalMean,Tenebrio::Orujo50,Tenebrio,main,Orujo50,orujo,50,3,47.14274409630263,36.48627714039684,,10.656466955905792,
main_only,species_diet,FULL,False,Dummy_SpeciesMean,Tenebrio::Orujo50,Tenebrio,main,Orujo50,orujo,50,1,46.60615150745108,44.80716587758234,,1.7989856298687386,
main_only,species_diet,FULL,False,Dummy_SpeciesMean,Tenebrio::Orujo50,Tenebrio,main,Orujo50,orujo,50,2,47.61168446896416,44.80716587758234,,2.8045185913818145,
main_only,species_diet,FULL,False,Dummy_SpeciesMean,Tenebrio::Orujo50,Tenebrio,main,Orujo50,orujo,50,3,47.14274409630263,44.80716587758234,,2.3355782187202863,
main_only,species_diet,FULL,False,GP_Compuesto_NoARD,Tenebrio::Orujo50,Tenebrio,main,Orujo50,orujo,50,1,46.60615150745108,39.72543184568004,1.946314219440725,6.880719661771039,False
main_only,species_diet,FULL,False,GP_Compuesto_NoARD,Tenebrio::Orujo50,Tenebrio,main,Orujo50,orujo,50,2,47.61168446896416,39.72543184568004,1.946314219440725,7.886252623284115,False
main_only,species_diet,FULL,False,GP_Compuesto_NoARD,Tenebrio::Orujo50,Tenebrio,main,Orujo50,orujo,50,3,47.14274409630263,39.725431845680035,1.946314219440725,7.417312250622594,False
main_only,species_diet,FULL,False,Dummy_GlobalMean,Tenebrio::Orujo70,Tenebrio,main,Orujo70,orujo,70,1,42.989125105205865,36.6965531173985,,6.292571987807364,
main_only,species_diet,FULL,False,Dummy_GlobalMean,Tenebrio::Orujo70,Tenebrio,main,Orujo70,orujo,70,2,42.37318058656684,36.6965531173985,,5.676627469168338,
main_only,species_diet,FULL,False,Dummy_GlobalMean,Tenebrio::Orujo70,Tenebrio,main,Orujo70,orujo,70,3,42.75088782983994,36.6965531173985,,6.054334712441438,
main_only,species_diet,FULL,False,Dummy_SpeciesMean,Tenebrio::Orujo70,Tenebrio,main,Orujo70,orujo,70,1,42.989125105205865,45.248745429285854,,2.2596203240799895,
main_only,species_diet,FULL,False,Dummy_SpeciesMean,Tenebrio::Orujo70,Tenebrio,main,Orujo70,orujo,70,2,42.37318058656684,45.248745429285854,,2.8755648427190152,
main_only,species_diet,FULL,False,Dummy_SpeciesMean,Tenebrio::Orujo70,Tenebrio,main,Orujo70,orujo,70,3,42.75088782983994,45.248745429285854,,2.497857599445915,
main_only,species_diet,FULL,False,GP_Compuesto_NoARD,Tenebrio::Orujo70,Tenebrio,main,Orujo70,orujo,70,1,42.989125105205865,38.86217334411324,1.9604715106693864,4.126951761092627,False
main_only,species_diet,FULL,False,GP_Compuesto_NoARD,Tenebrio::Orujo70,Tenebrio,main,Orujo70,orujo,70,2,42.37318058656684,38.86217334411324,1.9604715106693864,3.5110072424536014,True
main_only,species_diet,FULL,False,GP_Compuesto_NoARD,Tenebrio::Orujo70,Tenebrio,main,Orujo70,orujo,70,3,42.75088782983994,38.86217334411323,1.9604715106693822,3.888714485726709,False
main_only,species_diet,FULL,False,Dummy_GlobalMean,Tenebrio::Orujo90,Tenebrio,main,Orujo90,orujo,90,1,42.63455462687377,36.78700592480313,,5.84754870207064,
main_only,species_diet,FULL,False,Dummy_GlobalMean,Tenebrio::Orujo90,Tenebrio,main,Orujo90,orujo,90,2,39.46090226095632,36.78700592480313,,2.6738963361531844,
main_only,species_diet,FULL,False,Dummy_GlobalMean,Tenebrio::Orujo90,Tenebrio,main,Orujo90,orujo,90,3,40.31920976729068,36.78700592480313,,3.5322038424875473,
main_only,species_diet,FULL,False,Dummy_SpeciesMean,Tenebrio::Orujo90,Tenebrio,main,Orujo90,orujo,90,1,42.63455462687377,45.43869632483559,,2.8041416979618177,
main_only,species_diet,FULL,False,Dummy_SpeciesMean,Tenebrio::Orujo90,Tenebrio,main,Orujo90,orujo,90,2,39.46090226095632,45.43869632483559,,5.977794063879273,
main_only,species_diet,FULL,False,Dummy_SpeciesMean,Tenebrio::Orujo90,Tenebrio,main,Orujo90,orujo,90,3,40.31920976729068,45.43869632483559,,5.11948655754491,
main_only,species_diet,FULL,False,GP_Compuesto_NoARD,Tenebrio::Orujo90,Tenebrio,main,Orujo90,orujo,90,1,42.63455462687377,31.58861526428953,3.2691539051604255,11.045939362584242,False
main_only,species_diet,FULL,False,GP_Compuesto_NoARD,Tenebrio::Orujo90,Tenebrio,main,Orujo90,orujo,90,2,39.46090226095632,31.58861526428953,3.2691539051604255,7.872286996666787,False
main_only,species_diet,FULL,False,GP_Compuesto_NoARD,Tenebrio::Orujo90,Tenebrio,main,Orujo90,orujo,90,3,40.31920976729068,31.58861526428952,3.26915390516042,8.73059450300116,False
main_only,species_diet,FULL,False,Dummy_GlobalMean,Tenebrio::Quinoa15,Tenebrio,main,Quinoa15,quinoa,15,1,46.2406551012102,36.42793719105535,,9.812717910154852,
main_only,species_diet,FULL,False,Dummy_GlobalMean,Tenebrio::Quinoa15,Tenebrio,main,Quinoa15,quinoa,15,2,49.74165607410812,36.42793719105535,,13.313718883052772,
main_only,species_diet,FULL,False,Dummy_GlobalMean,Tenebrio::Quinoa15,Tenebrio,main,Quinoa15,quinoa,15,3,49.0536857059127,36.42793719105535,,12.62574851485735,
main_only,species_diet,FULL,False,Dummy_SpeciesMean,Tenebrio::Quinoa15,Tenebrio,main,Quinoa15,quinoa,15,1,46.2406551012102,44.684651983965246,,1.5560031172449555,
main_only,species_diet,FULL,False,Dummy_SpeciesMean,Tenebrio::Quinoa15,Tenebrio,main,Quinoa15,quinoa,15,2,49.74165607410812,44.684651983965246,,5.057004090142875,
main_only,species_diet,FULL,False,Dummy_SpeciesMean,Tenebrio::Quinoa15,Tenebrio,main,Quinoa15,quinoa,15,3,49.0536857059127,44.684651983965246,,4.369033721947453,
main_only,species_diet,FULL,False,GP_Compuesto_NoARD,Tenebrio::Quinoa15,Tenebrio,main,Quinoa15,quinoa,15,1,46.2406551012102,44.94129752033267,2.6857069902561745,1.2993575808775333,True
main_only,species_diet,FULL,False,GP_Compuesto_NoARD,Tenebrio::Quinoa15,Tenebrio,main,Quinoa15,quinoa,15,2,49.74165607410812,44.94129752033267,2.6857069902561745,4.800358553775453,True
main_only,species_diet,FULL,False,GP_Compuesto_NoARD,Tenebrio::Quinoa15,Tenebrio,main,Quinoa15,quinoa,15,3,49.0536857059127,44.94129752033267,2.6857069902561745,4.112388185580031,True
main_only,species_diet,FULL,False,Dummy_GlobalMean,Tenebrio::Quinoa30,Tenebrio,main,Quinoa30,quinoa,30,1,47.1681642185215,36.51225796497359,,10.655906253547904,
main_only,species_diet,FULL,False,Dummy_GlobalMean,Tenebrio::Quinoa30,Tenebrio,main,Quinoa30,quinoa,30,2,45.28074275235599,36.51225796497359,,8.768484787382398,
main_only,species_diet,FULL,False,Dummy_GlobalMean,Tenebrio::Quinoa30,Tenebrio,main,Quinoa30,quinoa,30,3,47.27488115350477,36.51225796497359,,10.76262318853118,
main_only,species_diet,FULL,False,Dummy_SpeciesMean,Tenebrio::Quinoa30,Tenebrio,main,Quinoa30,quinoa,30,1,47.1681642185215,44.861725609193535,,2.3064386093279623,
main_only,species_diet,FULL,False,Dummy_SpeciesMean,Tenebrio::Quinoa30,Tenebrio,main,Quinoa30,quinoa,30,2,45.28074275235599,44.861725609193535,,0.4190171431624563,
main_only,species_diet,FULL,False,Dummy_SpeciesMean,Tenebrio::Quinoa30,Tenebrio,main,Quinoa30,quinoa,30,3,47.27488115350477,44.861725609193535,,2.4131555443112376,
main_only,species_diet,FULL,False,GP_Compuesto_NoARD,Tenebrio::Quinoa30,Tenebrio,main,Quinoa30,quinoa,30,1,47.1681642185215,45.6848754191049,2.2334773339951357,1.4832887994165986,True
main_only,species_diet,FULL,False,GP_Compuesto_NoARD,Tenebrio::Quinoa30,Tenebrio,main,Quinoa30,quinoa,30,2,45.28074275235599,45.6848754191049,2.2334773339951357,0.40413266674890735,True
main_only,species_diet,FULL,False,GP_Compuesto_NoARD,Tenebrio::Quinoa30,Tenebrio,main,Quinoa30,quinoa,30,3,47.27488115350477,45.6848754191049,2.2334773339951375,1.590005734399874,True
main_only,species_diet,FULL,False,Dummy_GlobalMean,Tenebrio::Quinoa50,Tenebrio,main,Quinoa50,quinoa,50,1,46.3907897545748,36.5053773203161,,9.885412434258697,
main_only,species_diet,FULL,False,Dummy_GlobalMean,Tenebrio::Quinoa50,Tenebrio,main,Quinoa50,quinoa,50,2,46.509235603005465,36.5053773203161,,10.003858282689365,
main_only,species_diet,FULL,False,Dummy_GlobalMean,Tenebrio::Quinoa50,Tenebrio,main,Quinoa50,quinoa,50,3,47.25724338022376,36.5053773203161,,10.751866059907663,
main_only,species_diet,FULL,False,Dummy_SpeciesMean,Tenebrio::Quinoa50,Tenebrio,main,Quinoa50,quinoa,50,1,46.3907897545748,44.84727625541281,,1.543513499161989,
main_only,species_diet,FULL,False,Dummy_SpeciesMean,Tenebrio::Quinoa50,Tenebrio,main,Quinoa50,quinoa,50,2,46.509235603005465,44.84727625541281,,1.6619593475926564,
main_only,species_diet,FULL,False,Dummy_SpeciesMean,Tenebrio::Quinoa50,Tenebrio,main,Quinoa50,quinoa,50,3,47.25724338022376,44.84727625541281,,2.4099671248109544,
main_only,species_diet,FULL,False,GP_Compuesto_NoARD,Tenebrio::Quinoa50,Tenebrio,main,Quinoa50,quinoa,50,1,46.3907897545748,44.58019301282523,3.287941155695798,1.8105967417495705,True
main_only,species_diet,FULL,False,GP_Compuesto_NoARD,Tenebrio::Quinoa50,Tenebrio,main,Quinoa50,quinoa,50,2,46.509235603005465,44.58019301282523,3.287941155695798,1.929042590180238,True
main_only,species_diet,FULL,False,GP_Compuesto_NoARD,Tenebrio::Quinoa50,Tenebrio,main,Quinoa50,quinoa,50,3,47.25724338022376,44.580193012825234,3.2879411556957994,2.677050367398529,True
main_only,species_diet,FULL,True,Dummy_GlobalMean,Hermetia::Control,Hermetia,main,Control,control,0,1,32.29822786111878,37.20932574622209,,4.91109788510331,
main_only,species_diet,FULL,True,Dummy_GlobalMean,Hermetia::Control,Hermetia,main,Control,control,0,2,31.9882734211747,37.20932574622209,,5.221052325047392,
main_only,species_diet,FULL,True,Dummy_GlobalMean,Hermetia::Control,Hermetia,main,Control,control,0,3,31.52201662343253,37.20932574622209,,5.687309122789561,
main_only,species_diet,FULL,True,Dummy_SpeciesMean,Hermetia::Control,Hermetia,main,Control,control,0,1,32.29822786111878,28.620398853726808,,3.677829007391974,
main_only,species_diet,FULL,True,Dummy_SpeciesMean,Hermetia::Control,Hermetia,main,Control,control,0,2,31.9882734211747,28.620398853726808,,3.367874567447892,
main_only,species_diet,FULL,True,Dummy_SpeciesMean,Hermetia::Control,Hermetia,main,Control,control,0,3,31.52201662343253,28.620398853726808,,2.901617769705723,
main_only,species_diet,FULL,True,GP_Compuesto_NoARD,Hermetia::Control,Hermetia,main,Control,control,0,1,32.29822786111878,25.942462014405727,5.331912400994081,6.355765846713055,True
main_only,species_diet,FULL,True,GP_Compuesto_NoARD,Hermetia::Control,Hermetia,main,Control,control,0,2,31.9882734211747,25.942462014405727,5.331912400994081,6.045811406768973,True
main_only,species_diet,FULL,True,GP_Compuesto_NoARD,Hermetia::Control,Hermetia,main,Control,control,0,3,31.52201662343253,25.942462014405727,5.331912400994079,5.579554609026804,True
main_only,species_diet,FULL,True,Dummy_GlobalMean,Hermetia::Hoja15,Hermetia,main,Hoja15,hoja,15,1,32.439876828877715,37.23404264926846,,4.794165820390745,
main_only,species_diet,FULL,True,Dummy_GlobalMean,Hermetia::Hoja15,Hermetia,main,Hoja15,hoja,15,2,31.861332823005377,37.23404264926846,,5.372709826263083,
main_only,species_diet,FULL,True,Dummy_GlobalMean,Hermetia::Hoja15,Hermetia,main,Hoja15,hoja,15,3,29.950143361921626,37.23404264926846,,7.283899287346834,
main_only,species_diet,FULL,True,Dummy_SpeciesMean,Hermetia::Hoja15,Hermetia,main,Hoja15,hoja,15,1,32.439876828877715,28.672304350124186,,3.7675724787535287,
main_only,species_diet,FULL,True,Dummy_SpeciesMean,Hermetia::Hoja15,Hermetia,main,Hoja15,hoja,15,2,31.861332823005377,28.672304350124186,,3.1890284728811906,
main_only,species_diet,FULL,True,Dummy_SpeciesMean,Hermetia::Hoja15,Hermetia,main,Hoja15,hoja,15,3,29.950143361921626,28.672304350124186,,1.2778390117974396,
main_only,species_diet,FULL,True,GP_Compuesto_NoARD,Hermetia::Hoja15,Hermetia,main,Hoja15,hoja,15,1,32.439876828877715,27.623209971497154,3.1891532068165938,4.816666857380561,True
main_only,species_diet,FULL,True,GP_Compuesto_NoARD,Hermetia::Hoja15,Hermetia,main,Hoja15,hoja,15,2,31.861332823005377,27.623209971497154,3.1891532068165938,4.238122851508223,True
main_only,species_diet,FULL,True,GP_Compuesto_NoARD,Hermetia::Hoja15,Hermetia,main,Hoja15,hoja,15,3,29.950143361921626,27.62320997149715,3.189153206816595,2.3269333904244753,True
main_only,species_diet,FULL,True,Dummy_GlobalMean,Hermetia::Hoja30,Hermetia,main,Hoja30,hoja,30,1,24.518904936914268,37.5673661021483,,13.04846116523403,
main_only,species_diet,FULL,True,Dummy_GlobalMean,Hermetia::Hoja30,Hermetia,main,Hoja30,hoja,30,2,23.472591934148408,37.5673661021483,,14.09477416799989,
main_only,species_diet,FULL,True,Dummy_GlobalMean,Hermetia::Hoja30,Hermetia,main,Hoja30,hoja,30,3,25.260478611312173,37.5673661021483,,12.306887490836125,
main_only,species_diet,FULL,True,Dummy_SpeciesMean,Hermetia::Hoja30,Hermetia,main,Hoja30,hoja,30,1,24.518904936914268,29.372283601171848,,4.85337866425758,
main_only,species_diet,FULL,True,Dummy_SpeciesMean,Hermetia::Hoja30,Hermetia,main,Hoja30,hoja,30,2,23.472591934148408,29.372283601171848,,5.89969166702344,
main_only,species_diet,FULL,True,Dummy_SpeciesMean,Hermetia::Hoja30,Hermetia,main,Hoja30,hoja,30,3,25.260478611312173,29.372283601171848,,4.1118049898596745,
main_only,species_diet,FULL,True,GP_Compuesto_NoARD,Hermetia::Hoja30,Hermetia,main,Hoja30,hoja,30,1,24.518904936914268,28.94749012852666,2.1988547126288887,4.428585191612392,False
main_only,species_diet,FULL,True,GP_Compuesto_NoARD,Hermetia::Hoja30,Hermetia,main,Hoja30,hoja,30,2,23.472591934148408,28.94749012852666,2.1988547126288887,5.474898194378252,False
main_only,species_diet,FULL,True,GP_Compuesto_NoARD,Hermetia::Hoja30,Hermetia,main,Hoja30,hoja,30,3,25.260478611312173,28.94749012852666,2.1988547126288887,3.6870115172144864,True
main_only,species_diet,FULL,True,Dummy_GlobalMean,Hermetia::Hoja50,Hermetia,main,Hoja50,hoja,50,1,22.677020960046544,37.61721508938187,,14.940194129335328,
main_only,species_diet,FULL,True,Dummy_GlobalMean,Hermetia::Hoja50,Hermetia,main,Hoja50,hoja,50,2,23.384593109734844,37.61721508938187,,14.232621979647028,
main_only,species_diet,FULL,True,Dummy_GlobalMean,Hermetia::Hoja50,Hermetia,main,Hoja50,hoja,50,3,24.04987521687871,37.61721508938187,,13.567339872503162,
main_only,species_diet,FULL,True,Dummy_SpeciesMean,Hermetia::Hoja50,Hermetia,main,Hoja50,hoja,50,1,22.677020960046544,29.47696647436234,,6.7999455143157945,
main_only,species_diet,FULL,True,Dummy_SpeciesMean,Hermetia::Hoja50,Hermetia,main,Hoja50,hoja,50,2,23.384593109734844,29.47696647436234,,6.092373364627495,
main_only,species_diet,FULL,True,Dummy_SpeciesMean,Hermetia::Hoja50,Hermetia,main,Hoja50,hoja,50,3,24.04987521687871,29.47696647436234,,5.427091257483628,
main_only,species_diet,FULL,True,GP_Compuesto_NoARD,Hermetia::Hoja50,Hermetia,main,Hoja50,hoja,50,1,22.677020960046544,28.42527287850555,3.390627243729499,5.748251918459005,True
main_only,species_diet,FULL,True,GP_Compuesto_NoARD,Hermetia::Hoja50,Hermetia,main,Hoja50,hoja,50,2,23.384593109734844,28.42527287850555,3.390627243729499,5.040679768770705,True
main_only,species_diet,FULL,True,GP_Compuesto_NoARD,Hermetia::Hoja50,Hermetia,main,Hoja50,hoja,50,3,24.04987521687871,28.425272878505545,3.390627243729497,4.375397661626835,True
main_only,species_diet,FULL,True,Dummy_GlobalMean,Hermetia::Orujo30,Hermetia,main,Orujo30,orujo,30,1,31.314123313447407,37.286194375163596,,5.972071061716189,
main_only,species_diet,FULL,True,Dummy_GlobalMean,Hermetia::Orujo30,Hermetia,main,Orujo30,orujo,30,2,28.651274165528747,37.286194375163596,,8.63492020963485,
main_only,species_diet,FULL,True,Dummy_GlobalMean,Hermetia::Orujo30,Hermetia,main,Orujo30,orujo,30,3,31.00039680343508,37.286194375163596,,6.285797571728516,
main_only,species_diet,FULL,True,Dummy_SpeciesMean,Hermetia::Orujo30,Hermetia,main,Orujo30,orujo,30,1,31.314123313447407,28.78182297450397,,2.532300338943436,
main_only,species_diet,FULL,True,Dummy_SpeciesMean,Hermetia::Orujo30,Hermetia,main,Orujo30,orujo,30,2,28.651274165528747,28.78182297450397,,0.1305488089752238,
main_only,species_diet,FULL,True,Dummy_SpeciesMean,Hermetia::Orujo30,Hermetia,main,Orujo30,orujo,30,3,31.00039680343508,28.78182297450397,,2.2185738289311097,
main_only,species_diet,FULL,True,GP_Compuesto_NoARD,Hermetia::Orujo30,Hermetia,main,Orujo30,orujo,30,1,31.314123313447407,30.91901029923425,2.8075430838723214,0.39511301421315537,True
main_only,species_diet,FULL,True,GP_Compuesto_NoARD,Hermetia::Orujo30,Hermetia,main,Orujo30,orujo,30,2,28.651274165528747,30.91901029923425,2.8075430838723214,2.2677361337055046,True
main_only,species_diet,FULL,True,GP_Compuesto_NoARD,Hermetia::Orujo30,Hermetia,main,Orujo30,orujo,30,3,31.00039680343508,30.919010299234248,2.8075430838723214,0.08138650420083238,True
main_only,species_diet,FULL,True,Dummy_GlobalMean,Hermetia::Orujo50,Hermetia,main,Orujo50,orujo,50,1,32.02004533085088,37.199267636831514,,5.1792223059806375,
main_only,species_diet,FULL,True,Dummy_GlobalMean,Hermetia::Orujo50,Hermetia,main,Orujo50,orujo,50,2,33.161725303735146,37.199267636831514,,4.0375423330963685,
main_only,species_diet,FULL,True,Dummy_GlobalMean,Hermetia::Orujo50,Hermetia,main,Orujo50,orujo,50,3,31.260408162746693,37.199267636831514,,5.938859474084822,
main_only,species_diet,FULL,True,Dummy_SpeciesMean,Hermetia::Orujo50,Hermetia,main,Orujo50,orujo,50,1,32.02004533085088,28.599276824006587,,3.42076850684429,
main_only,species_diet,FULL,True,Dummy_SpeciesMean,Hermetia::Orujo50,Hermetia,main,Orujo50,orujo,50,2,33.161725303735146,28.599276824006587,,4.562448479728559,
main_only,species_diet,FULL,True,Dummy_SpeciesMean,Hermetia::Orujo50,Hermetia,main,Orujo50,orujo,50,3,31.260408162746693,28.599276824006587,,2.6611313387401054,
main_only,species_diet,FULL,True,GP_Compuesto_NoARD,Hermetia::Orujo50,Hermetia,main,Orujo50,orujo,50,1,32.02004533085088,30.44656313806414,2.1636630606319662,1.573482192786738,True
main_only,species_diet,FULL,True,GP_Compuesto_NoARD,Hermetia::Orujo50,Hermetia,main,Orujo50,orujo,50,2,33.161725303735146,30.44656313806414,2.1636630606319662,2.715162165671007,True
main_only,species_diet,FULL,True,GP_Compuesto_NoARD,Hermetia::Orujo50,Hermetia,main,Orujo50,orujo,50,3,31.260408162746693,30.446563138064136,2.163663060631967,0.813845024682557,True
main_only,species_diet,FULL,True,Dummy_GlobalMean,Hermetia::Orujo70,Hermetia,main,Orujo70,orujo,70,1,28.145262440510347,37.42525161042317,,9.27998916991282,
main_only,species_diet,FULL,True,Dummy_GlobalMean,Hermetia::Orujo70,Hermetia,main,Orujo70,orujo,70,2,27.19851217684783,37.42525161042317,,10.226739433575336,
main_only,species_diet,FULL,True,Dummy_GlobalMean,Hermetia::Orujo70,Hermetia,main,Orujo70,orujo,70,3,26.86141384370052,37.42525161042317,,10.563837766722646,
main_only,species_diet,FULL,True,Dummy_SpeciesMean,Hermetia::Orujo70,Hermetia,main,Orujo70,orujo,70,1,28.145262440510347,29.073843168549054,,0.9285807280387068,
main_only,species_diet,FULL,True,Dummy_SpeciesMean,Hermetia::Orujo70,Hermetia,main,Orujo70,orujo,70,2,27.19851217684783,29.073843168549054,,1.8753309917012224,
main_only,species_diet,FULL,True,Dummy_SpeciesMean,Hermetia::Orujo70,Hermetia,main,Orujo70,orujo,70,3,26.86141384370052,29.073843168549054,,2.2124293248485323,
main_only,species_diet,FULL,True,GP_Compuesto_NoARD,Hermetia::Orujo70,Hermetia,main,Orujo70,orujo,70,1,28.145262440510347,30.23338808923207,2.255323550367483,2.0881256487217215,True
main_only,species_diet,FULL,True,GP_Compuesto_NoARD,Hermetia::Orujo70,Hermetia,main,Orujo70,orujo,70,2,27.19851217684783,30.23338808923207,2.255323550367483,3.034875912384237,True
main_only,species_diet,FULL,True,GP_Compuesto_NoARD,Hermetia::Orujo70,Hermetia,main,Orujo70,orujo,70,3,26.86141384370052,30.233388089232065,2.255323550367481,3.3719742455315433,True
main_only,species_diet,FULL,True,Dummy_GlobalMean,Hermetia::Orujo90,Hermetia,main,Orujo90,orujo,90,1,27.992592815001228,37.4659588511076,,9.473366036106373,
main_only,species_diet,FULL,True,Dummy_GlobalMean,Hermetia::Orujo90,Hermetia,main,Orujo90,orujo,90,2,23.674781663935857,37.4659588511076,,13.791177187171744,
main_only,species_diet,FULL,True,Dummy_GlobalMean,Hermetia::Orujo90,Hermetia,main,Orujo90,orujo,90,3,27.97325781900284,37.4659588511076,,9.492701032104762,
main_only,species_diet,FULL,True,Dummy_SpeciesMean,Hermetia::Orujo90,Hermetia,main,Orujo90,orujo,90,1,27.992592815001228,29.159328373986344,,1.166735558985117,
main_only,species_diet,FULL,True,Dummy_SpeciesMean,Hermetia::Orujo90,Hermetia,main,Orujo90,orujo,90,2,23.674781663935857,29.159328373986344,,5.484546710050488,
main_only,species_diet,FULL,True,Dummy_SpeciesMean,Hermetia::Orujo90,Hermetia,main,Orujo90,orujo,90,3,27.97325781900284,29.159328373986344,,1.1860705549835053,
main_only,species_diet,FULL,True,GP_Compuesto_NoARD,Hermetia::Orujo90,Hermetia,main,Orujo90,orujo,90,1,27.992592815001228,30.289208155605085,3.939775448512312,2.296615340603857,True
main_only,species_diet,FULL,True,GP_Compuesto_NoARD,Hermetia::Orujo90,Hermetia,main,Orujo90,orujo,90,2,23.674781663935857,30.289208155605085,3.939775448512312,6.614426491669228,True
main_only,species_diet,FULL,True,GP_Compuesto_NoARD,Hermetia::Orujo90,Hermetia,main,Orujo90,orujo,90,3,27.97325781900284,30.28920815560509,3.939775448512312,2.315950336602249,True
main_only,species_diet,FULL,True,Dummy_GlobalMean,Hermetia::Quinoa15,Hermetia,main,Quinoa15,quinoa,15,1,32.25326659440655,37.26499984880587,,5.011733254399324,
main_only,species_diet,FULL,True,Dummy_GlobalMean,Hermetia::Quinoa15,Hermetia,main,Quinoa15,quinoa,15,2,30.29567215292689,37.26499984880587,,6.969327695878981,
main_only,species_diet,FULL,True,Dummy_GlobalMean,Hermetia::Quinoa15,Hermetia,main,Quinoa15,quinoa,15,3,29.75211069561501,37.26499984880587,,7.512889153190862,
main_only,species_diet,FULL,True,Dummy_SpeciesMean,Hermetia::Quinoa15,Hermetia,main,Quinoa15,quinoa,15,1,32.25326659440655,28.73731446915273,,3.5159521252538184,
main_only,species_diet,FULL,True,Dummy_SpeciesMean,Hermetia::Quinoa15,Hermetia,main,Quinoa15,quinoa,15,2,30.29567215292689,28.73731446915273,,1.5583576837741617,
main_only,species_diet,FULL,True,Dummy_SpeciesMean,Hermetia::Quinoa15,Hermetia,main,Quinoa15,quinoa,15,3,29.75211069561501,28.73731446915273,,1.0147962264622805,
main_only,species_diet,FULL,True,GP_Compuesto_NoARD,Hermetia::Quinoa15,Hermetia,main,Quinoa15,quinoa,15,1,32.25326659440655,31.34102038916332,2.6320867483526076,0.9122462052432283,True
main_only,species_diet,FULL,True,GP_Compuesto_NoARD,Hermetia::Quinoa15,Hermetia,main,Quinoa15,quinoa,15,2,30.29567215292689,31.34102038916332,2.6320867483526076,1.0453482362364284,True
main_only,species_diet,FULL,True,GP_Compuesto_NoARD,Hermetia::Quinoa15,Hermetia,main,Quinoa15,quinoa,15,3,29.75211069561501,31.34102038916332,2.632086748352605,1.5889096935483096,True
main_only,species_diet,FULL,True,Dummy_GlobalMean,Hermetia::Quinoa30,Hermetia,main,Quinoa30,quinoa,30,1,30.76039775705413,37.30228106808036,,6.541883311026233,
main_only,species_diet,FULL,True,Dummy_GlobalMean,Hermetia::Quinoa30,Hermetia,main,Quinoa30,quinoa,30,2,29.22593647982689,37.30228106808036,,8.076344588253473,
main_only,species_diet,FULL,True,Dummy_GlobalMean,Hermetia::Quinoa30,Hermetia,main,Quinoa30,quinoa,30,3,29.965998391774416,37.30228106808036,,7.336282676305945,
main_only,species_diet,FULL,True,Dummy_SpeciesMean,Hermetia::Quinoa30,Hermetia,main,Quinoa30,quinoa,30,1,30.76039775705413,28.815605029629165,,1.9447927274249643,
main_only,species_diet,FULL,True,Dummy_SpeciesMean,Hermetia::Quinoa30,Hermetia,main,Quinoa30,quinoa,30,2,29.22593647982689,28.815605029629165,,0.41033145019772377,
main_only,species_diet,FULL,True,Dummy_SpeciesMean,Hermetia::Quinoa30,Hermetia,main,Quinoa30,quinoa,30,3,29.965998391774416,28.815605029629165,,1.1503933621452518,
main_only,species_diet,FULL,True,GP_Compuesto_NoARD,Hermetia::Quinoa30,Hermetia,main,Quinoa30,quinoa,30,1,30.76039775705413,31.830011144845834,2.2618875406859233,1.069613387791705,True
main_only,species_diet,FULL,True,GP_Compuesto_NoARD,Hermetia::Quinoa30,Hermetia,main,Quinoa30,quinoa,30,2,29.22593647982689,31.830011144845834,2.2618875406859233,2.6040746650189455,True
main_only,species_diet,FULL,True,GP_Compuesto_NoARD,Hermetia::Quinoa30,Hermetia,main,Quinoa30,quinoa,30,3,29.965998391774416,31.830011144845834,2.261887540685925,1.8640127530714174,True
main_only,species_diet,FULL,True,Dummy_GlobalMean,Hermetia::Quinoa50,Hermetia,main,Quinoa50,quinoa,50,1,30.811944171324868,37.30962012696985,,6.497675955644979,
main_only,species_diet,FULL,True,Dummy_GlobalMean,Hermetia::Quinoa50,Hermetia,main,Quinoa50,quinoa,50,2,28.23608632105669,37.30962012696985,,9.073533805913158,
main_only,species_diet,FULL,True,Dummy_GlobalMean,Hermetia::Quinoa50,Hermetia,main,Quinoa50,quinoa,50,3,30.441941426236617,37.30962012696985,,6.867678700733229,
main_only,species_diet,FULL,True,Dummy_SpeciesMean,Hermetia::Quinoa50,Hermetia,main,Quinoa50,quinoa,50,1,30.811944171324868,28.83101705329707,,1.9809271180277968,
main_only,species_diet,FULL,True,Dummy_SpeciesMean,Hermetia::Quinoa50,Hermetia,main,Quinoa50,quinoa,50,2,28.23608632105669,28.83101705329707,,0.5949307322403818,
main_only,species_diet,FULL,True,Dummy_SpeciesMean,Hermetia::Quinoa50,Hermetia,main,Quinoa50,quinoa,50,3,30.441941426236617,28.83101705329707,,1.6109243729395466,
main_only,species_diet,FULL,True,GP_Compuesto_NoARD,Hermetia::Quinoa50,Hermetia,main,Quinoa50,quinoa,50,1,30.811944171324868,32.14940505792847,2.5665651115632886,1.3374608866036013,True
main_only,species_diet,FULL,True,GP_Compuesto_NoARD,Hermetia::Quinoa50,Hermetia,main,Quinoa50,quinoa,50,2,28.23608632105669,32.14940505792847,2.5665651115632886,3.91331873687178,True
main_only,species_diet,FULL,True,GP_Compuesto_NoARD,Hermetia::Quinoa50,Hermetia,main,Quinoa50,quinoa,50,3,30.441941426236617,32.14940505792847,2.566565111563287,1.7074636316918514,True
main_only,species_diet,FULL,True,Dummy_GlobalMean,Tenebrio::Control,Tenebrio,main,Control,control,0,1,42.724277530166994,36.66891249112835,,6.055365039038641,
main_only,species_diet,FULL,True,Dummy_GlobalMean,Tenebrio::Control,Tenebrio,main,Control,control,0,2,43.79839302328586,36.66891249112835,,7.129480532157508,
main_only,species_diet,FULL,True,Dummy_GlobalMean,Tenebrio::Control,Tenebrio,main,Control,control,0,3,43.331882423179295,36.66891249112835,,6.662969932050942,
main_only,species_diet,FULL,True,Dummy_SpeciesMean,Tenebrio::Control,Tenebrio,main,Control,control,0,1,42.724277530166994,45.190700114118535,,2.466422583951541,
main_only,species_diet,FULL,True,Dummy_SpeciesMean,Tenebrio::Control,Tenebrio,main,Control,control,0,2,43.79839302328586,45.190700114118535,,1.3923070908326736,
main_only,species_diet,FULL,True,Dummy_SpeciesMean,Tenebrio::Control,Tenebrio,main,Control,control,0,3,43.331882423179295,45.190700114118535,,1.8588176909392402,
main_only,species_diet,FULL,True,GP_Compuesto_NoARD,Tenebrio::Control,Tenebrio,main,Control,control,0,1,42.724277530166994,50.034404733093425,5.247439863379272,7.310127202926431,True
main_only,species_diet,FULL,True,GP_Compuesto_NoARD,Tenebrio::Control,Tenebrio,main,Control,control,0,2,43.79839302328586,50.034404733093425,5.247439863379272,6.236011709807563,True
main_only,species_diet,FULL,True,GP_Compuesto_NoARD,Tenebrio::Control,Tenebrio,main,Control,control,0,3,43.331882423179295,50.034404733093425,5.247439863379269,6.70252230991413,True
main_only,species_diet,FULL,True,Dummy_GlobalMean,Tenebrio::Hoja15,Tenebrio,main,Hoja15,hoja,15,1,44.59966850546592,36.55287624719847,,8.046792258267452,
main_only,species_diet,FULL,True,Dummy_GlobalMean,Tenebrio::Hoja15,Tenebrio,main,Hoja15,hoja,15,2,48.58207253144869,36.55287624719847,,12.029196284250219,
main_only,species_diet,FULL,True,Dummy_GlobalMean,Tenebrio::Hoja15,Tenebrio,main,Hoja15,hoja,15,3,43.98309530729985,36.55287624719847,,7.430219060101379,
main_only,species_diet,FULL,True,Dummy_SpeciesMean,Tenebrio::Hoja15,Tenebrio,main,Hoja15,hoja,15,1,44.59966850546592,44.94702400186579,,0.34735549639987084,
main_only,species_diet,FULL,True,Dummy_SpeciesMean,Tenebrio::Hoja15,Tenebrio,main,Hoja15,hoja,15,2,48.58207253144869,44.94702400186579,,3.635048529582896,
main_only,species_diet,FULL,True,Dummy_SpeciesMean,Tenebrio::Hoja15,Tenebrio,main,Hoja15,hoja,15,3,43.98309530729985,44.94702400186579,,0.9639286945659435,
main_only,species_diet,FULL,True,GP_Compuesto_NoARD,Tenebrio::Hoja15,Tenebrio,main,Hoja15,hoja,15,1,44.59966850546592,44.70532678416045,2.7680827964575188,0.10565827869452704,True
main_only,species_diet,FULL,True,GP_Compuesto_NoARD,Tenebrio::Hoja15,Tenebrio,main,Hoja15,hoja,15,2,48.58207253144869,44.70532678416045,2.7680827964575188,3.87674574728824,True
main_only,species_diet,FULL,True,GP_Compuesto_NoARD,Tenebrio::Hoja15,Tenebrio,main,Hoja15,hoja,15,3,43.98309530729985,44.70532678416045,2.7680827964575174,0.7222314768605997,True
main_only,species_diet,FULL,True,Dummy_GlobalMean,Tenebrio::Hoja30,Tenebrio,main,Hoja30,hoja,30,1,43.64443148041813,36.64435694876618,,7.000074531651947,
main_only,species_diet,FULL,True,Dummy_GlobalMean,Tenebrio::Hoja30,Tenebrio,main,Hoja30,hoja,30,2,45.32322480412907,36.64435694876618,,8.678867855362888,
main_only,species_diet,FULL,True,Dummy_GlobalMean,Tenebrio::Hoja30,Tenebrio,main,Hoja30,hoja,30,3,42.43389586090185,36.64435694876618,,5.789538912135669,
main_only,species_diet,FULL,True,Dummy_SpeciesMean,Tenebrio::Hoja30,Tenebrio,main,Hoja30,hoja,30,1,43.64443148041813,45.139133475157976,,1.4947019947398488,
main_only,species_diet,FULL,True,Dummy_SpeciesMean,Tenebrio::Hoja30,Tenebrio,main,Hoja30,hoja,30,2,45.32322480412907,45.139133475157976,,0.1840913289710926,
main_only,species_diet,FULL,True,Dummy_SpeciesMean,Tenebrio::Hoja30,Tenebrio,main,Hoja30,hoja,30,3,42.43389586090185,45.139133475157976,,2.705237614256127,
main_only,species_diet,FULL,True,GP_Compuesto_NoARD,Tenebrio::Hoja30,Tenebrio,main,Hoja30,hoja,30,1,43.64443148041813,43.472015731452544,2.288973696993621,0.17241574896558376,True
main_only,species_diet,FULL,True,GP_Compuesto_NoARD,Tenebrio::Hoja30,Tenebrio,main,Hoja30,hoja,30,2,45.32322480412907,43.472015731452544,2.288973696993621,1.8512090726765251,True
main_only,species_diet,FULL,True,GP_Compuesto_NoARD,Tenebrio::Hoja30,Tenebrio,main,Hoja30,hoja,30,3,42.43389586090185,43.472015731452544,2.288973696993619,1.0381198705506947,True
main_only,species_diet,FULL,True,Dummy_GlobalMean,Tenebrio::Hoja50,Tenebrio,main,Hoja50,hoja,50,1,43.13594119232716,36.653742658606895,,6.482198533720265,
main_only,species_diet,FULL,True,Dummy_GlobalMean,Tenebrio::Hoja50,Tenebrio,main,Hoja50,hoja,50,2,44.6843260049324,36.653742658606895,,8.030583346325507,
main_only,species_diet,FULL,True,Dummy_GlobalMean,Tenebrio::Hoja50,Tenebrio,main,Hoja50,hoja,50,3,42.989985228223965,36.653742658606895,,6.33624256961707,
main_only,species_diet,FULL,True,Dummy_SpeciesMean,Tenebrio::Hoja50,Tenebrio,main,Hoja50,hoja,50,1,43.13594119232716,45.15884346582349,,2.022902273496328,
main_only,species_diet,FULL,True,Dummy_SpeciesMean,Tenebrio::Hoja50,Tenebrio,main,Hoja50,hoja,50,2,44.6843260049324,45.15884346582349,,0.4745174608910858,
main_only,species_diet,FULL,True,Dummy_SpeciesMean,Tenebrio::Hoja50,Tenebrio,main,Hoja50,hoja,50,3,42.989985228223965,45.15884346582349,,2.1688582375995225,
main_only,species_diet,FULL,True,GP_Compuesto_NoARD,Tenebrio::Hoja50,Tenebrio,main,Hoja50,hoja,50,1,43.13594119232716,39.89059824830023,3.499733099538068,3.2453429440269304,True
main_only,species_diet,FULL,True,GP_Compuesto_NoARD,Tenebrio::Hoja50,Tenebrio,main,Hoja50,hoja,50,2,44.6843260049324,39.89059824830023,3.499733099538068,4.7937277566321725,True
main_only,species_diet,FULL,True,GP_Compuesto_NoARD,Tenebrio::Hoja50,Tenebrio,main,Hoja50,hoja,50,3,42.989985228223965,39.89059824830023,3.499733099538068,3.099386979923736,True
main_only,species_diet,FULL,True,Dummy_GlobalMean,Tenebrio::Orujo30,Tenebrio,main,Orujo30,orujo,30,1,44.05632136428663,36.51519319685996,,7.54112816742667,
main_only,species_diet,FULL,True,Dummy_GlobalMean,Tenebrio::Orujo30,Tenebrio,main,Orujo30,orujo,30,2,47.979408918219136,36.51519319685996,,11.464215721359174,
main_only,species_diet,FULL,True,Dummy_GlobalMean,Tenebrio::Orujo30,Tenebrio,main,Orujo30,orujo,30,3,47.50313823303477,36.51519319685996,,10.987945036174807,
main_only,species_diet,FULL,True,Dummy_SpeciesMean,Tenebrio::Orujo30,Tenebrio,main,Orujo30,orujo,30,1,44.05632136428663,44.867889596154924,,0.8115682318682929,
main_only,species_diet,FULL,True,Dummy_SpeciesMean,Tenebrio::Orujo30,Tenebrio,main,Orujo30,orujo,30,2,47.979408918219136,44.867889596154924,,3.1115193220642112,
main_only,species_diet,FULL,True,Dummy_SpeciesMean,Tenebrio::Orujo30,Tenebrio,main,Orujo30,orujo,30,3,47.50313823303477,44.867889596154924,,2.635248636879844,
main_only,species_diet,FULL,True,GP_Compuesto_NoARD,Tenebrio::Orujo30,Tenebrio,main,Orujo30,orujo,30,1,44.05632136428663,45.59132363683795,2.4508403430076684,1.535002272551317,True
main_only,species_diet,FULL,True,GP_Compuesto_NoARD,Tenebrio::Orujo30,Tenebrio,main,Orujo30,orujo,30,2,47.979408918219136,45.59132363683795,2.4508403430076684,2.388085281381187,True
main_only,species_diet,FULL,True,GP_Compuesto_NoARD,Tenebrio::Orujo30,Tenebrio,main,Orujo30,orujo,30,3,47.50313823303477,45.59132363683795,2.4508403430076675,1.9118145961968196,True
main_only,species_diet,FULL,True,Dummy_GlobalMean,Tenebrio::Orujo50,Tenebrio,main,Orujo50,orujo,50,1,46.60615150745108,36.48627714039684,,10.119874367054244,
main_only,species_diet,FULL,True,Dummy_GlobalMean,Tenebrio::Orujo50,Tenebrio,main,Orujo50,orujo,50,2,47.61168446896416,36.48627714039684,,11.12540732856732,
main_only,species_diet,FULL,True,Dummy_GlobalMean,Tenebrio::Orujo50,Tenebrio,main,Orujo50,orujo,50,3,47.14274409630263,36.48627714039684,,10.656466955905792,
main_only,species_diet,FULL,True,Dummy_SpeciesMean,Tenebrio::Orujo50,Tenebrio,main,Orujo50,orujo,50,1,46.60615150745108,44.80716587758234,,1.7989856298687386,
main_only,species_diet,FULL,True,Dummy_SpeciesMean,Tenebrio::Orujo50,Tenebrio,main,Orujo50,orujo,50,2,47.61168446896416,44.80716587758234,,2.8045185913818145,
main_only,species_diet,FULL,True,Dummy_SpeciesMean,Tenebrio::Orujo50,Tenebrio,main,Orujo50,orujo,50,3,47.14274409630263,44.80716587758234,,2.3355782187202863,
main_only,species_diet,FULL,True,GP_Compuesto_NoARD,Tenebrio::Orujo50,Tenebrio,main,Orujo50,orujo,50,1,46.60615150745108,42.602165852161946,2.051464874726835,4.003985655289135,True
main_only,species_diet,FULL,True,GP_Compuesto_NoARD,Tenebrio::Orujo50,Tenebrio,main,Orujo50,orujo,50,2,47.61168446896416,42.602165852161946,2.051464874726835,5.009518616802211,False
main_only,species_diet,FULL,True,GP_Compuesto_NoARD,Tenebrio::Orujo50,Tenebrio,main,Orujo50,orujo,50,3,47.14274409630263,42.602165852161946,2.0514648747268343,4.540578244140683,False
main_only,species_diet,FULL,True,Dummy_GlobalMean,Tenebrio::Orujo70,Tenebrio,main,Orujo70,orujo,70,1,42.989125105205865,36.6965531173985,,6.292571987807364,
main_only,species_diet,FULL,True,Dummy_GlobalMean,Tenebrio::Orujo70,Tenebrio,main,Orujo70,orujo,70,2,42.37318058656684,36.6965531173985,,5.676627469168338,
main_only,species_diet,FULL,True,Dummy_GlobalMean,Tenebrio::Orujo70,Tenebrio,main,Orujo70,orujo,70,3,42.75088782983994,36.6965531173985,,6.054334712441438,
main_only,species_diet,FULL,True,Dummy_SpeciesMean,Tenebrio::Orujo70,Tenebrio,main,Orujo70,orujo,70,1,42.989125105205865,45.248745429285854,,2.2596203240799895,
main_only,species_diet,FULL,True,Dummy_SpeciesMean,Tenebrio::Orujo70,Tenebrio,main,Orujo70,orujo,70,2,42.37318058656684,45.248745429285854,,2.8755648427190152,
main_only,species_diet,FULL,True,Dummy_SpeciesMean,Tenebrio::Orujo70,Tenebrio,main,Orujo70,orujo,70,3,42.75088782983994,45.248745429285854,,2.497857599445915,
main_only,species_diet,FULL,True,GP_Compuesto_NoARD,Tenebrio::Orujo70,Tenebrio,main,Orujo70,orujo,70,1,42.989125105205865,42.16575229371278,2.2091955882056427,0.8233728114930869,True
main_only,species_diet,FULL,True,GP_Compuesto_NoARD,Tenebrio::Orujo70,Tenebrio,main,Orujo70,orujo,70,2,42.37318058656684,42.16575229371278,2.2091955882056427,0.20742829285406117,True
main_only,species_diet,FULL,True,GP_Compuesto_NoARD,Tenebrio::Orujo70,Tenebrio,main,Orujo70,orujo,70,3,42.75088782983994,42.16575229371278,2.2091955882056444,0.5851355361271615,True
main_only,species_diet,FULL,True,Dummy_GlobalMean,Tenebrio::Orujo90,Tenebrio,main,Orujo90,orujo,90,1,42.63455462687377,36.78700592480313,,5.84754870207064,
main_only,species_diet,FULL,True,Dummy_GlobalMean,Tenebrio::Orujo90,Tenebrio,main,Orujo90,orujo,90,2,39.46090226095632,36.78700592480313,,2.6738963361531844,
main_only,species_diet,FULL,True,Dummy_GlobalMean,Tenebrio::Orujo90,Tenebrio,main,Orujo90,orujo,90,3,40.31920976729068,36.78700592480313,,3.5322038424875473,
main_only,species_diet,FULL,True,Dummy_SpeciesMean,Tenebrio::Orujo90,Tenebrio,main,Orujo90,orujo,90,1,42.63455462687377,45.43869632483559,,2.8041416979618177,
main_only,species_diet,FULL,True,Dummy_SpeciesMean,Tenebrio::Orujo90,Tenebrio,main,Orujo90,orujo,90,2,39.46090226095632,45.43869632483559,,5.977794063879273,
main_only,species_diet,FULL,True,Dummy_SpeciesMean,Tenebrio::Orujo90,Tenebrio,main,Orujo90,orujo,90,3,40.31920976729068,45.43869632483559,,5.11948655754491,
main_only,species_diet,FULL,True,GP_Compuesto_NoARD,Tenebrio::Orujo90,Tenebrio,main,Orujo90,orujo,90,1,42.63455462687377,38.88328310144627,3.917817934893742,3.751271525427505,True
main_only,species_diet,FULL,True,GP_Compuesto_NoARD,Tenebrio::Orujo90,Tenebrio,main,Orujo90,orujo,90,2,39.46090226095632,38.88328310144627,3.917817934893742,0.5776191595100499,True
main_only,species_diet,FULL,True,GP_Compuesto_NoARD,Tenebrio::Orujo90,Tenebrio,main,Orujo90,orujo,90,3,40.31920976729068,38.88328310144627,3.917817934893738,1.4359266658444128,True
main_only,species_diet,FULL,True,Dummy_GlobalMean,Tenebrio::Quinoa15,Tenebrio,main,Quinoa15,quinoa,15,1,46.2406551012102,36.42793719105535,,9.812717910154852,
main_only,species_diet,FULL,True,Dummy_GlobalMean,Tenebrio::Quinoa15,Tenebrio,main,Quinoa15,quinoa,15,2,49.74165607410812,36.42793719105535,,13.313718883052772,
main_only,species_diet,FULL,True,Dummy_GlobalMean,Tenebrio::Quinoa15,Tenebrio,main,Quinoa15,quinoa,15,3,49.0536857059127,36.42793719105535,,12.62574851485735,
main_only,species_diet,FULL,True,Dummy_SpeciesMean,Tenebrio::Quinoa15,Tenebrio,main,Quinoa15,quinoa,15,1,46.2406551012102,44.684651983965246,,1.5560031172449555,
main_only,species_diet,FULL,True,Dummy_SpeciesMean,Tenebrio::Quinoa15,Tenebrio,main,Quinoa15,quinoa,15,2,49.74165607410812,44.684651983965246,,5.057004090142875,
main_only,species_diet,FULL,True,Dummy_SpeciesMean,Tenebrio::Quinoa15,Tenebrio,main,Quinoa15,quinoa,15,3,49.0536857059127,44.684651983965246,,4.369033721947453,
main_only,species_diet,FULL,True,GP_Compuesto_NoARD,Tenebrio::Quinoa15,Tenebrio,main,Quinoa15,quinoa,15,1,46.2406551012102,46.07062766806317,2.5125824743091285,0.17002743314703395,True
main_only,species_diet,FULL,True,GP_Compuesto_NoARD,Tenebrio::Quinoa15,Tenebrio,main,Quinoa15,quinoa,15,2,49.74165607410812,46.07062766806317,2.5125824743091285,3.671028406044954,True
main_only,species_diet,FULL,True,GP_Compuesto_NoARD,Tenebrio::Quinoa15,Tenebrio,main,Quinoa15,quinoa,15,3,49.0536857059127,46.07062766806317,2.5125824743091285,2.9830580378495313,True
main_only,species_diet,FULL,True,Dummy_GlobalMean,Tenebrio::Quinoa30,Tenebrio,main,Quinoa30,quinoa,30,1,47.1681642185215,36.51225796497359,,10.655906253547904,
main_only,species_diet,FULL,True,Dummy_GlobalMean,Tenebrio::Quinoa30,Tenebrio,main,Quinoa30,quinoa,30,2,45.28074275235599,36.51225796497359,,8.768484787382398,
main_only,species_diet,FULL,True,Dummy_GlobalMean,Tenebrio::Quinoa30,Tenebrio,main,Quinoa30,quinoa,30,3,47.27488115350477,36.51225796497359,,10.76262318853118,
main_only,species_diet,FULL,True,Dummy_SpeciesMean,Tenebrio::Quinoa30,Tenebrio,main,Quinoa30,quinoa,30,1,47.1681642185215,44.861725609193535,,2.3064386093279623,
main_only,species_diet,FULL,True,Dummy_SpeciesMean,Tenebrio::Quinoa30,Tenebrio,main,Quinoa30,quinoa,30,2,45.28074275235599,44.861725609193535,,0.4190171431624563,
main_only,species_diet,FULL,True,Dummy_SpeciesMean,Tenebrio::Quinoa30,Tenebrio,main,Quinoa30,quinoa,30,3,47.27488115350477,44.861725609193535,,2.4131555443112376,
main_only,species_diet,FULL,True,GP_Compuesto_NoARD,Tenebrio::Quinoa30,Tenebrio,main,Quinoa30,quinoa,30,1,47.1681642185215,46.27285937194527,2.1956265044933234,0.8953048465762237,True
main_only,species_diet,FULL,True,GP_Compuesto_NoARD,Tenebrio::Quinoa30,Tenebrio,main,Quinoa30,quinoa,30,2,45.28074275235599,46.27285937194527,2.1956265044933234,0.9921166195892823,True
main_only,species_diet,FULL,True,GP_Compuesto_NoARD,Tenebrio::Quinoa30,Tenebrio,main,Quinoa30,quinoa,30,3,47.27488115350477,46.27285937194527,2.195626504493327,1.002021781559499,True
main_only,species_diet,FULL,True,Dummy_GlobalMean,Tenebrio::Quinoa50,Tenebrio,main,Quinoa50,quinoa,50,1,46.3907897545748,36.5053773203161,,9.885412434258697,
main_only,species_diet,FULL,True,Dummy_GlobalMean,Tenebrio::Quinoa50,Tenebrio,main,Quinoa50,quinoa,50,2,46.509235603005465,36.5053773203161,,10.003858282689365,
main_only,species_diet,FULL,True,Dummy_GlobalMean,Tenebrio::Quinoa50,Tenebrio,main,Quinoa50,quinoa,50,3,47.25724338022376,36.5053773203161,,10.751866059907663,
main_only,species_diet,FULL,True,Dummy_SpeciesMean,Tenebrio::Quinoa50,Tenebrio,main,Quinoa50,quinoa,50,1,46.3907897545748,44.84727625541281,,1.543513499161989,
main_only,species_diet,FULL,True,Dummy_SpeciesMean,Tenebrio::Quinoa50,Tenebrio,main,Quinoa50,quinoa,50,2,46.509235603005465,44.84727625541281,,1.6619593475926564,
main_only,species_diet,FULL,True,Dummy_SpeciesMean,Tenebrio::Quinoa50,Tenebrio,main,Quinoa50,quinoa,50,3,47.25724338022376,44.84727625541281,,2.4099671248109544,
main_only,species_diet,FULL,True,GP_Compuesto_NoARD,Tenebrio::Quinoa50,Tenebrio,main,Quinoa50,quinoa,50,1,46.3907897545748,45.374723196381964,3.04128771742019,1.0160665581928328,True
main_only,species_diet,FULL,True,GP_Compuesto_NoARD,Tenebrio::Quinoa50,Tenebrio,main,Quinoa50,quinoa,50,2,46.509235603005465,45.374723196381964,3.04128771742019,1.1345124066235002,True
main_only,species_diet,FULL,True,GP_Compuesto_NoARD,Tenebrio::Quinoa50,Tenebrio,main,Quinoa50,quinoa,50,3,47.25724338022376,45.37472319638197,3.04128771742019,1.882520183841791,True
all_rows,diet_name,REDUCED,False,Dummy_GlobalMean,Control,Hermetia,main,Control,control,0,1,32.29822786111878,37.27513215705253,,4.97690429593375,
all_rows,diet_name,REDUCED,False,Dummy_GlobalMean,Control,Hermetia,main,Control,control,0,2,31.9882734211747,37.27513215705253,,5.286858735877832,
all_rows,diet_name,REDUCED,False,Dummy_GlobalMean,Control,Hermetia,main,Control,control,0,3,31.52201662343253,37.27513215705253,,5.753115533620001,
all_rows,diet_name,REDUCED,False,Dummy_GlobalMean,Control,Tenebrio,main,Control,control,0,1,42.724277530166994,37.27513215705253,,5.449145373114462,
all_rows,diet_name,REDUCED,False,Dummy_GlobalMean,Control,Tenebrio,main,Control,control,0,2,43.79839302328586,37.27513215705253,,6.523260866233329,
all_rows,diet_name,REDUCED,False,Dummy_GlobalMean,Control,Tenebrio,main,Control,control,0,3,43.331882423179295,37.27513215705253,,6.0567502661267625,
all_rows,diet_name,REDUCED,False,Dummy_SpeciesMean,Control,Hermetia,main,Control,control,0,1,32.29822786111878,28.620398853726808,,3.677829007391974,
all_rows,diet_name,REDUCED,False,Dummy_SpeciesMean,Control,Hermetia,main,Control,control,0,2,31.9882734211747,28.620398853726808,,3.367874567447892,
all_rows,diet_name,REDUCED,False,Dummy_SpeciesMean,Control,Hermetia,main,Control,control,0,3,31.52201662343253,28.620398853726808,,2.901617769705723,
all_rows,diet_name,REDUCED,False,Dummy_SpeciesMean,Control,Tenebrio,main,Control,control,0,1,42.724277530166994,42.17403780044445,,0.5502397297225414,
all_rows,diet_name,REDUCED,False,Dummy_SpeciesMean,Control,Tenebrio,main,Control,control,0,2,43.79839302328586,42.17403780044445,,1.6243552228414089,
all_rows,diet_name,REDUCED,False,Dummy_SpeciesMean,Control,Tenebrio,main,Control,control,0,3,43.331882423179295,42.17403780044445,,1.1578446227348422,
all_rows,diet_name,REDUCED,False,GP_Compuesto_NoARD,Control,Hermetia,main,Control,control,0,1,32.29822786111878,23.23023806682188,6.026415101996195,9.067989794296903,True
all_rows,diet_name,REDUCED,False,GP_Compuesto_NoARD,Control,Hermetia,main,Control,control,0,2,31.9882734211747,23.23023806682188,6.026415101996195,8.75803535435282,True
all_rows,diet_name,REDUCED,False,GP_Compuesto_NoARD,Control,Hermetia,main,Control,control,0,3,31.52201662343253,23.23023806682188,6.026415101996195,8.291778556610652,True
all_rows,diet_name,REDUCED,False,GP_Compuesto_NoARD,Control,Tenebrio,main,Control,control,0,1,42.724277530166994,36.51167723617701,5.075210178351746,6.212600293989986,True
all_rows,diet_name,REDUCED,False,GP_Compuesto_NoARD,Control,Tenebrio,main,Control,control,0,2,43.79839302328586,36.51167723617702,5.075210178351746,7.2867157871088395,True
all_rows,diet_name,REDUCED,False,GP_Compuesto_NoARD,Control,Tenebrio,main,Control,control,0,3,43.331882423179295,36.51167723617702,5.075210178351746,6.820205187002273,True
all_rows,diet_name,REDUCED,False,Dummy_GlobalMean,Control Agar,Tenebrio,water_control,Control Agar,control,0,1,36.031,37.33363999904324,,1.3026399990432438,
all_rows,diet_name,REDUCED,False,Dummy_GlobalMean,Control Agar,Tenebrio,water_control,Control Agar,control,0,2,36.036,37.33363999904324,,1.2976399990432412,
all_rows,diet_name,REDUCED,False,Dummy_GlobalMean,Control Agar,Tenebrio,water_control,Control Agar,control,0,3,36.739,37.33363999904324,,0.5946399990432454,
all_rows,diet_name,REDUCED,False,Dummy_SpeciesMean,Control Agar,Tenebrio,water_control,Control Agar,control,0,1,36.031,42.571180309437516,,6.540180309437517,
all_rows,diet_name,REDUCED,False,Dummy_SpeciesMean,Control Agar,Tenebrio,water_control,Control Agar,control,0,2,36.036,42.571180309437516,,6.535180309437514,
all_rows,diet_name,REDUCED,False,Dummy_SpeciesMean,Control Agar,Tenebrio,water_control,Control Agar,control,0,3,36.739,42.571180309437516,,5.832180309437518,
all_rows,diet_name,REDUCED,False,GP_Compuesto_NoARD,Control Agar,Tenebrio,water_control,Control Agar,control,0,1,36.031,42.17008318742626,2.7308743226424563,6.139083187426259,False
all_rows,diet_name,REDUCED,False,GP_Compuesto_NoARD,Control Agar,Tenebrio,water_control,Control Agar,control,0,2,36.036,42.17008318742626,2.7308743226424563,6.134083187426256,False
all_rows,diet_name,REDUCED,False,GP_Compuesto_NoARD,Control Agar,Tenebrio,water_control,Control Agar,control,0,3,36.739,42.17008318742627,2.7308743226424563,5.431083187426275,False
all_rows,diet_name,REDUCED,False,Dummy_GlobalMean,Control Humedad superf,Tenebrio,water_control,Control Humedad superf,control,0,1,39.017,37.23179116183394,,1.7852088381660636,
all_rows,diet_name,REDUCED,False,Dummy_GlobalMean,Control Humedad superf,Tenebrio,water_control,Control Humedad superf,control,0,2,38.168,37.23179116183394,,0.9362088381660598,
all_rows,diet_name,REDUCED,False,Dummy_GlobalMean,Control Humedad superf,Tenebrio,water_control,Control Humedad superf,control,0,3,40.38,37.23179116183394,,3.148208838166063,
all_rows,diet_name,REDUCED,False,Dummy_SpeciesMean,Control Humedad superf,Tenebrio,water_control,Control Humedad superf,control,0,1,39.017,42.40591615849412,,3.388916158494119,
all_rows,diet_name,REDUCED,False,Dummy_SpeciesMean,Control Humedad superf,Tenebrio,water_control,Control Humedad superf,control,0,2,38.168,42.40591615849412,,4.237916158494123,
all_rows,diet_name,REDUCED,False,Dummy_SpeciesMean,Control Humedad superf,Tenebrio,water_control,Control Humedad superf,control,0,3,40.38,42.40591615849412,,2.0259161584941197,
all_rows,diet_name,REDUCED,False,GP_Compuesto_NoARD,Control Humedad superf,Tenebrio,water_control,Control Humedad superf,control,0,1,39.017,40.91097658093588,2.755784311436081,1.8939765809358775,True
all_rows,diet_name,REDUCED,False,GP_Compuesto_NoARD,Control Humedad superf,Tenebrio,water_control,Control Humedad superf,control,0,2,38.168,40.91097658093588,2.755784311436081,2.7429765809358813,True
all_rows,diet_name,REDUCED,False,GP_Compuesto_NoARD,Control Humedad superf,Tenebrio,water_control,Control Humedad superf,control,0,3,40.38,40.9109765809359,2.755784311436081,0.5309765809358993,True
all_rows,diet_name,REDUCED,False,Dummy_GlobalMean,Control Seco,Tenebrio,water_control,Control Seco,control,0,1,41.955,37.13239581299673,,4.822604187003272,
all_rows,diet_name,REDUCED,False,Dummy_GlobalMean,Control Seco,Tenebrio,water_control,Control Seco,control,0,2,41.63,37.13239581299673,,4.497604187003276,
all_rows,diet_name,REDUCED,False,Dummy_GlobalMean,Control Seco,Tenebrio,water_control,Control Seco,control,0,3,42.528,37.13239581299673,,5.395604187003272,
all_rows,diet_name,REDUCED,False,Dummy_SpeciesMean,Control Seco,Tenebrio,water_control,Control Seco,control,0,1,41.955,42.244633139626195,,0.2896331396261971,
all_rows,diet_name,REDUCED,False,Dummy_SpeciesMean,Control Seco,Tenebrio,water_control,Control Seco,control,0,2,41.63,42.244633139626195,,0.6146331396261928,
all_rows,diet_name,REDUCED,False,Dummy_SpeciesMean,Control Seco,Tenebrio,water_control,Control Seco,control,0,3,42.528,42.244633139626195,,0.2833668603738033,
all_rows,diet_name,REDUCED,False,GP_Compuesto_NoARD,Control Seco,Tenebrio,water_control,Control Seco,control,0,1,41.955,39.62276640704275,2.7733009260853865,2.3322335929572517,True
all_rows,diet_name,REDUCED,False,GP_Compuesto_NoARD,Control Seco,Tenebrio,water_control,Control Seco,control,0,2,41.63,39.62276640704275,2.7733009260853865,2.007233592957256,True
all_rows,diet_name,REDUCED,False,GP_Compuesto_NoARD,Control Seco,Tenebrio,water_control,Control Seco,control,0,3,42.528,39.62276640704273,2.7733009260853865,2.9052335929572664,True
all_rows,diet_name,REDUCED,False,Dummy_GlobalMean,Hoja15,Hermetia,main,Hoja15,hoja,15,1,32.439876828877715,37.20581747662289,,4.765940647745175,
all_rows,diet_name,REDUCED,False,Dummy_GlobalMean,Hoja15,Hermetia,main,Hoja15,hoja,15,2,31.861332823005377,37.20581747662289,,5.3444846536175135,
all_rows,diet_name,REDUCED,False,Dummy_GlobalMean,Hoja15,Hermetia,main,Hoja15,hoja,15,3,29.950143361921626,37.20581747662289,,7.255674114701264,
all_rows,diet_name,REDUCED,False,Dummy_GlobalMean,Hoja15,Tenebrio,main,Hoja15,hoja,15,1,44.59966850546592,37.20581747662289,,7.393851028843031,
all_rows,diet_name,REDUCED,False,Dummy_GlobalMean,Hoja15,Tenebrio,main,Hoja15,hoja,15,2,48.58207253144869,37.20581747662289,,11.376255054825798,
all_rows,diet_name,REDUCED,False,Dummy_GlobalMean,Hoja15,Tenebrio,main,Hoja15,hoja,15,3,43.98309530729985,37.20581747662289,,6.777277830676958,
all_rows,diet_name,REDUCED,False,Dummy_SpeciesMean,Hoja15,Hermetia,main,Hoja15,hoja,15,1,32.439876828877715,28.672304350124186,,3.7675724787535287,
all_rows,diet_name,REDUCED,False,Dummy_SpeciesMean,Hoja15,Hermetia,main,Hoja15,hoja,15,2,31.861332823005377,28.672304350124186,,3.1890284728811906,
all_rows,diet_name,REDUCED,False,Dummy_SpeciesMean,Hoja15,Hermetia,main,Hoja15,hoja,15,3,29.950143361921626,28.672304350124186,,1.2778390117974396,
all_rows,diet_name,REDUCED,False,Dummy_SpeciesMean,Hoja15,Tenebrio,main,Hoja15,hoja,15,1,44.59966850546592,42.03610792558442,,2.5635605798815035,
all_rows,diet_name,REDUCED,False,Dummy_SpeciesMean,Hoja15,Tenebrio,main,Hoja15,hoja,15,2,48.58207253144869,42.03610792558442,,6.54596460586427,
all_rows,diet_name,REDUCED,False,Dummy_SpeciesMean,Hoja15,Tenebrio,main,Hoja15,hoja,15,3,43.98309530729985,42.03610792558442,,1.9469873817154308,
all_rows,diet_name,REDUCED,False,GP_Compuesto_NoARD,Hoja15,Hermetia,main,Hoja15,hoja,15,1,32.439876828877715,26.676683244872738,5.318630678675217,5.763193584004977,True
all_rows,diet_name,REDUCED,False,GP_Compuesto_NoARD,Hoja15,Hermetia,main,Hoja15,hoja,15,2,31.861332823005377,26.676683244872738,5.318630678675217,5.184649578132639,True
all_rows,diet_name,REDUCED,False,GP_Compuesto_NoARD,Hoja15,Hermetia,main,Hoja15,hoja,15,3,29.950143361921626,26.676683244872738,5.318630678675217,3.273460117048888,True
all_rows,diet_name,REDUCED,False,GP_Compuesto_NoARD,Hoja15,Tenebrio,main,Hoja15,hoja,15,1,44.59966850546592,38.19413770586007,5.024597941344637,6.405530799605849,True
all_rows,diet_name,REDUCED,False,GP_Compuesto_NoARD,Hoja15,Tenebrio,main,Hoja15,hoja,15,2,48.58207253144869,38.19413770586007,5.024597941344637,10.387934825588616,False
all_rows,diet_name,REDUCED,False,GP_Compuesto_NoARD,Hoja15,Tenebrio,main,Hoja15,hoja,15,3,43.98309530729985,38.19413770586007,5.024597941344637,5.788957601439776,True
all_rows,diet_name,REDUCED,False,Dummy_GlobalMean,Hoja30,Hermetia,main,Hoja30,hoja,30,1,24.518904936914268,37.5282591842156,,13.009354247301331,
all_rows,diet_name,REDUCED,False,Dummy_GlobalMean,Hoja30,Hermetia,main,Hoja30,hoja,30,2,23.472591934148408,37.5282591842156,,14.055667250067192,
all_rows,diet_name,REDUCED,False,Dummy_GlobalMean,Hoja30,Hermetia,main,Hoja30,hoja,30,3,25.260478611312173,37.5282591842156,,12.267780572903426,
all_rows,diet_name,REDUCED,False,Dummy_GlobalMean,Hoja30,Tenebrio,main,Hoja30,hoja,30,1,43.64443148041813,37.5282591842156,,6.116172296202528,
all_rows,diet_name,REDUCED,False,Dummy_GlobalMean,Hoja30,Tenebrio,main,Hoja30,hoja,30,2,45.32322480412907,37.5282591842156,,7.794965619913469,
all_rows,diet_name,REDUCED,False,Dummy_GlobalMean,Hoja30,Tenebrio,main,Hoja30,hoja,30,3,42.43389586090185,37.5282591842156,,4.90563667668625,
all_rows,diet_name,REDUCED,False,Dummy_SpeciesMean,Hoja30,Hermetia,main,Hoja30,hoja,30,1,24.518904936914268,29.372283601171848,,4.85337866425758,
all_rows,diet_name,REDUCED,False,Dummy_SpeciesMean,Hoja30,Hermetia,main,Hoja30,hoja,30,2,23.472591934148408,29.372283601171848,,5.89969166702344,
all_rows,diet_name,REDUCED,False,Dummy_SpeciesMean,Hoja30,Hermetia,main,Hoja30,hoja,30,3,25.260478611312173,29.372283601171848,,4.1118049898596745,
all_rows,diet_name,REDUCED,False,Dummy_SpeciesMean,Hoja30,Tenebrio,main,Hoja30,hoja,30,1,43.64443148041813,42.144849136881874,,1.4995823435362539,
all_rows,diet_name,REDUCED,False,Dummy_SpeciesMean,Hoja30,Tenebrio,main,Hoja30,hoja,30,2,45.32322480412907,42.144849136881874,,3.1783756672471952,
all_rows,diet_name,REDUCED,False,Dummy_SpeciesMean,Hoja30,Tenebrio,main,Hoja30,hoja,30,3,42.43389586090185,42.144849136881874,,0.28904672401997544,
all_rows,diet_name,REDUCED,False,GP_Compuesto_NoARD,Hoja30,Hermetia,main,Hoja30,hoja,30,1,24.518904936914268,37.36863152225225,6.242706344044392,12.849726585337983,False
all_rows,diet_name,REDUCED,False,GP_Compuesto_NoARD,Hoja30,Hermetia,main,Hoja30,hoja,30,2,23.472591934148408,37.36863152225225,6.242706344044392,13.896039588103843,False
all_rows,diet_name,REDUCED,False,GP_Compuesto_NoARD,Hoja30,Hermetia,main,Hoja30,hoja,30,3,25.260478611312173,37.36863152225225,6.242706344044392,12.108152910940078,True
all_rows,diet_name,REDUCED,False,GP_Compuesto_NoARD,Hoja30,Tenebrio,main,Hoja30,hoja,30,1,43.64443148041813,37.70051915491762,6.240696482093133,5.943912325500506,True
all_rows,diet_name,REDUCED,False,GP_Compuesto_NoARD,Hoja30,Tenebrio,main,Hoja30,hoja,30,2,45.32322480412907,37.70051915491762,6.240696482093133,7.622705649211447,True
all_rows,diet_name,REDUCED,False,GP_Compuesto_NoARD,Hoja30,Tenebrio,main,Hoja30,hoja,30,3,42.43389586090185,37.70051915491762,6.240696482093133,4.733376705984227,True
all_rows,diet_name,REDUCED,False,Dummy_GlobalMean,Hoja50,Hermetia,main,Hoja50,hoja,50,1,22.677020960046544,37.57322046030813,,14.896199500261584,
all_rows,diet_name,REDUCED,False,Dummy_GlobalMean,Hoja50,Hermetia,main,Hoja50,hoja,50,2,23.384593109734844,37.57322046030813,,14.188627350573285,
all_rows,diet_name,REDUCED,False,Dummy_GlobalMean,Hoja50,Hermetia,main,Hoja50,hoja,50,3,24.04987521687871,37.57322046030813,,13.523345243429418,
all_rows,diet_name,REDUCED,False,Dummy_GlobalMean,Hoja50,Tenebrio,main,Hoja50,hoja,50,1,43.13594119232716,37.57322046030813,,5.562720732019031,
all_rows,diet_name,REDUCED,False,Dummy_GlobalMean,Hoja50,Tenebrio,main,Hoja50,hoja,50,2,44.6843260049324,37.57322046030813,,7.111105544624273,
all_rows,diet_name,REDUCED,False,Dummy_GlobalMean,Hoja50,Tenebrio,main,Hoja50,hoja,50,3,42.989985228223965,37.57322046030813,,5.416764767915836,
all_rows,diet_name,REDUCED,False,Dummy_SpeciesMean,Hoja50,Hermetia,main,Hoja50,hoja,50,1,22.677020960046544,29.47696647436234,,6.7999455143157945,
all_rows,diet_name,REDUCED,False,Dummy_SpeciesMean,Hoja50,Hermetia,main,Hoja50,hoja,50,2,23.384593109734844,29.47696647436234,,6.092373364627495,
all_rows,diet_name,REDUCED,False,Dummy_SpeciesMean,Hoja50,Hermetia,main,Hoja50,hoja,50,3,24.04987521687871,29.47696647436234,,5.427091257483628,
all_rows,diet_name,REDUCED,False,Dummy_SpeciesMean,Hoja50,Tenebrio,main,Hoja50,hoja,50,1,43.13594119232716,42.15600573537179,,0.9799354569553671,
all_rows,diet_name,REDUCED,False,Dummy_SpeciesMean,Hoja50,Tenebrio,main,Hoja50,hoja,50,2,44.6843260049324,42.15600573537179,,2.5283202695606093,
all_rows,diet_name,REDUCED,False,Dummy_SpeciesMean,Hoja50,Tenebrio,main,Hoja50,hoja,50,3,42.989985228223965,42.15600573537179,,0.8339794928521727,
all_rows,diet_name,REDUCED,False,GP_Compuesto_NoARD,Hoja50,Hermetia,main,Hoja50,hoja,50,1,22.677020960046544,37.45501660907387,6.323736722438801,14.777995649027329,False
all_rows,diet_name,REDUCED,False,GP_Compuesto_NoARD,Hoja50,Hermetia,main,Hoja50,hoja,50,2,23.384593109734844,37.45501660907387,6.323736722438801,14.070423499339029,False
all_rows,diet_name,REDUCED,False,GP_Compuesto_NoARD,Hoja50,Hermetia,main,Hoja50,hoja,50,3,24.04987521687871,37.45501660907387,6.323736722438801,13.405141392195162,False
all_rows,diet_name,REDUCED,False,GP_Compuesto_NoARD,Hoja50,Tenebrio,main,Hoja50,hoja,50,1,43.13594119232716,37.56529261843692,6.336239736975264,5.570648573890239,True
all_rows,diet_name,REDUCED,False,GP_Compuesto_NoARD,Hoja50,Tenebrio,main,Hoja50,hoja,50,2,44.6843260049324,37.56529261843692,6.336239736975264,7.119033386495481,True
all_rows,diet_name,REDUCED,False,GP_Compuesto_NoARD,Hoja50,Tenebrio,main,Hoja50,hoja,50,3,42.989985228223965,37.56529261843692,6.336239736975264,5.424692609787044,True
all_rows,diet_name,REDUCED,False,Dummy_GlobalMean,Orujillo15,Tenebrio,coffee_orujillo,Orujillo15,orujillo,15,1,35.057,37.36263999904324,,2.305639999043237,
all_rows,diet_name,REDUCED,False,Dummy_GlobalMean,Orujillo15,Tenebrio,coffee_orujillo,Orujillo15,orujillo,15,2,35.084,37.36263999904324,,2.2786399990432358,
all_rows,diet_name,REDUCED,False,Dummy_GlobalMean,Orujillo15,Tenebrio,coffee_orujillo,Orujillo15,orujillo,15,3,36.171,37.36263999904324,,1.1916399990432396,
all_rows,diet_name,REDUCED,False,Dummy_SpeciesMean,Orujillo15,Tenebrio,coffee_orujillo,Orujillo15,orujillo,15,1,35.057,42.6182369132111,,7.561236913211097,
all_rows,diet_name,REDUCED,False,Dummy_SpeciesMean,Orujillo15,Tenebrio,coffee_orujillo,Orujillo15,orujillo,15,2,35.084,42.6182369132111,,7.534236913211096,
all_rows,diet_name,REDUCED,False,Dummy_SpeciesMean,Orujillo15,Tenebrio,coffee_orujillo,Orujillo15,orujillo,15,3,36.171,42.6182369132111,,6.4472369132111,
all_rows,diet_name,REDUCED,False,GP_Compuesto_NoARD,Orujillo15,Tenebrio,coffee_orujillo,Orujillo15,orujillo,15,1,35.057,26.026689915224225,4.868268231364144,9.030310084775778,True
all_rows,diet_name,REDUCED,False,GP_Compuesto_NoARD,Orujillo15,Tenebrio,coffee_orujillo,Orujillo15,orujillo,15,2,35.084,26.026689915224225,4.868268231364144,9.057310084775779,True
all_rows,diet_name,REDUCED,False,GP_Compuesto_NoARD,Orujillo15,Tenebrio,coffee_orujillo,Orujillo15,orujillo,15,3,36.171,26.02668991522423,4.868268231364144,10.144310084775768,False
all_rows,diet_name,REDUCED,False,Dummy_GlobalMean,Orujillo30,Tenebrio,coffee_orujillo,Orujillo30,orujillo,30,1,33.932,37.44052371997347,,3.508523719973468,
all_rows,diet_name,REDUCED,False,Dummy_GlobalMean,Orujillo30,Tenebrio,coffee_orujillo,Orujillo30,orujillo,30,2,33.19,37.44052371997347,,4.250523719973472,
all_rows,diet_name,REDUCED,False,Dummy_GlobalMean,Orujillo30,Tenebrio,coffee_orujillo,Orujillo30,orujillo,30,3,32.492,37.44052371997347,,4.948523719973473,
all_rows,diet_name,REDUCED,False,Dummy_SpeciesMean,Orujillo30,Tenebrio,coffee_orujillo,Orujillo30,orujillo,30,1,33.932,42.74461427170167,,8.812614271701669,
all_rows,diet_name,REDUCED,False,Dummy_SpeciesMean,Orujillo30,Tenebrio,coffee_orujillo,Orujillo30,orujillo,30,2,33.19,42.74461427170167,,9.554614271701674,
all_rows,diet_name,REDUCED,False,Dummy_SpeciesMean,Orujillo30,Tenebrio,coffee_orujillo,Orujillo30,orujillo,30,3,32.492,42.74461427170167,,10.252614271701674,
all_rows,diet_name,REDUCED,False,GP_Compuesto_NoARD,Orujillo30,Tenebrio,coffee_orujillo,Orujillo30,orujillo,30,1,33.932,34.836602072882954,5.015746487901219,0.9046020728829518,True
all_rows,diet_name,REDUCED,False,GP_Compuesto_NoARD,Orujillo30,Tenebrio,coffee_orujillo,Orujillo30,orujillo,30,2,33.19,34.836602072882954,5.015746487901219,1.6466020728829562,True
all_rows,diet_name,REDUCED,False,GP_Compuesto_NoARD,Orujillo30,Tenebrio,coffee_orujillo,Orujillo30,orujillo,30,3,32.492,34.83660207288295,5.015746487901219,2.3446020728829495,True
all_rows,diet_name,REDUCED,False,Dummy_GlobalMean,Orujillo50,Tenebrio,coffee_orujillo,Orujillo50,orujillo,50,1,32.866,37.46398883625254,,4.59798883625254,
all_rows,diet_name,REDUCED,False,Dummy_GlobalMean,Orujillo50,Tenebrio,coffee_orujillo,Orujillo50,orujillo,50,2,32.238,37.46398883625254,,5.22598883625254,
all_rows,diet_name,REDUCED,False,Dummy_GlobalMean,Orujillo50,Tenebrio,coffee_orujillo,Orujillo50,orujillo,50,3,32.492,37.46398883625254,,4.971988836252542,
all_rows,diet_name,REDUCED,False,Dummy_SpeciesMean,Orujillo50,Tenebrio,coffee_orujillo,Orujillo50,orujillo,50,1,32.866,42.782689743399786,,9.916689743399786,
all_rows,diet_name,REDUCED,False,Dummy_SpeciesMean,Orujillo50,Tenebrio,coffee_orujillo,Orujillo50,orujillo,50,2,32.238,42.782689743399786,,10.544689743399786,
all_rows,diet_name,REDUCED,False,Dummy_SpeciesMean,Orujillo50,Tenebrio,coffee_orujillo,Orujillo50,orujillo,50,3,32.492,42.782689743399786,,10.290689743399788,
all_rows,diet_name,REDUCED,False,GP_Compuesto_NoARD,Orujillo50,Tenebrio,coffee_orujillo,Orujillo50,orujillo,50,1,32.866,44.37712318364191,5.1116437765769085,11.511123183641914,False
all_rows,diet_name,REDUCED,False,GP_Compuesto_NoARD,Orujillo50,Tenebrio,coffee_orujillo,Orujillo50,orujillo,50,2,32.238,44.37712318364191,5.1116437765769085,12.139123183641914,False
all_rows,diet_name,REDUCED,False,GP_Compuesto_NoARD,Orujillo50,Tenebrio,coffee_orujillo,Orujillo50,orujillo,50,3,32.492,44.37712318364191,5.1116437765769085,11.885123183641916,False
all_rows,diet_name,REDUCED,False,Dummy_GlobalMean,Orujo30,Hermetia,main,Orujo30,orujo,30,1,31.314123313447407,37.21679972433454,,5.9026764108871355,
all_rows,diet_name,REDUCED,False,Dummy_GlobalMean,Orujo30,Hermetia,main,Orujo30,orujo,30,2,28.651274165528747,37.21679972433454,,8.565525558805795,
all_rows,diet_name,REDUCED,False,Dummy_GlobalMean,Orujo30,Hermetia,main,Orujo30,orujo,30,3,31.00039680343508,37.21679972433454,,6.216402920899462,
all_rows,diet_name,REDUCED,False,Dummy_GlobalMean,Orujo30,Tenebrio,main,Orujo30,orujo,30,1,44.05632136428663,37.21679972433454,,6.839521639952089,
all_rows,diet_name,REDUCED,False,Dummy_GlobalMean,Orujo30,Tenebrio,main,Orujo30,orujo,30,2,47.979408918219136,37.21679972433454,,10.762609193884593,
all_rows,diet_name,REDUCED,False,Dummy_GlobalMean,Orujo30,Tenebrio,main,Orujo30,orujo,30,3,47.50313823303477,37.21679972433454,,10.286338508700226,
all_rows,diet_name,REDUCED,False,Dummy_SpeciesMean,Orujo30,Hermetia,main,Orujo30,orujo,30,1,31.314123313447407,28.78182297450397,,2.532300338943436,
all_rows,diet_name,REDUCED,False,Dummy_SpeciesMean,Orujo30,Hermetia,main,Orujo30,orujo,30,2,28.651274165528747,28.78182297450397,,0.1305488089752238,
all_rows,diet_name,REDUCED,False,Dummy_SpeciesMean,Orujo30,Hermetia,main,Orujo30,orujo,30,3,31.00039680343508,28.78182297450397,,2.2185738289311097,
all_rows,diet_name,REDUCED,False,Dummy_SpeciesMean,Orujo30,Tenebrio,main,Orujo30,orujo,30,1,44.05632136428663,41.99131486574807,,2.0650064985385583,
all_rows,diet_name,REDUCED,False,Dummy_SpeciesMean,Orujo30,Tenebrio,main,Orujo30,orujo,30,2,47.979408918219136,41.99131486574807,,5.988094052471062,
all_rows,diet_name,REDUCED,False,Dummy_SpeciesMean,Orujo30,Tenebrio,main,Orujo30,orujo,30,3,47.50313823303477,41.99131486574807,,5.511823367286695,
all_rows,diet_name,REDUCED,False,GP_Compuesto_NoARD,Orujo30,Hermetia,main,Orujo30,orujo,30,1,31.314123313447407,37.07432138835842,6.485717780362359,5.760198074911013,True
all_rows,diet_name,REDUCED,False,GP_Compuesto_NoARD,Orujo30,Hermetia,main,Orujo30,orujo,30,2,28.651274165528747,37.07432138835842,6.485717780362359,8.423047222829673,True
all_rows,diet_name,REDUCED,False,GP_Compuesto_NoARD,Orujo30,Hermetia,main,Orujo30,orujo,30,3,31.00039680343508,37.07432138835842,6.485717780362359,6.07392458492334,True
all_rows,diet_name,REDUCED,False,GP_Compuesto_NoARD,Orujo30,Tenebrio,main,Orujo30,orujo,30,1,44.05632136428663,37.15298777607227,6.475429945798132,6.903333588214359,True
all_rows,diet_name,REDUCED,False,GP_Compuesto_NoARD,Orujo30,Tenebrio,main,Orujo30,orujo,30,2,47.979408918219136,37.15298777607227,6.475429945798132,10.826421142146863,True
all_rows,diet_name,REDUCED,False,GP_Compuesto_NoARD,Orujo30,Tenebrio,main,Orujo30,orujo,30,3,47.50313823303477,37.15298777607227,6.475429945798132,10.350150456962496,True
all_rows,diet_name,REDUCED,False,Dummy_GlobalMean,Orujo50,Hermetia,main,Orujo50,orujo,50,1,32.02004533085088,37.12887085599599,,5.1088255251451145,
all_rows,diet_name,REDUCED,False,Dummy_GlobalMean,Orujo50,Hermetia,main,Orujo50,orujo,50,2,33.161725303735146,37.12887085599599,,3.9671455522608454,
all_rows,diet_name,REDUCED,False,Dummy_GlobalMean,Orujo50,Hermetia,main,Orujo50,orujo,50,3,31.260408162746693,37.12887085599599,,5.868462693249299,
all_rows,diet_name,REDUCED,False,Dummy_GlobalMean,Orujo50,Tenebrio,main,Orujo50,orujo,50,1,46.60615150745108,37.12887085599599,,9.47728065145509,
all_rows,diet_name,REDUCED,False,Dummy_GlobalMean,Orujo50,Tenebrio,main,Orujo50,orujo,50,2,47.61168446896416,37.12887085599599,,10.482813612968165,
all_rows,diet_name,REDUCED,False,Dummy_GlobalMean,Orujo50,Tenebrio,main,Orujo50,orujo,50,3,47.14274409630263,37.12887085599599,,10.013873240306637,
all_rows,diet_name,REDUCED,False,Dummy_SpeciesMean,Orujo50,Hermetia,main,Orujo50,orujo,50,1,32.02004533085088,28.599276824006587,,3.42076850684429,
all_rows,diet_name,REDUCED,False,Dummy_SpeciesMean,Orujo50,Hermetia,main,Orujo50,orujo,50,2,33.161725303735146,28.599276824006587,,4.562448479728559,
all_rows,diet_name,REDUCED,False,Dummy_SpeciesMean,Orujo50,Hermetia,main,Orujo50,orujo,50,3,31.260408162746693,28.599276824006587,,2.6611313387401054,
all_rows,diet_name,REDUCED,False,Dummy_SpeciesMean,Orujo50,Tenebrio,main,Orujo50,orujo,50,1,46.60615150745108,41.95694294957491,,4.649208557876172,
all_rows,diet_name,REDUCED,False,Dummy_SpeciesMean,Orujo50,Tenebrio,main,Orujo50,orujo,50,2,47.61168446896416,41.95694294957491,,5.654741519389248,
all_rows,diet_name,REDUCED,False,Dummy_SpeciesMean,Orujo50,Tenebrio,main,Orujo50,orujo,50,3,47.14274409630263,41.95694294957491,,5.185801146727719,
all_rows,diet_name,REDUCED,False,GP_Compuesto_NoARD,Orujo50,Hermetia,main,Orujo50,orujo,50,1,32.02004533085088,37.20941067957431,6.370267794239671,5.189365348723435,True
all_rows,diet_name,REDUCED,False,GP_Compuesto_NoARD,Orujo50,Hermetia,main,Orujo50,orujo,50,2,33.161725303735146,37.20941067957431,6.370267794239671,4.0476853758391655,True
all_rows,diet_name,REDUCED,False,GP_Compuesto_NoARD,Orujo50,Hermetia,main,Orujo50,orujo,50,3,31.260408162746693,37.20941067957431,6.370267794239671,5.949002516827619,True
all_rows,diet_name,REDUCED,False,GP_Compuesto_NoARD,Orujo50,Tenebrio,main,Orujo50,orujo,50,1,46.60615150745108,37.49456154995118,6.348303753479444,9.111589957499902,True
all_rows,diet_name,REDUCED,False,GP_Compuesto_NoARD,Orujo50,Tenebrio,main,Orujo50,orujo,50,2,47.61168446896416,37.49456154995118,6.348303753479444,10.117122919012978,True
all_rows,diet_name,REDUCED,False,GP_Compuesto_NoARD,Orujo50,Tenebrio,main,Orujo50,orujo,50,3,47.14274409630263,37.49456154995118,6.348303753479444,9.64818254635145,True
all_rows,diet_name,REDUCED,False,Dummy_GlobalMean,Orujo70,Hermetia,main,Orujo70,orujo,70,1,28.145262440510347,37.46000792692828,,9.31474548641793,
all_rows,diet_name,REDUCED,False,Dummy_GlobalMean,Orujo70,Hermetia,main,Orujo70,orujo,70,2,27.19851217684783,37.46000792692828,,10.261495750080446,
all_rows,diet_name,REDUCED,False,Dummy_GlobalMean,Orujo70,Hermetia,main,Orujo70,orujo,70,3,26.86141384370052,37.46000792692828,,10.598594083227756,
all_rows,diet_name,REDUCED,False,Dummy_GlobalMean,Orujo70,Tenebrio,main,Orujo70,orujo,70,1,42.989125105205865,37.46000792692828,,5.529117178277588,
all_rows,diet_name,REDUCED,False,Dummy_GlobalMean,Orujo70,Tenebrio,main,Orujo70,orujo,70,2,42.37318058656684,37.46000792692828,,4.913172659638562,
all_rows,diet_name,REDUCED,False,Dummy_GlobalMean,Orujo70,Tenebrio,main,Orujo70,orujo,70,3,42.75088782983994,37.46000792692828,,5.290879902911662,
all_rows,diet_name,REDUCED,False,Dummy_SpeciesMean,Orujo70,Hermetia,main,Orujo70,orujo,70,1,28.145262440510347,29.073843168549054,,0.9285807280387068,
all_rows,diet_name,REDUCED,False,Dummy_SpeciesMean,Orujo70,Hermetia,main,Orujo70,orujo,70,2,27.19851217684783,29.073843168549054,,1.8753309917012224,
all_rows,diet_name,REDUCED,False,Dummy_SpeciesMean,Orujo70,Hermetia,main,Orujo70,orujo,70,3,26.86141384370052,29.073843168549054,,2.2124293248485323,
all_rows,diet_name,REDUCED,False,Dummy_SpeciesMean,Orujo70,Tenebrio,main,Orujo70,orujo,70,1,42.989125105205865,42.20689363921841,,0.7822314659874579,
all_rows,diet_name,REDUCED,False,Dummy_SpeciesMean,Orujo70,Tenebrio,main,Orujo70,orujo,70,2,42.37318058656684,42.20689363921841,,0.16628694734843208,
all_rows,diet_name,REDUCED,False,Dummy_SpeciesMean,Orujo70,Tenebrio,main,Orujo70,orujo,70,3,42.75088782983994,42.20689363921841,,0.5439941906215324,
all_rows,diet_name,REDUCED,False,GP_Compuesto_NoARD,Orujo70,Hermetia,main,Orujo70,orujo,70,1,28.145262440510347,33.70604831275357,4.371186289183165,5.560785872243226,True
all_rows,diet_name,REDUCED,False,GP_Compuesto_NoARD,Orujo70,Hermetia,main,Orujo70,orujo,70,2,27.19851217684783,33.70604831275357,4.371186289183165,6.507536135905742,True
all_rows,diet_name,REDUCED,False,GP_Compuesto_NoARD,Orujo70,Hermetia,main,Orujo70,orujo,70,3,26.86141384370052,33.70604831275357,4.371186289183165,6.844634469053052,True
all_rows,diet_name,REDUCED,False,GP_Compuesto_NoARD,Orujo70,Tenebrio,main,Orujo70,orujo,70,1,42.989125105205865,37.244088791291425,4.2510460819848666,5.74503631391444,True
all_rows,diet_name,REDUCED,False,GP_Compuesto_NoARD,Orujo70,Tenebrio,main,Orujo70,orujo,70,2,42.37318058656684,37.244088791291404,4.2510460819848666,5.129091795275436,True
all_rows,diet_name,REDUCED,False,GP_Compuesto_NoARD,Orujo70,Tenebrio,main,Orujo70,orujo,70,3,42.75088782983994,37.244088791291404,4.2510460819848666,5.506799038548536,True
all_rows,diet_name,REDUCED,False,Dummy_GlobalMean,Orujo90,Hermetia,main,Orujo90,orujo,90,1,27.992592815001228,37.559563144152506,,9.566970329151278,
all_rows,diet_name,REDUCED,False,Dummy_GlobalMean,Orujo90,Hermetia,main,Orujo90,orujo,90,2,23.674781663935857,37.559563144152506,,13.884781480216649,
all_rows,diet_name,REDUCED,False,Dummy_GlobalMean,Orujo90,Hermetia,main,Orujo90,orujo,90,3,27.97325781900284,37.559563144152506,,9.586305325149667,
all_rows,diet_name,REDUCED,False,Dummy_GlobalMean,Orujo90,Tenebrio,main,Orujo90,orujo,90,1,42.63455462687377,37.559563144152506,,5.074991482721266,
all_rows,diet_name,REDUCED,False,Dummy_GlobalMean,Orujo90,Tenebrio,main,Orujo90,orujo,90,2,39.46090226095632,37.559563144152506,,1.9013391168038112,
all_rows,diet_name,REDUCED,False,Dummy_GlobalMean,Orujo90,Tenebrio,main,Orujo90,orujo,90,3,40.31920976729068,37.559563144152506,,2.759646623138174,
all_rows,diet_name,REDUCED,False,Dummy_SpeciesMean,Orujo90,Hermetia,main,Orujo90,orujo,90,1,27.992592815001228,29.159328373986344,,1.166735558985117,
all_rows,diet_name,REDUCED,False,Dummy_SpeciesMean,Orujo90,Hermetia,main,Orujo90,orujo,90,2,23.674781663935857,29.159328373986344,,5.484546710050488,
all_rows,diet_name,REDUCED,False,Dummy_SpeciesMean,Orujo90,Hermetia,main,Orujo90,orujo,90,3,27.97325781900284,29.159328373986344,,1.1860705549835053,
all_rows,diet_name,REDUCED,False,Dummy_SpeciesMean,Orujo90,Tenebrio,main,Orujo90,orujo,90,1,42.63455462687377,42.31441301405788,,0.32014161281589537,
all_rows,diet_name,REDUCED,False,Dummy_SpeciesMean,Orujo90,Tenebrio,main,Orujo90,orujo,90,2,39.46090226095632,42.31441301405788,,2.8535107531015598,
all_rows,diet_name,REDUCED,False,Dummy_SpeciesMean,Orujo90,Tenebrio,main,Orujo90,orujo,90,3,40.31920976729068,42.31441301405788,,1.995203246767197,
all_rows,diet_name,REDUCED,False,GP_Compuesto_NoARD,Orujo90,Hermetia,main,Orujo90,orujo,90,1,27.992592815001228,32.14511812335786,5.642287904104924,4.152525308356633,True
all_rows,diet_name,REDUCED,False,GP_Compuesto_NoARD,Orujo90,Hermetia,main,Orujo90,orujo,90,2,23.674781663935857,32.14511812335786,5.642287904104924,8.470336459422004,True
all_rows,diet_name,REDUCED,False,GP_Compuesto_NoARD,Orujo90,Hermetia,main,Orujo90,orujo,90,3,27.97325781900284,32.14511812335786,5.642287904104924,4.171860304355022,True
all_rows,diet_name,REDUCED,False,GP_Compuesto_NoARD,Orujo90,Tenebrio,main,Orujo90,orujo,90,1,42.63455462687377,29.36226863941696,4.559325166288412,13.272285987456812,False
all_rows,diet_name,REDUCED,False,GP_Compuesto_NoARD,Orujo90,Tenebrio,main,Orujo90,orujo,90,2,39.46090226095632,29.36226863941699,4.559325166288412,10.098633621539328,False
all_rows,diet_name,REDUCED,False,GP_Compuesto_NoARD,Orujo90,Tenebrio,main,Orujo90,orujo,90,3,40.31920976729068,29.36226863941699,4.559325166288412,10.95694112787369,False
all_rows,diet_name,REDUCED,False,Dummy_GlobalMean,Posos café horno15,Tenebrio,coffee_orujillo,Posos café horno15,cafe,15,1,39.947,37.18411674322929,,2.7628832567707136,
all_rows,diet_name,REDUCED,False,Dummy_GlobalMean,Posos café horno15,Tenebrio,coffee_orujillo,Posos café horno15,cafe,15,2,40.029,37.18411674322929,,2.8448832567707143,
all_rows,diet_name,REDUCED,False,Dummy_GlobalMean,Posos café horno15,Tenebrio,coffee_orujillo,Posos café horno15,cafe,15,3,41.689,37.18411674322929,,4.504883256770711,
all_rows,diet_name,REDUCED,False,Dummy_SpeciesMean,Posos café horno15,Tenebrio,coffee_orujillo,Posos café horno15,cafe,15,1,39.947,42.32855766792808,,2.381557667928078,
all_rows,diet_name,REDUCED,False,Dummy_SpeciesMean,Posos café horno15,Tenebrio,coffee_orujillo,Posos café horno15,cafe,15,2,40.029,42.32855766792808,,2.2995576679280774,
all_rows,diet_name,REDUCED,False,Dummy_SpeciesMean,Posos café horno15,Tenebrio,coffee_orujillo,Posos café horno15,cafe,15,3,41.689,42.32855766792808,,0.6395576679280808,
all_rows,diet_name,REDUCED,False,GP_Compuesto_NoARD,Posos café horno15,Tenebrio,coffee_orujillo,Posos café horno15,cafe,15,1,39.947,50.038219138607126,6.609782718949499,10.091219138607123,True
all_rows,diet_name,REDUCED,False,GP_Compuesto_NoARD,Posos café horno15,Tenebrio,coffee_orujillo,Posos café horno15,cafe,15,2,40.029,50.038219138607126,6.609782718949499,10.009219138607122,True
all_rows,diet_name,REDUCED,False,GP_Compuesto_NoARD,Posos café horno15,Tenebrio,coffee_orujillo,Posos café horno15,cafe,15,3,41.689,50.03821913860712,6.609782718949516,8.349219138607118,True
all_rows,diet_name,REDUCED,False,Dummy_GlobalMean,Posos café liof15,Tenebrio,coffee_orujillo,Posos café liof15,cafe,15,1,48.241,36.984678619743896,,11.256321380256104,
all_rows,diet_name,REDUCED,False,Dummy_GlobalMean,Posos café liof15,Tenebrio,coffee_orujillo,Posos café liof15,cafe,15,2,53.591,36.984678619743896,,16.606321380256105,
all_rows,diet_name,REDUCED,False,Dummy_SpeciesMean,Posos café liof15,Tenebrio,coffee_orujillo,Posos café liof15,cafe,15,1,48.241,41.91197326667015,,6.329026733329847,
all_rows,diet_name,REDUCED,False,Dummy_SpeciesMean,Posos café liof15,Tenebrio,coffee_orujillo,Posos café liof15,cafe,15,2,53.591,41.91197326667015,,11.679026733329849,
all_rows,diet_name,REDUCED,False,GP_Compuesto_NoARD,Posos café liof15,Tenebrio,coffee_orujillo,Posos café liof15,cafe,15,1,48.241,40.67291465502912,4.241763985954603,7.568085344970882,True
all_rows,diet_name,REDUCED,False,GP_Compuesto_NoARD,Posos café liof15,Tenebrio,coffee_orujillo,Posos café liof15,cafe,15,2,53.591,40.67291465502912,4.241763985954603,12.918085344970883,False
all_rows,diet_name,REDUCED,False,Dummy_GlobalMean,Quinoa15,Hermetia,main,Quinoa15,quinoa,15,1,32.25326659440655,37.134481850524566,,4.881215256118018,
all_rows,diet_name,REDUCED,False,Dummy_GlobalMean,Quinoa15,Hermetia,main,Quinoa15,quinoa,15,2,30.29567215292689,37.134481850524566,,6.838809697597675,
all_rows,diet_name,REDUCED,False,Dummy_GlobalMean,Quinoa15,Hermetia,main,Quinoa15,quinoa,15,3,29.75211069561501,37.134481850524566,,7.382371154909556,
all_rows,diet_name,REDUCED,False,Dummy_GlobalMean,Quinoa15,Tenebrio,main,Quinoa15,quinoa,15,1,46.2406551012102,37.134481850524566,,9.106173250685636,
all_rows,diet_name,REDUCED,False,Dummy_GlobalMean,Quinoa15,Tenebrio,main,Quinoa15,quinoa,15,2,49.74165607410812,37.134481850524566,,12.607174223583556,
all_rows,diet_name,REDUCED,False,Dummy_GlobalMean,Quinoa15,Tenebrio,main,Quinoa15,quinoa,15,3,49.0536857059127,37.134481850524566,,11.919203855388133,
all_rows,diet_name,REDUCED,False,Dummy_SpeciesMean,Quinoa15,Hermetia,main,Quinoa15,quinoa,15,1,32.25326659440655,28.73731446915273,,3.5159521252538184,
all_rows,diet_name,REDUCED,False,Dummy_SpeciesMean,Quinoa15,Hermetia,main,Quinoa15,quinoa,15,2,30.29567215292689,28.73731446915273,,1.5583576837741617,
all_rows,diet_name,REDUCED,False,Dummy_SpeciesMean,Quinoa15,Hermetia,main,Quinoa15,quinoa,15,3,29.75211069561501,28.73731446915273,,1.0147962264622805,
all_rows,diet_name,REDUCED,False,Dummy_SpeciesMean,Quinoa15,Tenebrio,main,Quinoa15,quinoa,15,1,46.2406551012102,41.88759546262183,,4.35305963858837,
all_rows,diet_name,REDUCED,False,Dummy_SpeciesMean,Quinoa15,Tenebrio,main,Quinoa15,quinoa,15,2,49.74165607410812,41.88759546262183,,7.85406061148629,
all_rows,diet_name,REDUCED,False,Dummy_SpeciesMean,Quinoa15,Tenebrio,main,Quinoa15,quinoa,15,3,49.0536857059127,41.88759546262183,,7.166090243290867,
all_rows,diet_name,REDUCED,False,GP_Compuesto_NoARD,Quinoa15,Hermetia,main,Quinoa15,quinoa,15,1,32.25326659440655,32.932933321097934,4.918329442314075,0.6796667266913872,True
all_rows,diet_name,REDUCED,False,GP_Compuesto_NoARD,Quinoa15,Hermetia,main,Quinoa15,quinoa,15,2,30.29567215292689,32.932933321097934,4.918329442314075,2.637261168171044,True
all_rows,diet_name,REDUCED,False,GP_Compuesto_NoARD,Quinoa15,Hermetia,main,Quinoa15,quinoa,15,3,29.75211069561501,32.932933321097934,4.918329442314075,3.180822625482925,True
all_rows,diet_name,REDUCED,False,GP_Compuesto_NoARD,Quinoa15,Tenebrio,main,Quinoa15,quinoa,15,1,46.2406551012102,40.7224341301132,4.7479436763217056,5.518220971097001,True
all_rows,diet_name,REDUCED,False,GP_Compuesto_NoARD,Quinoa15,Tenebrio,main,Quinoa15,quinoa,15,2,49.74165607410812,40.7224341301132,4.7479436763217056,9.019221943994921,True
all_rows,diet_name,REDUCED,False,GP_Compuesto_NoARD,Quinoa15,Tenebrio,main,Quinoa15,quinoa,15,3,49.0536857059127,40.7224341301132,4.7479436763217056,8.331251575799499,True
all_rows,diet_name,REDUCED,False,Dummy_GlobalMean,Quinoa30,Hermetia,main,Quinoa30,quinoa,30,1,30.76039775705413,37.22678215861062,,6.466384401556489,
all_rows,diet_name,REDUCED,False,Dummy_GlobalMean,Quinoa30,Hermetia,main,Quinoa30,quinoa,30,2,29.22593647982689,37.22678215861062,,8.00084567878373,
all_rows,diet_name,REDUCED,False,Dummy_GlobalMean,Quinoa30,Hermetia,main,Quinoa30,quinoa,30,3,29.965998391774416,37.22678215861062,,7.260783766836202,
all_rows,diet_name,REDUCED,False,Dummy_GlobalMean,Quinoa30,Tenebrio,main,Quinoa30,quinoa,30,1,47.1681642185215,37.22678215861062,,9.941382059910879,
all_rows,diet_name,REDUCED,False,Dummy_GlobalMean,Quinoa30,Tenebrio,main,Quinoa30,quinoa,30,2,45.28074275235599,37.22678215861062,,8.053960593745373,
all_rows,diet_name,REDUCED,False,Dummy_GlobalMean,Quinoa30,Tenebrio,main,Quinoa30,quinoa,30,3,47.27488115350477,37.22678215861062,,10.048098994894154,
all_rows,diet_name,REDUCED,False,Dummy_SpeciesMean,Quinoa30,Hermetia,main,Quinoa30,quinoa,30,1,30.76039775705413,28.815605029629165,,1.9447927274249643,
all_rows,diet_name,REDUCED,False,Dummy_SpeciesMean,Quinoa30,Hermetia,main,Quinoa30,quinoa,30,2,29.22593647982689,28.815605029629165,,0.41033145019772377,
all_rows,diet_name,REDUCED,False,Dummy_SpeciesMean,Quinoa30,Hermetia,main,Quinoa30,quinoa,30,3,29.965998391774416,28.815605029629165,,1.1503933621452518,
all_rows,diet_name,REDUCED,False,Dummy_SpeciesMean,Quinoa30,Tenebrio,main,Quinoa30,quinoa,30,1,47.1681642185215,41.98782581652465,,5.180338401996849,
all_rows,diet_name,REDUCED,False,Dummy_SpeciesMean,Quinoa30,Tenebrio,main,Quinoa30,quinoa,30,2,45.28074275235599,41.98782581652465,,3.292916935831343,
all_rows,diet_name,REDUCED,False,Dummy_SpeciesMean,Quinoa30,Tenebrio,main,Quinoa30,quinoa,30,3,47.27488115350477,41.98782581652465,,5.287055336980124,
all_rows,diet_name,REDUCED,False,GP_Compuesto_NoARD,Quinoa30,Hermetia,main,Quinoa30,quinoa,30,1,30.76039775705413,35.44962148197154,4.678984122638086,4.689223724917412,True
all_rows,diet_name,REDUCED,False,GP_Compuesto_NoARD,Quinoa30,Hermetia,main,Quinoa30,quinoa,30,2,29.22593647982689,35.44962148197154,4.678984122638086,6.223685002144652,True
all_rows,diet_name,REDUCED,False,GP_Compuesto_NoARD,Quinoa30,Hermetia,main,Quinoa30,quinoa,30,3,29.965998391774416,35.44962148197154,4.678984122638086,5.483623090197124,True
all_rows,diet_name,REDUCED,False,GP_Compuesto_NoARD,Quinoa30,Tenebrio,main,Quinoa30,quinoa,30,1,47.1681642185215,43.02357532339704,4.69670438794618,4.144588895124457,True
all_rows,diet_name,REDUCED,False,GP_Compuesto_NoARD,Quinoa30,Tenebrio,main,Quinoa30,quinoa,30,2,45.28074275235599,43.02357532339704,4.69670438794618,2.257167428958951,True
all_rows,diet_name,REDUCED,False,GP_Compuesto_NoARD,Quinoa30,Tenebrio,main,Quinoa30,quinoa,30,3,47.27488115350477,43.02357532339704,4.69670438794618,4.251305830107732,True
all_rows,diet_name,REDUCED,False,Dummy_GlobalMean,Quinoa50,Hermetia,main,Quinoa50,quinoa,50,1,30.811944171324868,37.227130111581886,,6.415185940257018,
all_rows,diet_name,REDUCED,False,Dummy_GlobalMean,Quinoa50,Hermetia,main,Quinoa50,quinoa,50,2,28.23608632105669,37.227130111581886,,8.991043790525197,
all_rows,diet_name,REDUCED,False,Dummy_GlobalMean,Quinoa50,Hermetia,main,Quinoa50,quinoa,50,3,30.441941426236617,37.227130111581886,,6.785188685345268,
all_rows,diet_name,REDUCED,False,Dummy_GlobalMean,Quinoa50,Tenebrio,main,Quinoa50,quinoa,50,1,46.3907897545748,37.227130111581886,,9.163659642992911,
all_rows,diet_name,REDUCED,False,Dummy_GlobalMean,Quinoa50,Tenebrio,main,Quinoa50,quinoa,50,2,46.509235603005465,37.227130111581886,,9.282105491423579,
all_rows,diet_name,REDUCED,False,Dummy_GlobalMean,Quinoa50,Tenebrio,main,Quinoa50,quinoa,50,3,47.25724338022376,37.227130111581886,,10.030113268641877,
all_rows,diet_name,REDUCED,False,Dummy_SpeciesMean,Quinoa50,Hermetia,main,Quinoa50,quinoa,50,1,30.811944171324868,28.83101705329707,,1.9809271180277968,
all_rows,diet_name,REDUCED,False,Dummy_SpeciesMean,Quinoa50,Hermetia,main,Quinoa50,quinoa,50,2,28.23608632105669,28.83101705329707,,0.5949307322403818,
all_rows,diet_name,REDUCED,False,Dummy_SpeciesMean,Quinoa50,Hermetia,main,Quinoa50,quinoa,50,3,30.441941426236617,28.83101705329707,,1.6109243729395466,
all_rows,diet_name,REDUCED,False,Dummy_SpeciesMean,Quinoa50,Tenebrio,main,Quinoa50,quinoa,50,1,46.3907897545748,41.97964693702612,,4.411142817548679,
all_rows,diet_name,REDUCED,False,Dummy_SpeciesMean,Quinoa50,Tenebrio,main,Quinoa50,quinoa,50,2,46.509235603005465,41.97964693702612,,4.529588665979347,
all_rows,diet_name,REDUCED,False,Dummy_SpeciesMean,Quinoa50,Tenebrio,main,Quinoa50,quinoa,50,3,47.25724338022376,41.97964693702612,,5.277596443197645,
all_rows,diet_name,REDUCED,False,GP_Compuesto_NoARD,Quinoa50,Hermetia,main,Quinoa50,quinoa,50,1,30.811944171324868,36.79470375693836,6.366965038115852,5.982759585613493,True
all_rows,diet_name,REDUCED,False,GP_Compuesto_NoARD,Quinoa50,Hermetia,main,Quinoa50,quinoa,50,2,28.23608632105669,36.79470375693836,6.366965038115852,8.558617435881672,True
all_rows,diet_name,REDUCED,False,GP_Compuesto_NoARD,Quinoa50,Hermetia,main,Quinoa50,quinoa,50,3,30.441941426236617,36.79470375693836,6.366965038115852,6.352762330701744,True
all_rows,diet_name,REDUCED,False,GP_Compuesto_NoARD,Quinoa50,Tenebrio,main,Quinoa50,quinoa,50,1,46.3907897545748,37.814824626734165,6.393820281308874,8.575965127840632,True
all_rows,diet_name,REDUCED,False,GP_Compuesto_NoARD,Quinoa50,Tenebrio,main,Quinoa50,quinoa,50,2,46.509235603005465,37.814824626734165,6.393820281308874,8.6944109762713,True
all_rows,diet_name,REDUCED,False,GP_Compuesto_NoARD,Quinoa50,Tenebrio,main,Quinoa50,quinoa,50,3,47.25724338022376,37.814824626734165,6.393820281308874,9.442418753489598,True
all_rows,diet_name,REDUCED,True,Dummy_GlobalMean,Control,Hermetia,main,Control,control,0,1,32.29822786111878,37.27513215705253,,4.97690429593375,
all_rows,diet_name,REDUCED,True,Dummy_GlobalMean,Control,Hermetia,main,Control,control,0,2,31.9882734211747,37.27513215705253,,5.286858735877832,
all_rows,diet_name,REDUCED,True,Dummy_GlobalMean,Control,Hermetia,main,Control,control,0,3,31.52201662343253,37.27513215705253,,5.753115533620001,
all_rows,diet_name,REDUCED,True,Dummy_GlobalMean,Control,Tenebrio,main,Control,control,0,1,42.724277530166994,37.27513215705253,,5.449145373114462,
all_rows,diet_name,REDUCED,True,Dummy_GlobalMean,Control,Tenebrio,main,Control,control,0,2,43.79839302328586,37.27513215705253,,6.523260866233329,
all_rows,diet_name,REDUCED,True,Dummy_GlobalMean,Control,Tenebrio,main,Control,control,0,3,43.331882423179295,37.27513215705253,,6.0567502661267625,
all_rows,diet_name,REDUCED,True,Dummy_SpeciesMean,Control,Hermetia,main,Control,control,0,1,32.29822786111878,28.620398853726808,,3.677829007391974,
all_rows,diet_name,REDUCED,True,Dummy_SpeciesMean,Control,Hermetia,main,Control,control,0,2,31.9882734211747,28.620398853726808,,3.367874567447892,
all_rows,diet_name,REDUCED,True,Dummy_SpeciesMean,Control,Hermetia,main,Control,control,0,3,31.52201662343253,28.620398853726808,,2.901617769705723,
all_rows,diet_name,REDUCED,True,Dummy_SpeciesMean,Control,Tenebrio,main,Control,control,0,1,42.724277530166994,42.17403780044445,,0.5502397297225414,
all_rows,diet_name,REDUCED,True,Dummy_SpeciesMean,Control,Tenebrio,main,Control,control,0,2,43.79839302328586,42.17403780044445,,1.6243552228414089,
all_rows,diet_name,REDUCED,True,Dummy_SpeciesMean,Control,Tenebrio,main,Control,control,0,3,43.331882423179295,42.17403780044445,,1.1578446227348422,
all_rows,diet_name,REDUCED,True,GP_Compuesto_NoARD,Control,Hermetia,main,Control,control,0,1,32.29822786111878,25.825452753091362,4.096881152946638,6.47277510802742,True
all_rows,diet_name,REDUCED,True,GP_Compuesto_NoARD,Control,Hermetia,main,Control,control,0,2,31.9882734211747,25.825452753091362,4.096881152946638,6.162820668083338,True
all_rows,diet_name,REDUCED,True,GP_Compuesto_NoARD,Control,Hermetia,main,Control,control,0,3,31.52201662343253,25.825452753091362,4.096881152946638,5.696563870341169,True
all_rows,diet_name,REDUCED,True,GP_Compuesto_NoARD,Control,Tenebrio,main,Control,control,0,1,42.724277530166994,40.80405732132893,3.260208956090703,1.9202202088380602,True
all_rows,diet_name,REDUCED,True,GP_Compuesto_NoARD,Control,Tenebrio,main,Control,control,0,2,43.79839302328586,40.80405732132893,3.260208956090703,2.9943357019569277,True
all_rows,diet_name,REDUCED,True,GP_Compuesto_NoARD,Control,Tenebrio,main,Control,control,0,3,43.331882423179295,40.80405732132893,3.260208956090703,2.527825101850361,True
all_rows,diet_name,REDUCED,True,Dummy_GlobalMean,Control Agar,Tenebrio,water_control,Control Agar,control,0,1,36.031,37.33363999904324,,1.3026399990432438,
all_rows,diet_name,REDUCED,True,Dummy_GlobalMean,Control Agar,Tenebrio,water_control,Control Agar,control,0,2,36.036,37.33363999904324,,1.2976399990432412,
all_rows,diet_name,REDUCED,True,Dummy_GlobalMean,Control Agar,Tenebrio,water_control,Control Agar,control,0,3,36.739,37.33363999904324,,0.5946399990432454,
all_rows,diet_name,REDUCED,True,Dummy_SpeciesMean,Control Agar,Tenebrio,water_control,Control Agar,control,0,1,36.031,42.571180309437516,,6.540180309437517,
all_rows,diet_name,REDUCED,True,Dummy_SpeciesMean,Control Agar,Tenebrio,water_control,Control Agar,control,0,2,36.036,42.571180309437516,,6.535180309437514,
all_rows,diet_name,REDUCED,True,Dummy_SpeciesMean,Control Agar,Tenebrio,water_control,Control Agar,control,0,3,36.739,42.571180309437516,,5.832180309437518,
all_rows,diet_name,REDUCED,True,GP_Compuesto_NoARD,Control Agar,Tenebrio,water_control,Control Agar,control,0,1,36.031,42.184958129488415,2.3179305387544185,6.153958129488416,False
all_rows,diet_name,REDUCED,True,GP_Compuesto_NoARD,Control Agar,Tenebrio,water_control,Control Agar,control,0,2,36.036,42.184958129488415,2.3179305387544185,6.148958129488413,False
all_rows,diet_name,REDUCED,True,GP_Compuesto_NoARD,Control Agar,Tenebrio,water_control,Control Agar,control,0,3,36.739,42.18495812948842,2.317930538754416,5.4459581294884245,False
all_rows,diet_name,REDUCED,True,Dummy_GlobalMean,Control Humedad superf,Tenebrio,water_control,Control Humedad superf,control,0,1,39.017,37.23179116183394,,1.7852088381660636,
all_rows,diet_name,REDUCED,True,Dummy_GlobalMean,Control Humedad superf,Tenebrio,water_control,Control Humedad superf,control,0,2,38.168,37.23179116183394,,0.9362088381660598,
all_rows,diet_name,REDUCED,True,Dummy_GlobalMean,Control Humedad superf,Tenebrio,water_control,Control Humedad superf,control,0,3,40.38,37.23179116183394,,3.148208838166063,
all_rows,diet_name,REDUCED,True,Dummy_SpeciesMean,Control Humedad superf,Tenebrio,water_control,Control Humedad superf,control,0,1,39.017,42.40591615849412,,3.388916158494119,
all_rows,diet_name,REDUCED,True,Dummy_SpeciesMean,Control Humedad superf,Tenebrio,water_control,Control Humedad superf,control,0,2,38.168,42.40591615849412,,4.237916158494123,
all_rows,diet_name,REDUCED,True,Dummy_SpeciesMean,Control Humedad superf,Tenebrio,water_control,Control Humedad superf,control,0,3,40.38,42.40591615849412,,2.0259161584941197,
all_rows,diet_name,REDUCED,True,GP_Compuesto_NoARD,Control Humedad superf,Tenebrio,water_control,Control Humedad superf,control,0,1,39.017,41.33689752526882,2.317370055602391,2.3198975252688143,True
all_rows,diet_name,REDUCED,True,GP_Compuesto_NoARD,Control Humedad superf,Tenebrio,water_control,Control Humedad superf,control,0,2,38.168,41.33689752526882,2.317370055602391,3.168897525268818,True
all_rows,diet_name,REDUCED,True,GP_Compuesto_NoARD,Control Humedad superf,Tenebrio,water_control,Control Humedad superf,control,0,3,40.38,41.33689752526882,2.317370055602388,0.9568975252688148,True
all_rows,diet_name,REDUCED,True,Dummy_GlobalMean,Control Seco,Tenebrio,water_control,Control Seco,control,0,1,41.955,37.13239581299673,,4.822604187003272,
all_rows,diet_name,REDUCED,True,Dummy_GlobalMean,Control Seco,Tenebrio,water_control,Control Seco,control,0,2,41.63,37.13239581299673,,4.497604187003276,
all_rows,diet_name,REDUCED,True,Dummy_GlobalMean,Control Seco,Tenebrio,water_control,Control Seco,control,0,3,42.528,37.13239581299673,,5.395604187003272,
all_rows,diet_name,REDUCED,True,Dummy_SpeciesMean,Control Seco,Tenebrio,water_control,Control Seco,control,0,1,41.955,42.244633139626195,,0.2896331396261971,
all_rows,diet_name,REDUCED,True,Dummy_SpeciesMean,Control Seco,Tenebrio,water_control,Control Seco,control,0,2,41.63,42.244633139626195,,0.6146331396261928,
all_rows,diet_name,REDUCED,True,Dummy_SpeciesMean,Control Seco,Tenebrio,water_control,Control Seco,control,0,3,42.528,42.244633139626195,,0.2833668603738033,
all_rows,diet_name,REDUCED,True,GP_Compuesto_NoARD,Control Seco,Tenebrio,water_control,Control Seco,control,0,1,41.955,40.50197776389612,2.3099161697714825,1.4530222361038767,True
all_rows,diet_name,REDUCED,True,GP_Compuesto_NoARD,Control Seco,Tenebrio,water_control,Control Seco,control,0,2,41.63,40.50197776389612,2.3099161697714825,1.128022236103881,True
all_rows,diet_name,REDUCED,True,GP_Compuesto_NoARD,Control Seco,Tenebrio,water_control,Control Seco,control,0,3,42.528,40.501977763896114,2.309916169771478,2.026022236103884,True
all_rows,diet_name,REDUCED,True,Dummy_GlobalMean,Hoja15,Hermetia,main,Hoja15,hoja,15,1,32.439876828877715,37.20581747662289,,4.765940647745175,
all_rows,diet_name,REDUCED,True,Dummy_GlobalMean,Hoja15,Hermetia,main,Hoja15,hoja,15,2,31.861332823005377,37.20581747662289,,5.3444846536175135,
all_rows,diet_name,REDUCED,True,Dummy_GlobalMean,Hoja15,Hermetia,main,Hoja15,hoja,15,3,29.950143361921626,37.20581747662289,,7.255674114701264,
all_rows,diet_name,REDUCED,True,Dummy_GlobalMean,Hoja15,Tenebrio,main,Hoja15,hoja,15,1,44.59966850546592,37.20581747662289,,7.393851028843031,
all_rows,diet_name,REDUCED,True,Dummy_GlobalMean,Hoja15,Tenebrio,main,Hoja15,hoja,15,2,48.58207253144869,37.20581747662289,,11.376255054825798,
all_rows,diet_name,REDUCED,True,Dummy_GlobalMean,Hoja15,Tenebrio,main,Hoja15,hoja,15,3,43.98309530729985,37.20581747662289,,6.777277830676958,
all_rows,diet_name,REDUCED,True,Dummy_SpeciesMean,Hoja15,Hermetia,main,Hoja15,hoja,15,1,32.439876828877715,28.672304350124186,,3.7675724787535287,
all_rows,diet_name,REDUCED,True,Dummy_SpeciesMean,Hoja15,Hermetia,main,Hoja15,hoja,15,2,31.861332823005377,28.672304350124186,,3.1890284728811906,
all_rows,diet_name,REDUCED,True,Dummy_SpeciesMean,Hoja15,Hermetia,main,Hoja15,hoja,15,3,29.950143361921626,28.672304350124186,,1.2778390117974396,
all_rows,diet_name,REDUCED,True,Dummy_SpeciesMean,Hoja15,Tenebrio,main,Hoja15,hoja,15,1,44.59966850546592,42.03610792558442,,2.5635605798815035,
all_rows,diet_name,REDUCED,True,Dummy_SpeciesMean,Hoja15,Tenebrio,main,Hoja15,hoja,15,2,48.58207253144869,42.03610792558442,,6.54596460586427,
all_rows,diet_name,REDUCED,True,Dummy_SpeciesMean,Hoja15,Tenebrio,main,Hoja15,hoja,15,3,43.98309530729985,42.03610792558442,,1.9469873817154308,
all_rows,diet_name,REDUCED,True,GP_Compuesto_NoARD,Hoja15,Hermetia,main,Hoja15,hoja,15,1,32.439876828877715,29.25872703304518,3.1028332018126252,3.1811497958325354,True
all_rows,diet_name,REDUCED,True,GP_Compuesto_NoARD,Hoja15,Hermetia,main,Hoja15,hoja,15,2,31.861332823005377,29.25872703304518,3.1028332018126252,2.6026057899601973,True
all_rows,diet_name,REDUCED,True,GP_Compuesto_NoARD,Hoja15,Hermetia,main,Hoja15,hoja,15,3,29.950143361921626,29.25872703304518,3.1028332018126252,0.6914163288764463,True
all_rows,diet_name,REDUCED,True,GP_Compuesto_NoARD,Hoja15,Tenebrio,main,Hoja15,hoja,15,1,44.59966850546592,43.123049739117484,2.936014613349505,1.4766187663484374,True
all_rows,diet_name,REDUCED,True,GP_Compuesto_NoARD,Hoja15,Tenebrio,main,Hoja15,hoja,15,2,48.58207253144869,43.12304973911749,2.936014613349505,5.459022792331197,True
all_rows,diet_name,REDUCED,True,GP_Compuesto_NoARD,Hoja15,Tenebrio,main,Hoja15,hoja,15,3,43.98309530729985,43.12304973911749,2.936014613349505,0.8600455681823576,True
all_rows,diet_name,REDUCED,True,Dummy_GlobalMean,Hoja30,Hermetia,main,Hoja30,hoja,30,1,24.518904936914268,37.5282591842156,,13.009354247301331,
all_rows,diet_name,REDUCED,True,Dummy_GlobalMean,Hoja30,Hermetia,main,Hoja30,hoja,30,2,23.472591934148408,37.5282591842156,,14.055667250067192,
all_rows,diet_name,REDUCED,True,Dummy_GlobalMean,Hoja30,Hermetia,main,Hoja30,hoja,30,3,25.260478611312173,37.5282591842156,,12.267780572903426,
all_rows,diet_name,REDUCED,True,Dummy_GlobalMean,Hoja30,Tenebrio,main,Hoja30,hoja,30,1,43.64443148041813,37.5282591842156,,6.116172296202528,
all_rows,diet_name,REDUCED,True,Dummy_GlobalMean,Hoja30,Tenebrio,main,Hoja30,hoja,30,2,45.32322480412907,37.5282591842156,,7.794965619913469,
all_rows,diet_name,REDUCED,True,Dummy_GlobalMean,Hoja30,Tenebrio,main,Hoja30,hoja,30,3,42.43389586090185,37.5282591842156,,4.90563667668625,
all_rows,diet_name,REDUCED,True,Dummy_SpeciesMean,Hoja30,Hermetia,main,Hoja30,hoja,30,1,24.518904936914268,29.372283601171848,,4.85337866425758,
all_rows,diet_name,REDUCED,True,Dummy_SpeciesMean,Hoja30,Hermetia,main,Hoja30,hoja,30,2,23.472591934148408,29.372283601171848,,5.89969166702344,
all_rows,diet_name,REDUCED,True,Dummy_SpeciesMean,Hoja30,Hermetia,main,Hoja30,hoja,30,3,25.260478611312173,29.372283601171848,,4.1118049898596745,
all_rows,diet_name,REDUCED,True,Dummy_SpeciesMean,Hoja30,Tenebrio,main,Hoja30,hoja,30,1,43.64443148041813,42.144849136881874,,1.4995823435362539,
all_rows,diet_name,REDUCED,True,Dummy_SpeciesMean,Hoja30,Tenebrio,main,Hoja30,hoja,30,2,45.32322480412907,42.144849136881874,,3.1783756672471952,
all_rows,diet_name,REDUCED,True,Dummy_SpeciesMean,Hoja30,Tenebrio,main,Hoja30,hoja,30,3,42.43389586090185,42.144849136881874,,0.28904672401997544,
all_rows,diet_name,REDUCED,True,GP_Compuesto_NoARD,Hoja30,Hermetia,main,Hoja30,hoja,30,1,24.518904936914268,29.25843056312788,2.16542712404692,4.739525626213613,False
all_rows,diet_name,REDUCED,True,GP_Compuesto_NoARD,Hoja30,Hermetia,main,Hoja30,hoja,30,2,23.472591934148408,29.25843056312788,2.16542712404692,5.785838628979473,False
all_rows,diet_name,REDUCED,True,GP_Compuesto_NoARD,Hoja30,Hermetia,main,Hoja30,hoja,30,3,25.260478611312173,29.25843056312788,2.16542712404692,3.9979519518157076,True
all_rows,diet_name,REDUCED,True,GP_Compuesto_NoARD,Hoja30,Tenebrio,main,Hoja30,hoja,30,1,43.64443148041813,42.70441045974592,2.1289953736171174,0.940021020672205,True
all_rows,diet_name,REDUCED,True,GP_Compuesto_NoARD,Hoja30,Tenebrio,main,Hoja30,hoja,30,2,45.32322480412907,42.70441045974592,2.1289953736171174,2.6188143443831464,True
all_rows,diet_name,REDUCED,True,GP_Compuesto_NoARD,Hoja30,Tenebrio,main,Hoja30,hoja,30,3,42.43389586090185,42.70441045974592,2.1289953736171174,0.27051459884407336,True
all_rows,diet_name,REDUCED,True,Dummy_GlobalMean,Hoja50,Hermetia,main,Hoja50,hoja,50,1,22.677020960046544,37.57322046030813,,14.896199500261584,
all_rows,diet_name,REDUCED,True,Dummy_GlobalMean,Hoja50,Hermetia,main,Hoja50,hoja,50,2,23.384593109734844,37.57322046030813,,14.188627350573285,
all_rows,diet_name,REDUCED,True,Dummy_GlobalMean,Hoja50,Hermetia,main,Hoja50,hoja,50,3,24.04987521687871,37.57322046030813,,13.523345243429418,
all_rows,diet_name,REDUCED,True,Dummy_GlobalMean,Hoja50,Tenebrio,main,Hoja50,hoja,50,1,43.13594119232716,37.57322046030813,,5.562720732019031,
all_rows,diet_name,REDUCED,True,Dummy_GlobalMean,Hoja50,Tenebrio,main,Hoja50,hoja,50,2,44.6843260049324,37.57322046030813,,7.111105544624273,
all_rows,diet_name,REDUCED,True,Dummy_GlobalMean,Hoja50,Tenebrio,main,Hoja50,hoja,50,3,42.989985228223965,37.57322046030813,,5.416764767915836,
all_rows,diet_name,REDUCED,True,Dummy_SpeciesMean,Hoja50,Hermetia,main,Hoja50,hoja,50,1,22.677020960046544,29.47696647436234,,6.7999455143157945,
all_rows,diet_name,REDUCED,True,Dummy_SpeciesMean,Hoja50,Hermetia,main,Hoja50,hoja,50,2,23.384593109734844,29.47696647436234,,6.092373364627495,
all_rows,diet_name,REDUCED,True,Dummy_SpeciesMean,Hoja50,Hermetia,main,Hoja50,hoja,50,3,24.04987521687871,29.47696647436234,,5.427091257483628,
all_rows,diet_name,REDUCED,True,Dummy_SpeciesMean,Hoja50,Tenebrio,main,Hoja50,hoja,50,1,43.13594119232716,42.15600573537179,,0.9799354569553671,
all_rows,diet_name,REDUCED,True,Dummy_SpeciesMean,Hoja50,Tenebrio,main,Hoja50,hoja,50,2,44.6843260049324,42.15600573537179,,2.5283202695606093,
all_rows,diet_name,REDUCED,True,Dummy_SpeciesMean,Hoja50,Tenebrio,main,Hoja50,hoja,50,3,42.989985228223965,42.15600573537179,,0.8339794928521727,
all_rows,diet_name,REDUCED,True,GP_Compuesto_NoARD,Hoja50,Hermetia,main,Hoja50,hoja,50,1,22.677020960046544,25.008581717886095,3.6026727781605072,2.3315607578395507,True
all_rows,diet_name,REDUCED,True,GP_Compuesto_NoARD,Hoja50,Hermetia,main,Hoja50,hoja,50,2,23.384593109734844,25.008581717886095,3.6026727781605072,1.623988608151251,True
all_rows,diet_name,REDUCED,True,GP_Compuesto_NoARD,Hoja50,Hermetia,main,Hoja50,hoja,50,3,24.04987521687871,25.008581717886095,3.6026727781605072,0.9587065010073843,True
all_rows,diet_name,REDUCED,True,GP_Compuesto_NoARD,Hoja50,Tenebrio,main,Hoja50,hoja,50,1,43.13594119232716,38.679760846145626,3.56835723303362,4.456180346181533,True
all_rows,diet_name,REDUCED,True,GP_Compuesto_NoARD,Hoja50,Tenebrio,main,Hoja50,hoja,50,2,44.6843260049324,38.67976084614563,3.56835723303362,6.004565158786768,True
all_rows,diet_name,REDUCED,True,GP_Compuesto_NoARD,Hoja50,Tenebrio,main,Hoja50,hoja,50,3,42.989985228223965,38.67976084614563,3.56835723303362,4.3102243820783315,True
all_rows,diet_name,REDUCED,True,Dummy_GlobalMean,Orujillo15,Tenebrio,coffee_orujillo,Orujillo15,orujillo,15,1,35.057,37.36263999904324,,2.305639999043237,
all_rows,diet_name,REDUCED,True,Dummy_GlobalMean,Orujillo15,Tenebrio,coffee_orujillo,Orujillo15,orujillo,15,2,35.084,37.36263999904324,,2.2786399990432358,
all_rows,diet_name,REDUCED,True,Dummy_GlobalMean,Orujillo15,Tenebrio,coffee_orujillo,Orujillo15,orujillo,15,3,36.171,37.36263999904324,,1.1916399990432396,
all_rows,diet_name,REDUCED,True,Dummy_SpeciesMean,Orujillo15,Tenebrio,coffee_orujillo,Orujillo15,orujillo,15,1,35.057,42.6182369132111,,7.561236913211097,
all_rows,diet_name,REDUCED,True,Dummy_SpeciesMean,Orujillo15,Tenebrio,coffee_orujillo,Orujillo15,orujillo,15,2,35.084,42.6182369132111,,7.534236913211096,
all_rows,diet_name,REDUCED,True,Dummy_SpeciesMean,Orujillo15,Tenebrio,coffee_orujillo,Orujillo15,orujillo,15,3,36.171,42.6182369132111,,6.4472369132111,
all_rows,diet_name,REDUCED,True,GP_Compuesto_NoARD,Orujillo15,Tenebrio,coffee_orujillo,Orujillo15,orujillo,15,1,35.057,34.27961524825102,3.5318329167072435,0.7773847517489827,True
all_rows,diet_name,REDUCED,True,GP_Compuesto_NoARD,Orujillo15,Tenebrio,coffee_orujillo,Orujillo15,orujillo,15,2,35.084,34.27961524825102,3.5318329167072435,0.8043847517489837,True
all_rows,diet_name,REDUCED,True,GP_Compuesto_NoARD,Orujillo15,Tenebrio,coffee_orujillo,Orujillo15,orujillo,15,3,36.171,34.27961524825102,3.5318329167072435,1.89138475174898,True
all_rows,diet_name,REDUCED,True,Dummy_GlobalMean,Orujillo30,Tenebrio,coffee_orujillo,Orujillo30,orujillo,30,1,33.932,37.44052371997347,,3.508523719973468,
all_rows,diet_name,REDUCED,True,Dummy_GlobalMean,Orujillo30,Tenebrio,coffee_orujillo,Orujillo30,orujillo,30,2,33.19,37.44052371997347,,4.250523719973472,
all_rows,diet_name,REDUCED,True,Dummy_GlobalMean,Orujillo30,Tenebrio,coffee_orujillo,Orujillo30,orujillo,30,3,32.492,37.44052371997347,,4.948523719973473,
all_rows,diet_name,REDUCED,True,Dummy_SpeciesMean,Orujillo30,Tenebrio,coffee_orujillo,Orujillo30,orujillo,30,1,33.932,42.74461427170167,,8.812614271701669,
all_rows,diet_name,REDUCED,True,Dummy_SpeciesMean,Orujillo30,Tenebrio,coffee_orujillo,Orujillo30,orujillo,30,2,33.19,42.74461427170167,,9.554614271701674,
all_rows,diet_name,REDUCED,True,Dummy_SpeciesMean,Orujillo30,Tenebrio,coffee_orujillo,Orujillo30,orujillo,30,3,32.492,42.74461427170167,,10.252614271701674,
all_rows,diet_name,REDUCED,True,GP_Compuesto_NoARD,Orujillo30,Tenebrio,coffee_orujillo,Orujillo30,orujillo,30,1,33.932,35.20810831567527,2.914634721327981,1.2761083156752662,True
all_rows,diet_name,REDUCED,True,GP_Compuesto_NoARD,Orujillo30,Tenebrio,coffee_orujillo,Orujillo30,orujillo,30,2,33.19,35.20810831567527,2.914634721327981,2.0181083156752706,True
all_rows,diet_name,REDUCED,True,GP_Compuesto_NoARD,Orujillo30,Tenebrio,coffee_orujillo,Orujillo30,orujillo,30,3,32.492,35.20810831567527,2.9146347213279857,2.716108315675271,True
all_rows,diet_name,REDUCED,True,Dummy_GlobalMean,Orujillo50,Tenebrio,coffee_orujillo,Orujillo50,orujillo,50,1,32.866,37.46398883625254,,4.59798883625254,
all_rows,diet_name,REDUCED,True,Dummy_GlobalMean,Orujillo50,Tenebrio,coffee_orujillo,Orujillo50,orujillo,50,2,32.238,37.46398883625254,,5.22598883625254,
all_rows,diet_name,REDUCED,True,Dummy_GlobalMean,Orujillo50,Tenebrio,coffee_orujillo,Orujillo50,orujillo,50,3,32.492,37.46398883625254,,4.971988836252542,
all_rows,diet_name,REDUCED,True,Dummy_SpeciesMean,Orujillo50,Tenebrio,coffee_orujillo,Orujillo50,orujillo,50,1,32.866,42.782689743399786,,9.916689743399786,
all_rows,diet_name,REDUCED,True,Dummy_SpeciesMean,Orujillo50,Tenebrio,coffee_orujillo,Orujillo50,orujillo,50,2,32.238,42.782689743399786,,10.544689743399786,
all_rows,diet_name,REDUCED,True,Dummy_SpeciesMean,Orujillo50,Tenebrio,coffee_orujillo,Orujillo50,orujillo,50,3,32.492,42.782689743399786,,10.290689743399788,
all_rows,diet_name,REDUCED,True,GP_Compuesto_NoARD,Orujillo50,Tenebrio,coffee_orujillo,Orujillo50,orujillo,50,1,32.866,35.85548924855025,3.967851488233269,2.9894892485502496,True
all_rows,diet_name,REDUCED,True,GP_Compuesto_NoARD,Orujillo50,Tenebrio,coffee_orujillo,Orujillo50,orujillo,50,2,32.238,35.85548924855025,3.967851488233269,3.6174892485502497,True
all_rows,diet_name,REDUCED,True,GP_Compuesto_NoARD,Orujillo50,Tenebrio,coffee_orujillo,Orujillo50,orujillo,50,3,32.492,35.85548924855025,3.9678514882332707,3.363489248550252,True
all_rows,diet_name,REDUCED,True,Dummy_GlobalMean,Orujo30,Hermetia,main,Orujo30,orujo,30,1,31.314123313447407,37.21679972433454,,5.9026764108871355,
all_rows,diet_name,REDUCED,True,Dummy_GlobalMean,Orujo30,Hermetia,main,Orujo30,orujo,30,2,28.651274165528747,37.21679972433454,,8.565525558805795,
all_rows,diet_name,REDUCED,True,Dummy_GlobalMean,Orujo30,Hermetia,main,Orujo30,orujo,30,3,31.00039680343508,37.21679972433454,,6.216402920899462,
all_rows,diet_name,REDUCED,True,Dummy_GlobalMean,Orujo30,Tenebrio,main,Orujo30,orujo,30,1,44.05632136428663,37.21679972433454,,6.839521639952089,
all_rows,diet_name,REDUCED,True,Dummy_GlobalMean,Orujo30,Tenebrio,main,Orujo30,orujo,30,2,47.979408918219136,37.21679972433454,,10.762609193884593,
all_rows,diet_name,REDUCED,True,Dummy_GlobalMean,Orujo30,Tenebrio,main,Orujo30,orujo,30,3,47.50313823303477,37.21679972433454,,10.286338508700226,
all_rows,diet_name,REDUCED,True,Dummy_SpeciesMean,Orujo30,Hermetia,main,Orujo30,orujo,30,1,31.314123313447407,28.78182297450397,,2.532300338943436,
all_rows,diet_name,REDUCED,True,Dummy_SpeciesMean,Orujo30,Hermetia,main,Orujo30,orujo,30,2,28.651274165528747,28.78182297450397,,0.1305488089752238,
all_rows,diet_name,REDUCED,True,Dummy_SpeciesMean,Orujo30,Hermetia,main,Orujo30,orujo,30,3,31.00039680343508,28.78182297450397,,2.2185738289311097,
all_rows,diet_name,REDUCED,True,Dummy_SpeciesMean,Orujo30,Tenebrio,main,Orujo30,orujo,30,1,44.05632136428663,41.99131486574807,,2.0650064985385583,
all_rows,diet_name,REDUCED,True,Dummy_SpeciesMean,Orujo30,Tenebrio,main,Orujo30,orujo,30,2,47.979408918219136,41.99131486574807,,5.988094052471062,
all_rows,diet_name,REDUCED,True,Dummy_SpeciesMean,Orujo30,Tenebrio,main,Orujo30,orujo,30,3,47.50313823303477,41.99131486574807,,5.511823367286695,
all_rows,diet_name,REDUCED,True,GP_Compuesto_NoARD,Orujo30,Hermetia,main,Orujo30,orujo,30,1,31.314123313447407,31.67064272057913,2.94463473213006,0.35651940713172436,True
all_rows,diet_name,REDUCED,True,GP_Compuesto_NoARD,Orujo30,Hermetia,main,Orujo30,orujo,30,2,28.651274165528747,31.67064272057913,2.94463473213006,3.0193685550503844,True
all_rows,diet_name,REDUCED,True,GP_Compuesto_NoARD,Orujo30,Hermetia,main,Orujo30,orujo,30,3,31.00039680343508,31.67064272057913,2.94463473213006,0.6702459171440509,True
all_rows,diet_name,REDUCED,True,GP_Compuesto_NoARD,Orujo30,Tenebrio,main,Orujo30,orujo,30,1,44.05632136428663,45.59211478988841,2.6932334022666455,1.5357934256017813,True
all_rows,diet_name,REDUCED,True,GP_Compuesto_NoARD,Orujo30,Tenebrio,main,Orujo30,orujo,30,2,47.979408918219136,45.59211478988841,2.6932334022666455,2.3872941283307227,True
all_rows,diet_name,REDUCED,True,GP_Compuesto_NoARD,Orujo30,Tenebrio,main,Orujo30,orujo,30,3,47.50313823303477,45.59211478988841,2.6932334022666455,1.9110234431463553,True
all_rows,diet_name,REDUCED,True,Dummy_GlobalMean,Orujo50,Hermetia,main,Orujo50,orujo,50,1,32.02004533085088,37.12887085599599,,5.1088255251451145,
all_rows,diet_name,REDUCED,True,Dummy_GlobalMean,Orujo50,Hermetia,main,Orujo50,orujo,50,2,33.161725303735146,37.12887085599599,,3.9671455522608454,
all_rows,diet_name,REDUCED,True,Dummy_GlobalMean,Orujo50,Hermetia,main,Orujo50,orujo,50,3,31.260408162746693,37.12887085599599,,5.868462693249299,
all_rows,diet_name,REDUCED,True,Dummy_GlobalMean,Orujo50,Tenebrio,main,Orujo50,orujo,50,1,46.60615150745108,37.12887085599599,,9.47728065145509,
all_rows,diet_name,REDUCED,True,Dummy_GlobalMean,Orujo50,Tenebrio,main,Orujo50,orujo,50,2,47.61168446896416,37.12887085599599,,10.482813612968165,
all_rows,diet_name,REDUCED,True,Dummy_GlobalMean,Orujo50,Tenebrio,main,Orujo50,orujo,50,3,47.14274409630263,37.12887085599599,,10.013873240306637,
all_rows,diet_name,REDUCED,True,Dummy_SpeciesMean,Orujo50,Hermetia,main,Orujo50,orujo,50,1,32.02004533085088,28.599276824006587,,3.42076850684429,
all_rows,diet_name,REDUCED,True,Dummy_SpeciesMean,Orujo50,Hermetia,main,Orujo50,orujo,50,2,33.161725303735146,28.599276824006587,,4.562448479728559,
all_rows,diet_name,REDUCED,True,Dummy_SpeciesMean,Orujo50,Hermetia,main,Orujo50,orujo,50,3,31.260408162746693,28.599276824006587,,2.6611313387401054,
all_rows,diet_name,REDUCED,True,Dummy_SpeciesMean,Orujo50,Tenebrio,main,Orujo50,orujo,50,1,46.60615150745108,41.95694294957491,,4.649208557876172,
all_rows,diet_name,REDUCED,True,Dummy_SpeciesMean,Orujo50,Tenebrio,main,Orujo50,orujo,50,2,47.61168446896416,41.95694294957491,,5.654741519389248,
all_rows,diet_name,REDUCED,True,Dummy_SpeciesMean,Orujo50,Tenebrio,main,Orujo50,orujo,50,3,47.14274409630263,41.95694294957491,,5.185801146727719,
all_rows,diet_name,REDUCED,True,GP_Compuesto_NoARD,Orujo50,Hermetia,main,Orujo50,orujo,50,1,32.02004533085088,29.60949824506636,2.0976983941858487,2.4105470857845184,True
all_rows,diet_name,REDUCED,True,GP_Compuesto_NoARD,Orujo50,Hermetia,main,Orujo50,orujo,50,2,33.161725303735146,29.60949824506636,2.0976983941858487,3.5522270586687874,True
all_rows,diet_name,REDUCED,True,GP_Compuesto_NoARD,Orujo50,Hermetia,main,Orujo50,orujo,50,3,31.260408162746693,29.60949824506636,2.0976983941858487,1.650909917680334,True
all_rows,diet_name,REDUCED,True,GP_Compuesto_NoARD,Orujo50,Tenebrio,main,Orujo50,orujo,50,1,46.60615150745108,43.19833477606771,1.9503500317426905,3.4078167313833703,True
all_rows,diet_name,REDUCED,True,GP_Compuesto_NoARD,Orujo50,Tenebrio,main,Orujo50,orujo,50,2,47.61168446896416,43.19833477606771,1.9503500317426905,4.413349692896446,False
all_rows,diet_name,REDUCED,True,GP_Compuesto_NoARD,Orujo50,Tenebrio,main,Orujo50,orujo,50,3,47.14274409630263,43.19833477606771,1.9503500317426905,3.944409320234918,False
all_rows,diet_name,REDUCED,True,Dummy_GlobalMean,Orujo70,Hermetia,main,Orujo70,orujo,70,1,28.145262440510347,37.46000792692828,,9.31474548641793,
all_rows,diet_name,REDUCED,True,Dummy_GlobalMean,Orujo70,Hermetia,main,Orujo70,orujo,70,2,27.19851217684783,37.46000792692828,,10.261495750080446,
all_rows,diet_name,REDUCED,True,Dummy_GlobalMean,Orujo70,Hermetia,main,Orujo70,orujo,70,3,26.86141384370052,37.46000792692828,,10.598594083227756,
all_rows,diet_name,REDUCED,True,Dummy_GlobalMean,Orujo70,Tenebrio,main,Orujo70,orujo,70,1,42.989125105205865,37.46000792692828,,5.529117178277588,
all_rows,diet_name,REDUCED,True,Dummy_GlobalMean,Orujo70,Tenebrio,main,Orujo70,orujo,70,2,42.37318058656684,37.46000792692828,,4.913172659638562,
all_rows,diet_name,REDUCED,True,Dummy_GlobalMean,Orujo70,Tenebrio,main,Orujo70,orujo,70,3,42.75088782983994,37.46000792692828,,5.290879902911662,
all_rows,diet_name,REDUCED,True,Dummy_SpeciesMean,Orujo70,Hermetia,main,Orujo70,orujo,70,1,28.145262440510347,29.073843168549054,,0.9285807280387068,
all_rows,diet_name,REDUCED,True,Dummy_SpeciesMean,Orujo70,Hermetia,main,Orujo70,orujo,70,2,27.19851217684783,29.073843168549054,,1.8753309917012224,
all_rows,diet_name,REDUCED,True,Dummy_SpeciesMean,Orujo70,Hermetia,main,Orujo70,orujo,70,3,26.86141384370052,29.073843168549054,,2.2124293248485323,
all_rows,diet_name,REDUCED,True,Dummy_SpeciesMean,Orujo70,Tenebrio,main,Orujo70,orujo,70,1,42.989125105205865,42.20689363921841,,0.7822314659874579,
all_rows,diet_name,REDUCED,True,Dummy_SpeciesMean,Orujo70,Tenebrio,main,Orujo70,orujo,70,2,42.37318058656684,42.20689363921841,,0.16628694734843208,
all_rows,diet_name,REDUCED,True,Dummy_SpeciesMean,Orujo70,Tenebrio,main,Orujo70,orujo,70,3,42.75088782983994,42.20689363921841,,0.5439941906215324,
all_rows,diet_name,REDUCED,True,GP_Compuesto_NoARD,Orujo70,Hermetia,main,Orujo70,orujo,70,1,28.145262440510347,29.227110840861968,2.1615658240122357,1.081848400351621,True
all_rows,diet_name,REDUCED,True,GP_Compuesto_NoARD,Orujo70,Hermetia,main,Orujo70,orujo,70,2,27.19851217684783,29.227110840861968,2.1615658240122357,2.0285986640141367,True
all_rows,diet_name,REDUCED,True,GP_Compuesto_NoARD,Orujo70,Hermetia,main,Orujo70,orujo,70,3,26.86141384370052,29.227110840861968,2.1615658240122357,2.3656969971614465,True
all_rows,diet_name,REDUCED,True,GP_Compuesto_NoARD,Orujo70,Tenebrio,main,Orujo70,orujo,70,1,42.989125105205865,43.19834274342568,2.1087559024817764,0.20921763821981187,True
all_rows,diet_name,REDUCED,True,GP_Compuesto_NoARD,Orujo70,Tenebrio,main,Orujo70,orujo,70,2,42.37318058656684,43.19834274342567,2.1087559024817764,0.8251621568588305,True
all_rows,diet_name,REDUCED,True,GP_Compuesto_NoARD,Orujo70,Tenebrio,main,Orujo70,orujo,70,3,42.75088782983994,43.19834274342567,2.1087559024817764,0.4474549135857302,True
all_rows,diet_name,REDUCED,True,Dummy_GlobalMean,Orujo90,Hermetia,main,Orujo90,orujo,90,1,27.992592815001228,37.559563144152506,,9.566970329151278,
all_rows,diet_name,REDUCED,True,Dummy_GlobalMean,Orujo90,Hermetia,main,Orujo90,orujo,90,2,23.674781663935857,37.559563144152506,,13.884781480216649,
all_rows,diet_name,REDUCED,True,Dummy_GlobalMean,Orujo90,Hermetia,main,Orujo90,orujo,90,3,27.97325781900284,37.559563144152506,,9.586305325149667,
all_rows,diet_name,REDUCED,True,Dummy_GlobalMean,Orujo90,Tenebrio,main,Orujo90,orujo,90,1,42.63455462687377,37.559563144152506,,5.074991482721266,
all_rows,diet_name,REDUCED,True,Dummy_GlobalMean,Orujo90,Tenebrio,main,Orujo90,orujo,90,2,39.46090226095632,37.559563144152506,,1.9013391168038112,
all_rows,diet_name,REDUCED,True,Dummy_GlobalMean,Orujo90,Tenebrio,main,Orujo90,orujo,90,3,40.31920976729068,37.559563144152506,,2.759646623138174,
all_rows,diet_name,REDUCED,True,Dummy_SpeciesMean,Orujo90,Hermetia,main,Orujo90,orujo,90,1,27.992592815001228,29.159328373986344,,1.166735558985117,
all_rows,diet_name,REDUCED,True,Dummy_SpeciesMean,Orujo90,Hermetia,main,Orujo90,orujo,90,2,23.674781663935857,29.159328373986344,,5.484546710050488,
all_rows,diet_name,REDUCED,True,Dummy_SpeciesMean,Orujo90,Hermetia,main,Orujo90,orujo,90,3,27.97325781900284,29.159328373986344,,1.1860705549835053,
all_rows,diet_name,REDUCED,True,Dummy_SpeciesMean,Orujo90,Tenebrio,main,Orujo90,orujo,90,1,42.63455462687377,42.31441301405788,,0.32014161281589537,
all_rows,diet_name,REDUCED,True,Dummy_SpeciesMean,Orujo90,Tenebrio,main,Orujo90,orujo,90,2,39.46090226095632,42.31441301405788,,2.8535107531015598,
all_rows,diet_name,REDUCED,True,Dummy_SpeciesMean,Orujo90,Tenebrio,main,Orujo90,orujo,90,3,40.31920976729068,42.31441301405788,,1.995203246767197,
all_rows,diet_name,REDUCED,True,GP_Compuesto_NoARD,Orujo90,Hermetia,main,Orujo90,orujo,90,1,27.992592815001228,27.122791134904574,4.269661557601907,0.8698016800966535,True
all_rows,diet_name,REDUCED,True,GP_Compuesto_NoARD,Orujo90,Hermetia,main,Orujo90,orujo,90,2,23.674781663935857,27.122791134904574,4.269661557601907,3.4480094709687172,True
all_rows,diet_name,REDUCED,True,GP_Compuesto_NoARD,Orujo90,Hermetia,main,Orujo90,orujo,90,3,27.97325781900284,27.122791134904574,4.269661557601907,0.8504666840982651,True
all_rows,diet_name,REDUCED,True,GP_Compuesto_NoARD,Orujo90,Tenebrio,main,Orujo90,orujo,90,1,42.63455462687377,41.81100222770744,3.817680117652175,0.8235523991663314,True
all_rows,diet_name,REDUCED,True,GP_Compuesto_NoARD,Orujo90,Tenebrio,main,Orujo90,orujo,90,2,39.46090226095632,41.81100222770744,3.817680117652175,2.3500999667511238,True
all_rows,diet_name,REDUCED,True,GP_Compuesto_NoARD,Orujo90,Tenebrio,main,Orujo90,orujo,90,3,40.31920976729068,41.81100222770744,3.817680117652175,1.491792460416761,True
all_rows,diet_name,REDUCED,True,Dummy_GlobalMean,Posos café horno15,Tenebrio,coffee_orujillo,Posos café horno15,cafe,15,1,39.947,37.18411674322929,,2.7628832567707136,
all_rows,diet_name,REDUCED,True,Dummy_GlobalMean,Posos café horno15,Tenebrio,coffee_orujillo,Posos café horno15,cafe,15,2,40.029,37.18411674322929,,2.8448832567707143,
all_rows,diet_name,REDUCED,True,Dummy_GlobalMean,Posos café horno15,Tenebrio,coffee_orujillo,Posos café horno15,cafe,15,3,41.689,37.18411674322929,,4.504883256770711,
all_rows,diet_name,REDUCED,True,Dummy_SpeciesMean,Posos café horno15,Tenebrio,coffee_orujillo,Posos café horno15,cafe,15,1,39.947,42.32855766792808,,2.381557667928078,
all_rows,diet_name,REDUCED,True,Dummy_SpeciesMean,Posos café horno15,Tenebrio,coffee_orujillo,Posos café horno15,cafe,15,2,40.029,42.32855766792808,,2.2995576679280774,
all_rows,diet_name,REDUCED,True,Dummy_SpeciesMean,Posos café horno15,Tenebrio,coffee_orujillo,Posos café horno15,cafe,15,3,41.689,42.32855766792808,,0.6395576679280808,
all_rows,diet_name,REDUCED,True,GP_Compuesto_NoARD,Posos café horno15,Tenebrio,coffee_orujillo,Posos café horno15,cafe,15,1,39.947,49.933976583243684,5.189841564666327,9.986976583243681,True
all_rows,diet_name,REDUCED,True,GP_Compuesto_NoARD,Posos café horno15,Tenebrio,coffee_orujillo,Posos café horno15,cafe,15,2,40.029,49.933976583243684,5.189841564666327,9.90497658324368,True
all_rows,diet_name,REDUCED,True,GP_Compuesto_NoARD,Posos café horno15,Tenebrio,coffee_orujillo,Posos café horno15,cafe,15,3,41.689,49.93397658324369,5.18984156466633,8.244976583243691,True
all_rows,diet_name,REDUCED,True,Dummy_GlobalMean,Posos café liof15,Tenebrio,coffee_orujillo,Posos café liof15,cafe,15,1,48.241,36.984678619743896,,11.256321380256104,
all_rows,diet_name,REDUCED,True,Dummy_GlobalMean,Posos café liof15,Tenebrio,coffee_orujillo,Posos café liof15,cafe,15,2,53.591,36.984678619743896,,16.606321380256105,
all_rows,diet_name,REDUCED,True,Dummy_SpeciesMean,Posos café liof15,Tenebrio,coffee_orujillo,Posos café liof15,cafe,15,1,48.241,41.91197326667015,,6.329026733329847,
all_rows,diet_name,REDUCED,True,Dummy_SpeciesMean,Posos café liof15,Tenebrio,coffee_orujillo,Posos café liof15,cafe,15,2,53.591,41.91197326667015,,11.679026733329849,
all_rows,diet_name,REDUCED,True,GP_Compuesto_NoARD,Posos café liof15,Tenebrio,coffee_orujillo,Posos café liof15,cafe,15,1,48.241,40.81150273156662,4.0578547359431,7.42949726843338,True
all_rows,diet_name,REDUCED,True,GP_Compuesto_NoARD,Posos café liof15,Tenebrio,coffee_orujillo,Posos café liof15,cafe,15,2,53.591,40.81150273156662,4.0578547359431,12.779497268433381,False
all_rows,diet_name,REDUCED,True,Dummy_GlobalMean,Quinoa15,Hermetia,main,Quinoa15,quinoa,15,1,32.25326659440655,37.134481850524566,,4.881215256118018,
all_rows,diet_name,REDUCED,True,Dummy_GlobalMean,Quinoa15,Hermetia,main,Quinoa15,quinoa,15,2,30.29567215292689,37.134481850524566,,6.838809697597675,
all_rows,diet_name,REDUCED,True,Dummy_GlobalMean,Quinoa15,Hermetia,main,Quinoa15,quinoa,15,3,29.75211069561501,37.134481850524566,,7.382371154909556,
all_rows,diet_name,REDUCED,True,Dummy_GlobalMean,Quinoa15,Tenebrio,main,Quinoa15,quinoa,15,1,46.2406551012102,37.134481850524566,,9.106173250685636,
all_rows,diet_name,REDUCED,True,Dummy_GlobalMean,Quinoa15,Tenebrio,main,Quinoa15,quinoa,15,2,49.74165607410812,37.134481850524566,,12.607174223583556,
all_rows,diet_name,REDUCED,True,Dummy_GlobalMean,Quinoa15,Tenebrio,main,Quinoa15,quinoa,15,3,49.0536857059127,37.134481850524566,,11.919203855388133,
all_rows,diet_name,REDUCED,True,Dummy_SpeciesMean,Quinoa15,Hermetia,main,Quinoa15,quinoa,15,1,32.25326659440655,28.73731446915273,,3.5159521252538184,
all_rows,diet_name,REDUCED,True,Dummy_SpeciesMean,Quinoa15,Hermetia,main,Quinoa15,quinoa,15,2,30.29567215292689,28.73731446915273,,1.5583576837741617,
all_rows,diet_name,REDUCED,True,Dummy_SpeciesMean,Quinoa15,Hermetia,main,Quinoa15,quinoa,15,3,29.75211069561501,28.73731446915273,,1.0147962264622805,
all_rows,diet_name,REDUCED,True,Dummy_SpeciesMean,Quinoa15,Tenebrio,main,Quinoa15,quinoa,15,1,46.2406551012102,41.88759546262183,,4.35305963858837,
all_rows,diet_name,REDUCED,True,Dummy_SpeciesMean,Quinoa15,Tenebrio,main,Quinoa15,quinoa,15,2,49.74165607410812,41.88759546262183,,7.85406061148629,
all_rows,diet_name,REDUCED,True,Dummy_SpeciesMean,Quinoa15,Tenebrio,main,Quinoa15,quinoa,15,3,49.0536857059127,41.88759546262183,,7.166090243290867,
all_rows,diet_name,REDUCED,True,GP_Compuesto_NoARD,Quinoa15,Hermetia,main,Quinoa15,quinoa,15,1,32.25326659440655,31.74578204260521,2.5989042865773784,0.5074845518013369,True
all_rows,diet_name,REDUCED,True,GP_Compuesto_NoARD,Quinoa15,Hermetia,main,Quinoa15,quinoa,15,2,30.29567215292689,31.74578204260521,2.5989042865773784,1.4501098896783198,True
all_rows,diet_name,REDUCED,True,GP_Compuesto_NoARD,Quinoa15,Hermetia,main,Quinoa15,quinoa,15,3,29.75211069561501,31.74578204260521,2.5989042865773784,1.993671346990201,True
all_rows,diet_name,REDUCED,True,GP_Compuesto_NoARD,Quinoa15,Tenebrio,main,Quinoa15,quinoa,15,1,46.2406551012102,45.53634710773244,2.5466291847663842,0.7043079934777623,True
all_rows,diet_name,REDUCED,True,GP_Compuesto_NoARD,Quinoa15,Tenebrio,main,Quinoa15,quinoa,15,2,49.74165607410812,45.536347107732446,2.5466291847663842,4.205308966375675,True
all_rows,diet_name,REDUCED,True,GP_Compuesto_NoARD,Quinoa15,Tenebrio,main,Quinoa15,quinoa,15,3,49.0536857059127,45.536347107732446,2.5466291847663842,3.5173385981802525,True
all_rows,diet_name,REDUCED,True,Dummy_GlobalMean,Quinoa30,Hermetia,main,Quinoa30,quinoa,30,1,30.76039775705413,37.22678215861062,,6.466384401556489,
all_rows,diet_name,REDUCED,True,Dummy_GlobalMean,Quinoa30,Hermetia,main,Quinoa30,quinoa,30,2,29.22593647982689,37.22678215861062,,8.00084567878373,
all_rows,diet_name,REDUCED,True,Dummy_GlobalMean,Quinoa30,Hermetia,main,Quinoa30,quinoa,30,3,29.965998391774416,37.22678215861062,,7.260783766836202,
all_rows,diet_name,REDUCED,True,Dummy_GlobalMean,Quinoa30,Tenebrio,main,Quinoa30,quinoa,30,1,47.1681642185215,37.22678215861062,,9.941382059910879,
all_rows,diet_name,REDUCED,True,Dummy_GlobalMean,Quinoa30,Tenebrio,main,Quinoa30,quinoa,30,2,45.28074275235599,37.22678215861062,,8.053960593745373,
all_rows,diet_name,REDUCED,True,Dummy_GlobalMean,Quinoa30,Tenebrio,main,Quinoa30,quinoa,30,3,47.27488115350477,37.22678215861062,,10.048098994894154,
all_rows,diet_name,REDUCED,True,Dummy_SpeciesMean,Quinoa30,Hermetia,main,Quinoa30,quinoa,30,1,30.76039775705413,28.815605029629165,,1.9447927274249643,
all_rows,diet_name,REDUCED,True,Dummy_SpeciesMean,Quinoa30,Hermetia,main,Quinoa30,quinoa,30,2,29.22593647982689,28.815605029629165,,0.41033145019772377,
all_rows,diet_name,REDUCED,True,Dummy_SpeciesMean,Quinoa30,Hermetia,main,Quinoa30,quinoa,30,3,29.965998391774416,28.815605029629165,,1.1503933621452518,
all_rows,diet_name,REDUCED,True,Dummy_SpeciesMean,Quinoa30,Tenebrio,main,Quinoa30,quinoa,30,1,47.1681642185215,41.98782581652465,,5.180338401996849,
all_rows,diet_name,REDUCED,True,Dummy_SpeciesMean,Quinoa30,Tenebrio,main,Quinoa30,quinoa,30,2,45.28074275235599,41.98782581652465,,3.292916935831343,
all_rows,diet_name,REDUCED,True,Dummy_SpeciesMean,Quinoa30,Tenebrio,main,Quinoa30,quinoa,30,3,47.27488115350477,41.98782581652465,,5.287055336980124,
all_rows,diet_name,REDUCED,True,GP_Compuesto_NoARD,Quinoa30,Hermetia,main,Quinoa30,quinoa,30,1,30.76039775705413,31.82588834811026,2.195092393801025,1.0654905910561325,True
all_rows,diet_name,REDUCED,True,GP_Compuesto_NoARD,Quinoa30,Hermetia,main,Quinoa30,quinoa,30,2,29.22593647982689,31.82588834811026,2.195092393801025,2.599951868283373,True
all_rows,diet_name,REDUCED,True,GP_Compuesto_NoARD,Quinoa30,Hermetia,main,Quinoa30,quinoa,30,3,29.965998391774416,31.82588834811026,2.195092393801025,1.859889956335845,True
all_rows,diet_name,REDUCED,True,GP_Compuesto_NoARD,Quinoa30,Tenebrio,main,Quinoa30,quinoa,30,1,47.1681642185215,45.684167097869945,2.1836871620294662,1.4839971206515514,True
all_rows,diet_name,REDUCED,True,GP_Compuesto_NoARD,Quinoa30,Tenebrio,main,Quinoa30,quinoa,30,2,45.28074275235599,45.68416709786994,2.1836871620294662,0.40342434551394746,True
all_rows,diet_name,REDUCED,True,GP_Compuesto_NoARD,Quinoa30,Tenebrio,main,Quinoa30,quinoa,30,3,47.27488115350477,45.68416709786994,2.1836871620294662,1.5907140556348338,True
all_rows,diet_name,REDUCED,True,Dummy_GlobalMean,Quinoa50,Hermetia,main,Quinoa50,quinoa,50,1,30.811944171324868,37.227130111581886,,6.415185940257018,
all_rows,diet_name,REDUCED,True,Dummy_GlobalMean,Quinoa50,Hermetia,main,Quinoa50,quinoa,50,2,28.23608632105669,37.227130111581886,,8.991043790525197,
all_rows,diet_name,REDUCED,True,Dummy_GlobalMean,Quinoa50,Hermetia,main,Quinoa50,quinoa,50,3,30.441941426236617,37.227130111581886,,6.785188685345268,
all_rows,diet_name,REDUCED,True,Dummy_GlobalMean,Quinoa50,Tenebrio,main,Quinoa50,quinoa,50,1,46.3907897545748,37.227130111581886,,9.163659642992911,
all_rows,diet_name,REDUCED,True,Dummy_GlobalMean,Quinoa50,Tenebrio,main,Quinoa50,quinoa,50,2,46.509235603005465,37.227130111581886,,9.282105491423579,
all_rows,diet_name,REDUCED,True,Dummy_GlobalMean,Quinoa50,Tenebrio,main,Quinoa50,quinoa,50,3,47.25724338022376,37.227130111581886,,10.030113268641877,
all_rows,diet_name,REDUCED,True,Dummy_SpeciesMean,Quinoa50,Hermetia,main,Quinoa50,quinoa,50,1,30.811944171324868,28.83101705329707,,1.9809271180277968,
all_rows,diet_name,REDUCED,True,Dummy_SpeciesMean,Quinoa50,Hermetia,main,Quinoa50,quinoa,50,2,28.23608632105669,28.83101705329707,,0.5949307322403818,
all_rows,diet_name,REDUCED,True,Dummy_SpeciesMean,Quinoa50,Hermetia,main,Quinoa50,quinoa,50,3,30.441941426236617,28.83101705329707,,1.6109243729395466,
all_rows,diet_name,REDUCED,True,Dummy_SpeciesMean,Quinoa50,Tenebrio,main,Quinoa50,quinoa,50,1,46.3907897545748,41.97964693702612,,4.411142817548679,
all_rows,diet_name,REDUCED,True,Dummy_SpeciesMean,Quinoa50,Tenebrio,main,Quinoa50,quinoa,50,2,46.509235603005465,41.97964693702612,,4.529588665979347,
all_rows,diet_name,REDUCED,True,Dummy_SpeciesMean,Quinoa50,Tenebrio,main,Quinoa50,quinoa,50,3,47.25724338022376,41.97964693702612,,5.277596443197645,
all_rows,diet_name,REDUCED,True,GP_Compuesto_NoARD,Quinoa50,Hermetia,main,Quinoa50,quinoa,50,1,30.811944171324868,31.065011033073706,2.767961241021843,0.2530668617488381,True
all_rows,diet_name,REDUCED,True,GP_Compuesto_NoARD,Quinoa50,Hermetia,main,Quinoa50,quinoa,50,2,28.23608632105669,31.065011033073706,2.767961241021843,2.8289247120170167,True
all_rows,diet_name,REDUCED,True,GP_Compuesto_NoARD,Quinoa50,Hermetia,main,Quinoa50,quinoa,50,3,30.441941426236617,31.065011033073706,2.767961241021843,0.6230696068370882,True
all_rows,diet_name,REDUCED,True,GP_Compuesto_NoARD,Quinoa50,Tenebrio,main,Quinoa50,quinoa,50,1,46.3907897545748,44.90686849395416,3.0441703554728488,1.4839212606206402,True
all_rows,diet_name,REDUCED,True,GP_Compuesto_NoARD,Quinoa50,Tenebrio,main,Quinoa50,quinoa,50,2,46.509235603005465,44.906868493954164,3.0441703554728488,1.6023671090513005,True
all_rows,diet_name,REDUCED,True,GP_Compuesto_NoARD,Quinoa50,Tenebrio,main,Quinoa50,quinoa,50,3,47.25724338022376,44.906868493954164,3.0441703554728488,2.3503748862695986,True
all_rows,diet_name,FULL,False,Dummy_GlobalMean,Control,Hermetia,main,Control,control,0,1,32.29822786111878,37.27513215705253,,4.97690429593375,
all_rows,diet_name,FULL,False,Dummy_GlobalMean,Control,Hermetia,main,Control,control,0,2,31.9882734211747,37.27513215705253,,5.286858735877832,
all_rows,diet_name,FULL,False,Dummy_GlobalMean,Control,Hermetia,main,Control,control,0,3,31.52201662343253,37.27513215705253,,5.753115533620001,
all_rows,diet_name,FULL,False,Dummy_GlobalMean,Control,Tenebrio,main,Control,control,0,1,42.724277530166994,37.27513215705253,,5.449145373114462,
all_rows,diet_name,FULL,False,Dummy_GlobalMean,Control,Tenebrio,main,Control,control,0,2,43.79839302328586,37.27513215705253,,6.523260866233329,
all_rows,diet_name,FULL,False,Dummy_GlobalMean,Control,Tenebrio,main,Control,control,0,3,43.331882423179295,37.27513215705253,,6.0567502661267625,
all_rows,diet_name,FULL,False,Dummy_SpeciesMean,Control,Hermetia,main,Control,control,0,1,32.29822786111878,28.620398853726808,,3.677829007391974,
all_rows,diet_name,FULL,False,Dummy_SpeciesMean,Control,Hermetia,main,Control,control,0,2,31.9882734211747,28.620398853726808,,3.367874567447892,
all_rows,diet_name,FULL,False,Dummy_SpeciesMean,Control,Hermetia,main,Control,control,0,3,31.52201662343253,28.620398853726808,,2.901617769705723,
all_rows,diet_name,FULL,False,Dummy_SpeciesMean,Control,Tenebrio,main,Control,control,0,1,42.724277530166994,42.17403780044445,,0.5502397297225414,
all_rows,diet_name,FULL,False,Dummy_SpeciesMean,Control,Tenebrio,main,Control,control,0,2,43.79839302328586,42.17403780044445,,1.6243552228414089,
all_rows,diet_name,FULL,False,Dummy_SpeciesMean,Control,Tenebrio,main,Control,control,0,3,43.331882423179295,42.17403780044445,,1.1578446227348422,
all_rows,diet_name,FULL,False,GP_Compuesto_NoARD,Control,Hermetia,main,Control,control,0,1,32.29822786111878,27.71708101325011,5.285283372917652,4.581146847868673,True
all_rows,diet_name,FULL,False,GP_Compuesto_NoARD,Control,Hermetia,main,Control,control,0,2,31.9882734211747,27.71708101325011,5.285283372917652,4.271192407924591,True
all_rows,diet_name,FULL,False,GP_Compuesto_NoARD,Control,Hermetia,main,Control,control,0,3,31.52201662343253,27.71708101325011,5.285283372917652,3.8049356101824223,True
all_rows,diet_name,FULL,False,GP_Compuesto_NoARD,Control,Tenebrio,main,Control,control,0,1,42.724277530166994,50.30244114923646,5.275263686970833,7.578163619069464,True
all_rows,diet_name,FULL,False,GP_Compuesto_NoARD,Control,Tenebrio,main,Control,control,0,2,43.79839302328586,50.30244114923646,5.275263686970833,6.504048125950597,True
all_rows,diet_name,FULL,False,GP_Compuesto_NoARD,Control,Tenebrio,main,Control,control,0,3,43.331882423179295,50.30244114923646,5.275263686970833,6.970558726057163,True
all_rows,diet_name,FULL,False,Dummy_GlobalMean,Control Agar,Tenebrio,water_control,Control Agar,control,0,1,36.031,37.33363999904324,,1.3026399990432438,
all_rows,diet_name,FULL,False,Dummy_GlobalMean,Control Agar,Tenebrio,water_control,Control Agar,control,0,2,36.036,37.33363999904324,,1.2976399990432412,
all_rows,diet_name,FULL,False,Dummy_GlobalMean,Control Agar,Tenebrio,water_control,Control Agar,control,0,3,36.739,37.33363999904324,,0.5946399990432454,
all_rows,diet_name,FULL,False,Dummy_SpeciesMean,Control Agar,Tenebrio,water_control,Control Agar,control,0,1,36.031,42.571180309437516,,6.540180309437517,
all_rows,diet_name,FULL,False,Dummy_SpeciesMean,Control Agar,Tenebrio,water_control,Control Agar,control,0,2,36.036,42.571180309437516,,6.535180309437514,
all_rows,diet_name,FULL,False,Dummy_SpeciesMean,Control Agar,Tenebrio,water_control,Control Agar,control,0,3,36.739,42.571180309437516,,5.832180309437518,
all_rows,diet_name,FULL,False,GP_Compuesto_NoARD,Control Agar,Tenebrio,water_control,Control Agar,control,0,1,36.031,40.08296211947495,2.7294699916900003,4.05196211947495,True
all_rows,diet_name,FULL,False,GP_Compuesto_NoARD,Control Agar,Tenebrio,water_control,Control Agar,control,0,2,36.036,40.08296211947495,2.7294699916900003,4.046962119474948,True
all_rows,diet_name,FULL,False,GP_Compuesto_NoARD,Control Agar,Tenebrio,water_control,Control Agar,control,0,3,36.739,40.08296211947495,2.729469991690003,3.343962119474952,True
all_rows,diet_name,FULL,False,Dummy_GlobalMean,Control Humedad superf,Tenebrio,water_control,Control Humedad superf,control,0,1,39.017,37.23179116183394,,1.7852088381660636,
all_rows,diet_name,FULL,False,Dummy_GlobalMean,Control Humedad superf,Tenebrio,water_control,Control Humedad superf,control,0,2,38.168,37.23179116183394,,0.9362088381660598,
all_rows,diet_name,FULL,False,Dummy_GlobalMean,Control Humedad superf,Tenebrio,water_control,Control Humedad superf,control,0,3,40.38,37.23179116183394,,3.148208838166063,
all_rows,diet_name,FULL,False,Dummy_SpeciesMean,Control Humedad superf,Tenebrio,water_control,Control Humedad superf,control,0,1,39.017,42.40591615849412,,3.388916158494119,
all_rows,diet_name,FULL,False,Dummy_SpeciesMean,Control Humedad superf,Tenebrio,water_control,Control Humedad superf,control,0,2,38.168,42.40591615849412,,4.237916158494123,
all_rows,diet_name,FULL,False,Dummy_SpeciesMean,Control Humedad superf,Tenebrio,water_control,Control Humedad superf,control,0,3,40.38,42.40591615849412,,2.0259161584941197,
all_rows,diet_name,FULL,False,GP_Compuesto_NoARD,Control Humedad superf,Tenebrio,water_control,Control Humedad superf,control,0,1,39.017,38.94726985938515,2.7256322218511397,0.06973014061485117,True
all_rows,diet_name,FULL,False,GP_Compuesto_NoARD,Control Humedad superf,Tenebrio,water_control,Control Humedad superf,control,0,2,38.168,38.94726985938515,2.7256322218511397,0.7792698593851526,True
all_rows,diet_name,FULL,False,GP_Compuesto_NoARD,Control Humedad superf,Tenebrio,water_control,Control Humedad superf,control,0,3,40.38,38.94726985938516,2.7256322218511375,1.4327301406148436,True
all_rows,diet_name,FULL,False,Dummy_GlobalMean,Control Seco,Tenebrio,water_control,Control Seco,control,0,1,41.955,37.13239581299673,,4.822604187003272,
all_rows,diet_name,FULL,False,Dummy_GlobalMean,Control Seco,Tenebrio,water_control,Control Seco,control,0,2,41.63,37.13239581299673,,4.497604187003276,
all_rows,diet_name,FULL,False,Dummy_GlobalMean,Control Seco,Tenebrio,water_control,Control Seco,control,0,3,42.528,37.13239581299673,,5.395604187003272,
all_rows,diet_name,FULL,False,Dummy_SpeciesMean,Control Seco,Tenebrio,water_control,Control Seco,control,0,1,41.955,42.244633139626195,,0.2896331396261971,
all_rows,diet_name,FULL,False,Dummy_SpeciesMean,Control Seco,Tenebrio,water_control,Control Seco,control,0,2,41.63,42.244633139626195,,0.6146331396261928,
all_rows,diet_name,FULL,False,Dummy_SpeciesMean,Control Seco,Tenebrio,water_control,Control Seco,control,0,3,42.528,42.244633139626195,,0.2833668603738033,
all_rows,diet_name,FULL,False,GP_Compuesto_NoARD,Control Seco,Tenebrio,water_control,Control Seco,control,0,1,41.955,37.83889951176877,2.714701154192821,4.1161004882312255,True
all_rows,diet_name,FULL,False,GP_Compuesto_NoARD,Control Seco,Tenebrio,water_control,Control Seco,control,0,2,41.63,37.83889951176877,2.714701154192821,3.79110048823123,True
all_rows,diet_name,FULL,False,GP_Compuesto_NoARD,Control Seco,Tenebrio,water_control,Control Seco,control,0,3,42.528,37.83889951176879,2.714701154192821,4.689100488231212,True
all_rows,diet_name,FULL,False,Dummy_GlobalMean,Hoja15,Hermetia,main,Hoja15,hoja,15,1,32.439876828877715,37.20581747662289,,4.765940647745175,
all_rows,diet_name,FULL,False,Dummy_GlobalMean,Hoja15,Hermetia,main,Hoja15,hoja,15,2,31.861332823005377,37.20581747662289,,5.3444846536175135,
all_rows,diet_name,FULL,False,Dummy_GlobalMean,Hoja15,Hermetia,main,Hoja15,hoja,15,3,29.950143361921626,37.20581747662289,,7.255674114701264,
all_rows,diet_name,FULL,False,Dummy_GlobalMean,Hoja15,Tenebrio,main,Hoja15,hoja,15,1,44.59966850546592,37.20581747662289,,7.393851028843031,
all_rows,diet_name,FULL,False,Dummy_GlobalMean,Hoja15,Tenebrio,main,Hoja15,hoja,15,2,48.58207253144869,37.20581747662289,,11.376255054825798,
all_rows,diet_name,FULL,False,Dummy_GlobalMean,Hoja15,Tenebrio,main,Hoja15,hoja,15,3,43.98309530729985,37.20581747662289,,6.777277830676958,
all_rows,diet_name,FULL,False,Dummy_SpeciesMean,Hoja15,Hermetia,main,Hoja15,hoja,15,1,32.439876828877715,28.672304350124186,,3.7675724787535287,
all_rows,diet_name,FULL,False,Dummy_SpeciesMean,Hoja15,Hermetia,main,Hoja15,hoja,15,2,31.861332823005377,28.672304350124186,,3.1890284728811906,
all_rows,diet_name,FULL,False,Dummy_SpeciesMean,Hoja15,Hermetia,main,Hoja15,hoja,15,3,29.950143361921626,28.672304350124186,,1.2778390117974396,
all_rows,diet_name,FULL,False,Dummy_SpeciesMean,Hoja15,Tenebrio,main,Hoja15,hoja,15,1,44.59966850546592,42.03610792558442,,2.5635605798815035,
all_rows,diet_name,FULL,False,Dummy_SpeciesMean,Hoja15,Tenebrio,main,Hoja15,hoja,15,2,48.58207253144869,42.03610792558442,,6.54596460586427,
all_rows,diet_name,FULL,False,Dummy_SpeciesMean,Hoja15,Tenebrio,main,Hoja15,hoja,15,3,43.98309530729985,42.03610792558442,,1.9469873817154308,
all_rows,diet_name,FULL,False,GP_Compuesto_NoARD,Hoja15,Hermetia,main,Hoja15,hoja,15,1,32.439876828877715,25.717253116732365,3.5023638803459978,6.722623712145349,True
all_rows,diet_name,FULL,False,GP_Compuesto_NoARD,Hoja15,Hermetia,main,Hoja15,hoja,15,2,31.861332823005377,25.717253116732365,3.5023638803459978,6.144079706273011,True
all_rows,diet_name,FULL,False,GP_Compuesto_NoARD,Hoja15,Hermetia,main,Hoja15,hoja,15,3,29.950143361921626,25.717253116732365,3.5023638803459978,4.23289024518926,True
all_rows,diet_name,FULL,False,GP_Compuesto_NoARD,Hoja15,Tenebrio,main,Hoja15,hoja,15,1,44.59966850546592,43.38627182518009,3.127696277302721,1.2133966802858325,True
all_rows,diet_name,FULL,False,GP_Compuesto_NoARD,Hoja15,Tenebrio,main,Hoja15,hoja,15,2,48.58207253144869,43.38627182518009,3.127696277302721,5.195800706268599,True
all_rows,diet_name,FULL,False,GP_Compuesto_NoARD,Hoja15,Tenebrio,main,Hoja15,hoja,15,3,43.98309530729985,43.38627182518009,3.127696277302721,0.5968234821197598,True
all_rows,diet_name,FULL,False,Dummy_GlobalMean,Hoja30,Hermetia,main,Hoja30,hoja,30,1,24.518904936914268,37.5282591842156,,13.009354247301331,
all_rows,diet_name,FULL,False,Dummy_GlobalMean,Hoja30,Hermetia,main,Hoja30,hoja,30,2,23.472591934148408,37.5282591842156,,14.055667250067192,
all_rows,diet_name,FULL,False,Dummy_GlobalMean,Hoja30,Hermetia,main,Hoja30,hoja,30,3,25.260478611312173,37.5282591842156,,12.267780572903426,
all_rows,diet_name,FULL,False,Dummy_GlobalMean,Hoja30,Tenebrio,main,Hoja30,hoja,30,1,43.64443148041813,37.5282591842156,,6.116172296202528,
all_rows,diet_name,FULL,False,Dummy_GlobalMean,Hoja30,Tenebrio,main,Hoja30,hoja,30,2,45.32322480412907,37.5282591842156,,7.794965619913469,
all_rows,diet_name,FULL,False,Dummy_GlobalMean,Hoja30,Tenebrio,main,Hoja30,hoja,30,3,42.43389586090185,37.5282591842156,,4.90563667668625,
all_rows,diet_name,FULL,False,Dummy_SpeciesMean,Hoja30,Hermetia,main,Hoja30,hoja,30,1,24.518904936914268,29.372283601171848,,4.85337866425758,
all_rows,diet_name,FULL,False,Dummy_SpeciesMean,Hoja30,Hermetia,main,Hoja30,hoja,30,2,23.472591934148408,29.372283601171848,,5.89969166702344,
all_rows,diet_name,FULL,False,Dummy_SpeciesMean,Hoja30,Hermetia,main,Hoja30,hoja,30,3,25.260478611312173,29.372283601171848,,4.1118049898596745,
all_rows,diet_name,FULL,False,Dummy_SpeciesMean,Hoja30,Tenebrio,main,Hoja30,hoja,30,1,43.64443148041813,42.144849136881874,,1.4995823435362539,
all_rows,diet_name,FULL,False,Dummy_SpeciesMean,Hoja30,Tenebrio,main,Hoja30,hoja,30,2,45.32322480412907,42.144849136881874,,3.1783756672471952,
all_rows,diet_name,FULL,False,Dummy_SpeciesMean,Hoja30,Tenebrio,main,Hoja30,hoja,30,3,42.43389586090185,42.144849136881874,,0.28904672401997544,
all_rows,diet_name,FULL,False,GP_Compuesto_NoARD,Hoja30,Hermetia,main,Hoja30,hoja,30,1,24.518904936914268,29.81104488527802,2.1812461585135368,5.292139948363751,False
all_rows,diet_name,FULL,False,GP_Compuesto_NoARD,Hoja30,Hermetia,main,Hoja30,hoja,30,2,23.472591934148408,29.81104488527802,2.1812461585135368,6.338452951129611,False
all_rows,diet_name,FULL,False,GP_Compuesto_NoARD,Hoja30,Hermetia,main,Hoja30,hoja,30,3,25.260478611312173,29.81104488527802,2.1812461585135368,4.5505662739658455,False
all_rows,diet_name,FULL,False,GP_Compuesto_NoARD,Hoja30,Tenebrio,main,Hoja30,hoja,30,1,43.64443148041813,43.91406463418869,2.2436744263389143,0.2696331537705632,True
all_rows,diet_name,FULL,False,GP_Compuesto_NoARD,Hoja30,Tenebrio,main,Hoja30,hoja,30,2,45.32322480412907,43.91406463418869,2.2436744263389143,1.4091601699403782,True
all_rows,diet_name,FULL,False,GP_Compuesto_NoARD,Hoja30,Tenebrio,main,Hoja30,hoja,30,3,42.43389586090185,43.91406463418869,2.2436744263389143,1.4801687732868416,True
all_rows,diet_name,FULL,False,Dummy_GlobalMean,Hoja50,Hermetia,main,Hoja50,hoja,50,1,22.677020960046544,37.57322046030813,,14.896199500261584,
all_rows,diet_name,FULL,False,Dummy_GlobalMean,Hoja50,Hermetia,main,Hoja50,hoja,50,2,23.384593109734844,37.57322046030813,,14.188627350573285,
all_rows,diet_name,FULL,False,Dummy_GlobalMean,Hoja50,Hermetia,main,Hoja50,hoja,50,3,24.04987521687871,37.57322046030813,,13.523345243429418,
all_rows,diet_name,FULL,False,Dummy_GlobalMean,Hoja50,Tenebrio,main,Hoja50,hoja,50,1,43.13594119232716,37.57322046030813,,5.562720732019031,
all_rows,diet_name,FULL,False,Dummy_GlobalMean,Hoja50,Tenebrio,main,Hoja50,hoja,50,2,44.6843260049324,37.57322046030813,,7.111105544624273,
all_rows,diet_name,FULL,False,Dummy_GlobalMean,Hoja50,Tenebrio,main,Hoja50,hoja,50,3,42.989985228223965,37.57322046030813,,5.416764767915836,
all_rows,diet_name,FULL,False,Dummy_SpeciesMean,Hoja50,Hermetia,main,Hoja50,hoja,50,1,22.677020960046544,29.47696647436234,,6.7999455143157945,
all_rows,diet_name,FULL,False,Dummy_SpeciesMean,Hoja50,Hermetia,main,Hoja50,hoja,50,2,23.384593109734844,29.47696647436234,,6.092373364627495,
all_rows,diet_name,FULL,False,Dummy_SpeciesMean,Hoja50,Hermetia,main,Hoja50,hoja,50,3,24.04987521687871,29.47696647436234,,5.427091257483628,
all_rows,diet_name,FULL,False,Dummy_SpeciesMean,Hoja50,Tenebrio,main,Hoja50,hoja,50,1,43.13594119232716,42.15600573537179,,0.9799354569553671,
all_rows,diet_name,FULL,False,Dummy_SpeciesMean,Hoja50,Tenebrio,main,Hoja50,hoja,50,2,44.6843260049324,42.15600573537179,,2.5283202695606093,
all_rows,diet_name,FULL,False,Dummy_SpeciesMean,Hoja50,Tenebrio,main,Hoja50,hoja,50,3,42.989985228223965,42.15600573537179,,0.8339794928521727,
all_rows,diet_name,FULL,False,GP_Compuesto_NoARD,Hoja50,Hermetia,main,Hoja50,hoja,50,1,22.677020960046544,28.568265526610805,4.608360114499978,5.891244566564261,True
all_rows,diet_name,FULL,False,GP_Compuesto_NoARD,Hoja50,Hermetia,main,Hoja50,hoja,50,2,23.384593109734844,28.568265526610805,4.608360114499978,5.183672416875961,True
all_rows,diet_name,FULL,False,GP_Compuesto_NoARD,Hoja50,Hermetia,main,Hoja50,hoja,50,3,24.04987521687871,28.568265526610805,4.608360114499978,4.518390309732094,True
all_rows,diet_name,FULL,False,GP_Compuesto_NoARD,Hoja50,Tenebrio,main,Hoja50,hoja,50,1,43.13594119232716,40.10079056313311,4.420950181516795,3.0351506291940495,True
all_rows,diet_name,FULL,False,GP_Compuesto_NoARD,Hoja50,Tenebrio,main,Hoja50,hoja,50,2,44.6843260049324,40.10079056313311,4.420950181516795,4.583535441799292,True
all_rows,diet_name,FULL,False,GP_Compuesto_NoARD,Hoja50,Tenebrio,main,Hoja50,hoja,50,3,42.989985228223965,40.10079056313311,4.420950181516795,2.889194665090855,True
all_rows,diet_name,FULL,False,Dummy_GlobalMean,Orujillo15,Tenebrio,coffee_orujillo,Orujillo15,orujillo,15,1,35.057,37.36263999904324,,2.305639999043237,
all_rows,diet_name,FULL,False,Dummy_GlobalMean,Orujillo15,Tenebrio,coffee_orujillo,Orujillo15,orujillo,15,2,35.084,37.36263999904324,,2.2786399990432358,
all_rows,diet_name,FULL,False,Dummy_GlobalMean,Orujillo15,Tenebrio,coffee_orujillo,Orujillo15,orujillo,15,3,36.171,37.36263999904324,,1.1916399990432396,
all_rows,diet_name,FULL,False,Dummy_SpeciesMean,Orujillo15,Tenebrio,coffee_orujillo,Orujillo15,orujillo,15,1,35.057,42.6182369132111,,7.561236913211097,
all_rows,diet_name,FULL,False,Dummy_SpeciesMean,Orujillo15,Tenebrio,coffee_orujillo,Orujillo15,orujillo,15,2,35.084,42.6182369132111,,7.534236913211096,
all_rows,diet_name,FULL,False,Dummy_SpeciesMean,Orujillo15,Tenebrio,coffee_orujillo,Orujillo15,orujillo,15,3,36.171,42.6182369132111,,6.4472369132111,
all_rows,diet_name,FULL,False,GP_Compuesto_NoARD,Orujillo15,Tenebrio,coffee_orujillo,Orujillo15,orujillo,15,1,35.057,33.45977840170079,3.4431721751961653,1.597221598299214,True
all_rows,diet_name,FULL,False,GP_Compuesto_NoARD,Orujillo15,Tenebrio,coffee_orujillo,Orujillo15,orujillo,15,2,35.084,33.45977840170079,3.4431721751961653,1.624221598299215,True
all_rows,diet_name,FULL,False,GP_Compuesto_NoARD,Orujillo15,Tenebrio,coffee_orujillo,Orujillo15,orujillo,15,3,36.171,33.45977840170079,3.4431721751961644,2.711221598299211,True
all_rows,diet_name,FULL,False,Dummy_GlobalMean,Orujillo30,Tenebrio,coffee_orujillo,Orujillo30,orujillo,30,1,33.932,37.44052371997347,,3.508523719973468,
all_rows,diet_name,FULL,False,Dummy_GlobalMean,Orujillo30,Tenebrio,coffee_orujillo,Orujillo30,orujillo,30,2,33.19,37.44052371997347,,4.250523719973472,
all_rows,diet_name,FULL,False,Dummy_GlobalMean,Orujillo30,Tenebrio,coffee_orujillo,Orujillo30,orujillo,30,3,32.492,37.44052371997347,,4.948523719973473,
all_rows,diet_name,FULL,False,Dummy_SpeciesMean,Orujillo30,Tenebrio,coffee_orujillo,Orujillo30,orujillo,30,1,33.932,42.74461427170167,,8.812614271701669,
all_rows,diet_name,FULL,False,Dummy_SpeciesMean,Orujillo30,Tenebrio,coffee_orujillo,Orujillo30,orujillo,30,2,33.19,42.74461427170167,,9.554614271701674,
all_rows,diet_name,FULL,False,Dummy_SpeciesMean,Orujillo30,Tenebrio,coffee_orujillo,Orujillo30,orujillo,30,3,32.492,42.74461427170167,,10.252614271701674,
all_rows,diet_name,FULL,False,GP_Compuesto_NoARD,Orujillo30,Tenebrio,coffee_orujillo,Orujillo30,orujillo,30,1,33.932,35.10067635288351,2.9322443853811277,1.1686763528835087,True
all_rows,diet_name,FULL,False,GP_Compuesto_NoARD,Orujillo30,Tenebrio,coffee_orujillo,Orujillo30,orujillo,30,2,33.19,35.10067635288351,2.9322443853811277,1.9106763528835131,True
all_rows,diet_name,FULL,False,GP_Compuesto_NoARD,Orujillo30,Tenebrio,coffee_orujillo,Orujillo30,orujillo,30,3,32.492,35.10067635288352,2.932244385381125,2.6086763528835206,True
all_rows,diet_name,FULL,False,Dummy_GlobalMean,Orujillo50,Tenebrio,coffee_orujillo,Orujillo50,orujillo,50,1,32.866,37.46398883625254,,4.59798883625254,
all_rows,diet_name,FULL,False,Dummy_GlobalMean,Orujillo50,Tenebrio,coffee_orujillo,Orujillo50,orujillo,50,2,32.238,37.46398883625254,,5.22598883625254,
all_rows,diet_name,FULL,False,Dummy_GlobalMean,Orujillo50,Tenebrio,coffee_orujillo,Orujillo50,orujillo,50,3,32.492,37.46398883625254,,4.971988836252542,
all_rows,diet_name,FULL,False,Dummy_SpeciesMean,Orujillo50,Tenebrio,coffee_orujillo,Orujillo50,orujillo,50,1,32.866,42.782689743399786,,9.916689743399786,
all_rows,diet_name,FULL,False,Dummy_SpeciesMean,Orujillo50,Tenebrio,coffee_orujillo,Orujillo50,orujillo,50,2,32.238,42.782689743399786,,10.544689743399786,
all_rows,diet_name,FULL,False,Dummy_SpeciesMean,Orujillo50,Tenebrio,coffee_orujillo,Orujillo50,orujillo,50,3,32.492,42.782689743399786,,10.290689743399788,
all_rows,diet_name,FULL,False,GP_Compuesto_NoARD,Orujillo50,Tenebrio,coffee_orujillo,Orujillo50,orujillo,50,1,32.866,36.573395596110146,3.9505562676376162,3.707395596110146,True
all_rows,diet_name,FULL,False,GP_Compuesto_NoARD,Orujillo50,Tenebrio,coffee_orujillo,Orujillo50,orujillo,50,2,32.238,36.573395596110146,3.9505562676376162,4.335395596110146,True
all_rows,diet_name,FULL,False,GP_Compuesto_NoARD,Orujillo50,Tenebrio,coffee_orujillo,Orujillo50,orujillo,50,3,32.492,36.57339559611014,3.9505562676376145,4.081395596110141,True
all_rows,diet_name,FULL,False,Dummy_GlobalMean,Orujo30,Hermetia,main,Orujo30,orujo,30,1,31.314123313447407,37.21679972433454,,5.9026764108871355,
all_rows,diet_name,FULL,False,Dummy_GlobalMean,Orujo30,Hermetia,main,Orujo30,orujo,30,2,28.651274165528747,37.21679972433454,,8.565525558805795,
all_rows,diet_name,FULL,False,Dummy_GlobalMean,Orujo30,Hermetia,main,Orujo30,orujo,30,3,31.00039680343508,37.21679972433454,,6.216402920899462,
all_rows,diet_name,FULL,False,Dummy_GlobalMean,Orujo30,Tenebrio,main,Orujo30,orujo,30,1,44.05632136428663,37.21679972433454,,6.839521639952089,
all_rows,diet_name,FULL,False,Dummy_GlobalMean,Orujo30,Tenebrio,main,Orujo30,orujo,30,2,47.979408918219136,37.21679972433454,,10.762609193884593,
all_rows,diet_name,FULL,False,Dummy_GlobalMean,Orujo30,Tenebrio,main,Orujo30,orujo,30,3,47.50313823303477,37.21679972433454,,10.286338508700226,
all_rows,diet_name,FULL,False,Dummy_SpeciesMean,Orujo30,Hermetia,main,Orujo30,orujo,30,1,31.314123313447407,28.78182297450397,,2.532300338943436,
all_rows,diet_name,FULL,False,Dummy_SpeciesMean,Orujo30,Hermetia,main,Orujo30,orujo,30,2,28.651274165528747,28.78182297450397,,0.1305488089752238,
all_rows,diet_name,FULL,False,Dummy_SpeciesMean,Orujo30,Hermetia,main,Orujo30,orujo,30,3,31.00039680343508,28.78182297450397,,2.2185738289311097,
all_rows,diet_name,FULL,False,Dummy_SpeciesMean,Orujo30,Tenebrio,main,Orujo30,orujo,30,1,44.05632136428663,41.99131486574807,,2.0650064985385583,
all_rows,diet_name,FULL,False,Dummy_SpeciesMean,Orujo30,Tenebrio,main,Orujo30,orujo,30,2,47.979408918219136,41.99131486574807,,5.988094052471062,
all_rows,diet_name,FULL,False,Dummy_SpeciesMean,Orujo30,Tenebrio,main,Orujo30,orujo,30,3,47.50313823303477,41.99131486574807,,5.511823367286695,
all_rows,diet_name,FULL,False,GP_Compuesto_NoARD,Orujo30,Hermetia,main,Orujo30,orujo,30,1,31.314123313447407,31.86538724752354,2.9344867091050957,0.5512639340761325,True
all_rows,diet_name,FULL,False,GP_Compuesto_NoARD,Orujo30,Hermetia,main,Orujo30,orujo,30,2,28.651274165528747,31.86538724752354,2.9344867091050957,3.2141130819947925,True
all_rows,diet_name,FULL,False,GP_Compuesto_NoARD,Orujo30,Hermetia,main,Orujo30,orujo,30,3,31.00039680343508,31.86538724752354,2.9344867091050957,0.864990444088459,True
all_rows,diet_name,FULL,False,GP_Compuesto_NoARD,Orujo30,Tenebrio,main,Orujo30,orujo,30,1,44.05632136428663,45.97505634010265,2.6855685506855735,1.9187349758160153,True
all_rows,diet_name,FULL,False,GP_Compuesto_NoARD,Orujo30,Tenebrio,main,Orujo30,orujo,30,2,47.979408918219136,45.97505634010265,2.6855685506855735,2.004352578116489,True
all_rows,diet_name,FULL,False,GP_Compuesto_NoARD,Orujo30,Tenebrio,main,Orujo30,orujo,30,3,47.50313823303477,45.97505634010265,2.6855685506855735,1.5280818929321214,True
all_rows,diet_name,FULL,False,Dummy_GlobalMean,Orujo50,Hermetia,main,Orujo50,orujo,50,1,32.02004533085088,37.12887085599599,,5.1088255251451145,
all_rows,diet_name,FULL,False,Dummy_GlobalMean,Orujo50,Hermetia,main,Orujo50,orujo,50,2,33.161725303735146,37.12887085599599,,3.9671455522608454,
all_rows,diet_name,FULL,False,Dummy_GlobalMean,Orujo50,Hermetia,main,Orujo50,orujo,50,3,31.260408162746693,37.12887085599599,,5.868462693249299,
all_rows,diet_name,FULL,False,Dummy_GlobalMean,Orujo50,Tenebrio,main,Orujo50,orujo,50,1,46.60615150745108,37.12887085599599,,9.47728065145509,
all_rows,diet_name,FULL,False,Dummy_GlobalMean,Orujo50,Tenebrio,main,Orujo50,orujo,50,2,47.61168446896416,37.12887085599599,,10.482813612968165,
all_rows,diet_name,FULL,False,Dummy_GlobalMean,Orujo50,Tenebrio,main,Orujo50,orujo,50,3,47.14274409630263,37.12887085599599,,10.013873240306637,
all_rows,diet_name,FULL,False,Dummy_SpeciesMean,Orujo50,Hermetia,main,Orujo50,orujo,50,1,32.02004533085088,28.599276824006587,,3.42076850684429,
all_rows,diet_name,FULL,False,Dummy_SpeciesMean,Orujo50,Hermetia,main,Orujo50,orujo,50,2,33.161725303735146,28.599276824006587,,4.562448479728559,
all_rows,diet_name,FULL,False,Dummy_SpeciesMean,Orujo50,Hermetia,main,Orujo50,orujo,50,3,31.260408162746693,28.599276824006587,,2.6611313387401054,
all_rows,diet_name,FULL,False,Dummy_SpeciesMean,Orujo50,Tenebrio,main,Orujo50,orujo,50,1,46.60615150745108,41.95694294957491,,4.649208557876172,
all_rows,diet_name,FULL,False,Dummy_SpeciesMean,Orujo50,Tenebrio,main,Orujo50,orujo,50,2,47.61168446896416,41.95694294957491,,5.654741519389248,
all_rows,diet_name,FULL,False,Dummy_SpeciesMean,Orujo50,Tenebrio,main,Orujo50,orujo,50,3,47.14274409630263,41.95694294957491,,5.185801146727719,
all_rows,diet_name,FULL,False,GP_Compuesto_NoARD,Orujo50,Hermetia,main,Orujo50,orujo,50,1,32.02004533085088,31.91237413151334,2.1136874716937126,0.10767119933753833,True
all_rows,diet_name,FULL,False,GP_Compuesto_NoARD,Orujo50,Hermetia,main,Orujo50,orujo,50,2,33.161725303735146,31.91237413151334,2.1136874716937126,1.2493511722218074,True
all_rows,diet_name,FULL,False,GP_Compuesto_NoARD,Orujo50,Hermetia,main,Orujo50,orujo,50,3,31.260408162746693,31.91237413151334,2.1136874716937126,0.6519659687666461,True
all_rows,diet_name,FULL,False,GP_Compuesto_NoARD,Orujo50,Tenebrio,main,Orujo50,orujo,50,1,46.60615150745108,39.764384146733704,2.0492068347394823,6.841767360717377,False
all_rows,diet_name,FULL,False,GP_Compuesto_NoARD,Orujo50,Tenebrio,main,Orujo50,orujo,50,2,47.61168446896416,39.76438414673371,2.0492068347394823,7.847300322230446,False
all_rows,diet_name,FULL,False,GP_Compuesto_NoARD,Orujo50,Tenebrio,main,Orujo50,orujo,50,3,47.14274409630263,39.76438414673371,2.0492068347394823,7.378359949568917,False
all_rows,diet_name,FULL,False,Dummy_GlobalMean,Orujo70,Hermetia,main,Orujo70,orujo,70,1,28.145262440510347,37.46000792692828,,9.31474548641793,
all_rows,diet_name,FULL,False,Dummy_GlobalMean,Orujo70,Hermetia,main,Orujo70,orujo,70,2,27.19851217684783,37.46000792692828,,10.261495750080446,
all_rows,diet_name,FULL,False,Dummy_GlobalMean,Orujo70,Hermetia,main,Orujo70,orujo,70,3,26.86141384370052,37.46000792692828,,10.598594083227756,
all_rows,diet_name,FULL,False,Dummy_GlobalMean,Orujo70,Tenebrio,main,Orujo70,orujo,70,1,42.989125105205865,37.46000792692828,,5.529117178277588,
all_rows,diet_name,FULL,False,Dummy_GlobalMean,Orujo70,Tenebrio,main,Orujo70,orujo,70,2,42.37318058656684,37.46000792692828,,4.913172659638562,
all_rows,diet_name,FULL,False,Dummy_GlobalMean,Orujo70,Tenebrio,main,Orujo70,orujo,70,3,42.75088782983994,37.46000792692828,,5.290879902911662,
all_rows,diet_name,FULL,False,Dummy_SpeciesMean,Orujo70,Hermetia,main,Orujo70,orujo,70,1,28.145262440510347,29.073843168549054,,0.9285807280387068,
all_rows,diet_name,FULL,False,Dummy_SpeciesMean,Orujo70,Hermetia,main,Orujo70,orujo,70,2,27.19851217684783,29.073843168549054,,1.8753309917012224,
all_rows,diet_name,FULL,False,Dummy_SpeciesMean,Orujo70,Hermetia,main,Orujo70,orujo,70,3,26.86141384370052,29.073843168549054,,2.2124293248485323,
all_rows,diet_name,FULL,False,Dummy_SpeciesMean,Orujo70,Tenebrio,main,Orujo70,orujo,70,1,42.989125105205865,42.20689363921841,,0.7822314659874579,
all_rows,diet_name,FULL,False,Dummy_SpeciesMean,Orujo70,Tenebrio,main,Orujo70,orujo,70,2,42.37318058656684,42.20689363921841,,0.16628694734843208,
all_rows,diet_name,FULL,False,Dummy_SpeciesMean,Orujo70,Tenebrio,main,Orujo70,orujo,70,3,42.75088782983994,42.20689363921841,,0.5439941906215324,
all_rows,diet_name,FULL,False,GP_Compuesto_NoARD,Orujo70,Hermetia,main,Orujo70,orujo,70,1,28.145262440510347,32.30758266431784,2.0347370823687627,4.162320223807495,False
all_rows,diet_name,FULL,False,GP_Compuesto_NoARD,Orujo70,Hermetia,main,Orujo70,orujo,70,2,27.19851217684783,32.30758266431784,2.0347370823687627,5.10907048747001,False
all_rows,diet_name,FULL,False,GP_Compuesto_NoARD,Orujo70,Hermetia,main,Orujo70,orujo,70,3,26.86141384370052,32.30758266431784,2.0347370823687627,5.44616882061732,False
all_rows,diet_name,FULL,False,GP_Compuesto_NoARD,Orujo70,Tenebrio,main,Orujo70,orujo,70,1,42.989125105205865,39.412416877069184,1.9565600390197107,3.576708228136681,True
all_rows,diet_name,FULL,False,GP_Compuesto_NoARD,Orujo70,Tenebrio,main,Orujo70,orujo,70,2,42.37318058656684,39.41241687706919,1.9565600390197107,2.960763709497648,True
all_rows,diet_name,FULL,False,GP_Compuesto_NoARD,Orujo70,Tenebrio,main,Orujo70,orujo,70,3,42.75088782983994,39.41241687706919,1.9565600390197107,3.3384709527707486,True
all_rows,diet_name,FULL,False,Dummy_GlobalMean,Orujo90,Hermetia,main,Orujo90,orujo,90,1,27.992592815001228,37.559563144152506,,9.566970329151278,
all_rows,diet_name,FULL,False,Dummy_GlobalMean,Orujo90,Hermetia,main,Orujo90,orujo,90,2,23.674781663935857,37.559563144152506,,13.884781480216649,
all_rows,diet_name,FULL,False,Dummy_GlobalMean,Orujo90,Hermetia,main,Orujo90,orujo,90,3,27.97325781900284,37.559563144152506,,9.586305325149667,
all_rows,diet_name,FULL,False,Dummy_GlobalMean,Orujo90,Tenebrio,main,Orujo90,orujo,90,1,42.63455462687377,37.559563144152506,,5.074991482721266,
all_rows,diet_name,FULL,False,Dummy_GlobalMean,Orujo90,Tenebrio,main,Orujo90,orujo,90,2,39.46090226095632,37.559563144152506,,1.9013391168038112,
all_rows,diet_name,FULL,False,Dummy_GlobalMean,Orujo90,Tenebrio,main,Orujo90,orujo,90,3,40.31920976729068,37.559563144152506,,2.759646623138174,
all_rows,diet_name,FULL,False,Dummy_SpeciesMean,Orujo90,Hermetia,main,Orujo90,orujo,90,1,27.992592815001228,29.159328373986344,,1.166735558985117,
all_rows,diet_name,FULL,False,Dummy_SpeciesMean,Orujo90,Hermetia,main,Orujo90,orujo,90,2,23.674781663935857,29.159328373986344,,5.484546710050488,
all_rows,diet_name,FULL,False,Dummy_SpeciesMean,Orujo90,Hermetia,main,Orujo90,orujo,90,3,27.97325781900284,29.159328373986344,,1.1860705549835053,
all_rows,diet_name,FULL,False,Dummy_SpeciesMean,Orujo90,Tenebrio,main,Orujo90,orujo,90,1,42.63455462687377,42.31441301405788,,0.32014161281589537,
all_rows,diet_name,FULL,False,Dummy_SpeciesMean,Orujo90,Tenebrio,main,Orujo90,orujo,90,2,39.46090226095632,42.31441301405788,,2.8535107531015598,
all_rows,diet_name,FULL,False,Dummy_SpeciesMean,Orujo90,Tenebrio,main,Orujo90,orujo,90,3,40.31920976729068,42.31441301405788,,1.995203246767197,
all_rows,diet_name,FULL,False,GP_Compuesto_NoARD,Orujo90,Hermetia,main,Orujo90,orujo,90,1,27.992592815001228,32.65166884247421,3.9749847080006604,4.659076027472981,True
all_rows,diet_name,FULL,False,GP_Compuesto_NoARD,Orujo90,Hermetia,main,Orujo90,orujo,90,2,23.674781663935857,32.65166884247421,3.9749847080006604,8.976887178538352,False
all_rows,diet_name,FULL,False,GP_Compuesto_NoARD,Orujo90,Hermetia,main,Orujo90,orujo,90,3,27.97325781900284,32.65166884247421,3.9749847080006604,4.678411023471369,True
all_rows,diet_name,FULL,False,GP_Compuesto_NoARD,Orujo90,Tenebrio,main,Orujo90,orujo,90,1,42.63455462687377,33.146655577104234,3.585272910778429,9.487899049769538,False
all_rows,diet_name,FULL,False,GP_Compuesto_NoARD,Orujo90,Tenebrio,main,Orujo90,orujo,90,2,39.46090226095632,33.14665557710423,3.585272910778429,6.31424668385209,True
all_rows,diet_name,FULL,False,GP_Compuesto_NoARD,Orujo90,Tenebrio,main,Orujo90,orujo,90,3,40.31920976729068,33.14665557710423,3.585272910778429,7.172554190186453,False
all_rows,diet_name,FULL,False,Dummy_GlobalMean,Posos café horno15,Tenebrio,coffee_orujillo,Posos café horno15,cafe,15,1,39.947,37.18411674322929,,2.7628832567707136,
all_rows,diet_name,FULL,False,Dummy_GlobalMean,Posos café horno15,Tenebrio,coffee_orujillo,Posos café horno15,cafe,15,2,40.029,37.18411674322929,,2.8448832567707143,
all_rows,diet_name,FULL,False,Dummy_GlobalMean,Posos café horno15,Tenebrio,coffee_orujillo,Posos café horno15,cafe,15,3,41.689,37.18411674322929,,4.504883256770711,
all_rows,diet_name,FULL,False,Dummy_SpeciesMean,Posos café horno15,Tenebrio,coffee_orujillo,Posos café horno15,cafe,15,1,39.947,42.32855766792808,,2.381557667928078,
all_rows,diet_name,FULL,False,Dummy_SpeciesMean,Posos café horno15,Tenebrio,coffee_orujillo,Posos café horno15,cafe,15,2,40.029,42.32855766792808,,2.2995576679280774,
all_rows,diet_name,FULL,False,Dummy_SpeciesMean,Posos café horno15,Tenebrio,coffee_orujillo,Posos café horno15,cafe,15,3,41.689,42.32855766792808,,0.6395576679280808,
all_rows,diet_name,FULL,False,GP_Compuesto_NoARD,Posos café horno15,Tenebrio,coffee_orujillo,Posos café horno15,cafe,15,1,39.947,49.25474998842516,5.120753321586392,9.307749988425158,True
all_rows,diet_name,FULL,False,GP_Compuesto_NoARD,Posos café horno15,Tenebrio,coffee_orujillo,Posos café horno15,cafe,15,2,40.029,49.25474998842516,5.120753321586392,9.225749988425157,True
all_rows,diet_name,FULL,False,GP_Compuesto_NoARD,Posos café horno15,Tenebrio,coffee_orujillo,Posos café horno15,cafe,15,3,41.689,49.25474998842516,5.120753321586389,7.565749988425161,True
all_rows,diet_name,FULL,False,Dummy_GlobalMean,Posos café liof15,Tenebrio,coffee_orujillo,Posos café liof15,cafe,15,1,48.241,36.984678619743896,,11.256321380256104,
all_rows,diet_name,FULL,False,Dummy_GlobalMean,Posos café liof15,Tenebrio,coffee_orujillo,Posos café liof15,cafe,15,2,53.591,36.984678619743896,,16.606321380256105,
all_rows,diet_name,FULL,False,Dummy_SpeciesMean,Posos café liof15,Tenebrio,coffee_orujillo,Posos café liof15,cafe,15,1,48.241,41.91197326667015,,6.329026733329847,
all_rows,diet_name,FULL,False,Dummy_SpeciesMean,Posos café liof15,Tenebrio,coffee_orujillo,Posos café liof15,cafe,15,2,53.591,41.91197326667015,,11.679026733329849,
all_rows,diet_name,FULL,False,GP_Compuesto_NoARD,Posos café liof15,Tenebrio,coffee_orujillo,Posos café liof15,cafe,15,1,48.241,40.39177912141075,4.0046776046269414,7.84922087858925,False
all_rows,diet_name,FULL,False,GP_Compuesto_NoARD,Posos café liof15,Tenebrio,coffee_orujillo,Posos café liof15,cafe,15,2,53.591,40.39177912141075,4.0046776046269414,13.199220878589252,False
all_rows,diet_name,FULL,False,Dummy_GlobalMean,Quinoa15,Hermetia,main,Quinoa15,quinoa,15,1,32.25326659440655,37.134481850524566,,4.881215256118018,
all_rows,diet_name,FULL,False,Dummy_GlobalMean,Quinoa15,Hermetia,main,Quinoa15,quinoa,15,2,30.29567215292689,37.134481850524566,,6.838809697597675,
all_rows,diet_name,FULL,False,Dummy_GlobalMean,Quinoa15,Hermetia,main,Quinoa15,quinoa,15,3,29.75211069561501,37.134481850524566,,7.382371154909556,
all_rows,diet_name,FULL,False,Dummy_GlobalMean,Quinoa15,Tenebrio,main,Quinoa15,quinoa,15,1,46.2406551012102,37.134481850524566,,9.106173250685636,
all_rows,diet_name,FULL,False,Dummy_GlobalMean,Quinoa15,Tenebrio,main,Quinoa15,quinoa,15,2,49.74165607410812,37.134481850524566,,12.607174223583556,
all_rows,diet_name,FULL,False,Dummy_GlobalMean,Quinoa15,Tenebrio,main,Quinoa15,quinoa,15,3,49.0536857059127,37.134481850524566,,11.919203855388133,
all_rows,diet_name,FULL,False,Dummy_SpeciesMean,Quinoa15,Hermetia,main,Quinoa15,quinoa,15,1,32.25326659440655,28.73731446915273,,3.5159521252538184,
all_rows,diet_name,FULL,False,Dummy_SpeciesMean,Quinoa15,Hermetia,main,Quinoa15,quinoa,15,2,30.29567215292689,28.73731446915273,,1.5583576837741617,
all_rows,diet_name,FULL,False,Dummy_SpeciesMean,Quinoa15,Hermetia,main,Quinoa15,quinoa,15,3,29.75211069561501,28.73731446915273,,1.0147962264622805,
all_rows,diet_name,FULL,False,Dummy_SpeciesMean,Quinoa15,Tenebrio,main,Quinoa15,quinoa,15,1,46.2406551012102,41.88759546262183,,4.35305963858837,
all_rows,diet_name,FULL,False,Dummy_SpeciesMean,Quinoa15,Tenebrio,main,Quinoa15,quinoa,15,2,49.74165607410812,41.88759546262183,,7.85406061148629,
all_rows,diet_name,FULL,False,Dummy_SpeciesMean,Quinoa15,Tenebrio,main,Quinoa15,quinoa,15,3,49.0536857059127,41.88759546262183,,7.166090243290867,
all_rows,diet_name,FULL,False,GP_Compuesto_NoARD,Quinoa15,Hermetia,main,Quinoa15,quinoa,15,1,32.25326659440655,30.9321164179498,2.617314047734149,1.3211501764567473,True
all_rows,diet_name,FULL,False,GP_Compuesto_NoARD,Quinoa15,Hermetia,main,Quinoa15,quinoa,15,2,30.29567215292689,30.9321164179498,2.617314047734149,0.6364442650229094,True
all_rows,diet_name,FULL,False,GP_Compuesto_NoARD,Quinoa15,Hermetia,main,Quinoa15,quinoa,15,3,29.75211069561501,30.9321164179498,2.617314047734149,1.1800057223347906,True
all_rows,diet_name,FULL,False,GP_Compuesto_NoARD,Quinoa15,Tenebrio,main,Quinoa15,quinoa,15,1,46.2406551012102,44.623314449761075,2.607282766979058,1.6173406514491262,True
all_rows,diet_name,FULL,False,GP_Compuesto_NoARD,Quinoa15,Tenebrio,main,Quinoa15,quinoa,15,2,49.74165607410812,44.623314449761075,2.607282766979058,5.118341624347046,False
all_rows,diet_name,FULL,False,GP_Compuesto_NoARD,Quinoa15,Tenebrio,main,Quinoa15,quinoa,15,3,49.0536857059127,44.623314449761075,2.607282766979058,4.4303712561516235,True
all_rows,diet_name,FULL,False,Dummy_GlobalMean,Quinoa30,Hermetia,main,Quinoa30,quinoa,30,1,30.76039775705413,37.22678215861062,,6.466384401556489,
all_rows,diet_name,FULL,False,Dummy_GlobalMean,Quinoa30,Hermetia,main,Quinoa30,quinoa,30,2,29.22593647982689,37.22678215861062,,8.00084567878373,
all_rows,diet_name,FULL,False,Dummy_GlobalMean,Quinoa30,Hermetia,main,Quinoa30,quinoa,30,3,29.965998391774416,37.22678215861062,,7.260783766836202,
all_rows,diet_name,FULL,False,Dummy_GlobalMean,Quinoa30,Tenebrio,main,Quinoa30,quinoa,30,1,47.1681642185215,37.22678215861062,,9.941382059910879,
all_rows,diet_name,FULL,False,Dummy_GlobalMean,Quinoa30,Tenebrio,main,Quinoa30,quinoa,30,2,45.28074275235599,37.22678215861062,,8.053960593745373,
all_rows,diet_name,FULL,False,Dummy_GlobalMean,Quinoa30,Tenebrio,main,Quinoa30,quinoa,30,3,47.27488115350477,37.22678215861062,,10.048098994894154,
all_rows,diet_name,FULL,False,Dummy_SpeciesMean,Quinoa30,Hermetia,main,Quinoa30,quinoa,30,1,30.76039775705413,28.815605029629165,,1.9447927274249643,
all_rows,diet_name,FULL,False,Dummy_SpeciesMean,Quinoa30,Hermetia,main,Quinoa30,quinoa,30,2,29.22593647982689,28.815605029629165,,0.41033145019772377,
all_rows,diet_name,FULL,False,Dummy_SpeciesMean,Quinoa30,Hermetia,main,Quinoa30,quinoa,30,3,29.965998391774416,28.815605029629165,,1.1503933621452518,
all_rows,diet_name,FULL,False,Dummy_SpeciesMean,Quinoa30,Tenebrio,main,Quinoa30,quinoa,30,1,47.1681642185215,41.98782581652465,,5.180338401996849,
all_rows,diet_name,FULL,False,Dummy_SpeciesMean,Quinoa30,Tenebrio,main,Quinoa30,quinoa,30,2,45.28074275235599,41.98782581652465,,3.292916935831343,
all_rows,diet_name,FULL,False,Dummy_SpeciesMean,Quinoa30,Tenebrio,main,Quinoa30,quinoa,30,3,47.27488115350477,41.98782581652465,,5.287055336980124,
all_rows,diet_name,FULL,False,GP_Compuesto_NoARD,Quinoa30,Hermetia,main,Quinoa30,quinoa,30,1,30.76039775705413,33.07901178065036,2.236743703864978,2.3186140235962327,True
all_rows,diet_name,FULL,False,GP_Compuesto_NoARD,Quinoa30,Hermetia,main,Quinoa30,quinoa,30,2,29.22593647982689,33.07901178065036,2.236743703864978,3.8530753008234733,True
all_rows,diet_name,FULL,False,GP_Compuesto_NoARD,Quinoa30,Hermetia,main,Quinoa30,quinoa,30,3,29.965998391774416,33.07901178065036,2.236743703864978,3.1130133888759453,True
all_rows,diet_name,FULL,False,GP_Compuesto_NoARD,Quinoa30,Tenebrio,main,Quinoa30,quinoa,30,1,47.1681642185215,45.63907471739485,2.196722163381233,1.5290895011266485,True
all_rows,diet_name,FULL,False,GP_Compuesto_NoARD,Quinoa30,Tenebrio,main,Quinoa30,quinoa,30,2,45.28074275235599,45.63907471739484,2.196722163381233,0.35833196503885034,True
all_rows,diet_name,FULL,False,GP_Compuesto_NoARD,Quinoa30,Tenebrio,main,Quinoa30,quinoa,30,3,47.27488115350477,45.63907471739484,2.196722163381233,1.635806436109931,True
all_rows,diet_name,FULL,False,Dummy_GlobalMean,Quinoa50,Hermetia,main,Quinoa50,quinoa,50,1,30.811944171324868,37.227130111581886,,6.415185940257018,
all_rows,diet_name,FULL,False,Dummy_GlobalMean,Quinoa50,Hermetia,main,Quinoa50,quinoa,50,2,28.23608632105669,37.227130111581886,,8.991043790525197,
all_rows,diet_name,FULL,False,Dummy_GlobalMean,Quinoa50,Hermetia,main,Quinoa50,quinoa,50,3,30.441941426236617,37.227130111581886,,6.785188685345268,
all_rows,diet_name,FULL,False,Dummy_GlobalMean,Quinoa50,Tenebrio,main,Quinoa50,quinoa,50,1,46.3907897545748,37.227130111581886,,9.163659642992911,
all_rows,diet_name,FULL,False,Dummy_GlobalMean,Quinoa50,Tenebrio,main,Quinoa50,quinoa,50,2,46.509235603005465,37.227130111581886,,9.282105491423579,
all_rows,diet_name,FULL,False,Dummy_GlobalMean,Quinoa50,Tenebrio,main,Quinoa50,quinoa,50,3,47.25724338022376,37.227130111581886,,10.030113268641877,
all_rows,diet_name,FULL,False,Dummy_SpeciesMean,Quinoa50,Hermetia,main,Quinoa50,quinoa,50,1,30.811944171324868,28.83101705329707,,1.9809271180277968,
all_rows,diet_name,FULL,False,Dummy_SpeciesMean,Quinoa50,Hermetia,main,Quinoa50,quinoa,50,2,28.23608632105669,28.83101705329707,,0.5949307322403818,
all_rows,diet_name,FULL,False,Dummy_SpeciesMean,Quinoa50,Hermetia,main,Quinoa50,quinoa,50,3,30.441941426236617,28.83101705329707,,1.6109243729395466,
all_rows,diet_name,FULL,False,Dummy_SpeciesMean,Quinoa50,Tenebrio,main,Quinoa50,quinoa,50,1,46.3907897545748,41.97964693702612,,4.411142817548679,
all_rows,diet_name,FULL,False,Dummy_SpeciesMean,Quinoa50,Tenebrio,main,Quinoa50,quinoa,50,2,46.509235603005465,41.97964693702612,,4.529588665979347,
all_rows,diet_name,FULL,False,Dummy_SpeciesMean,Quinoa50,Tenebrio,main,Quinoa50,quinoa,50,3,47.25724338022376,41.97964693702612,,5.277596443197645,
all_rows,diet_name,FULL,False,GP_Compuesto_NoARD,Quinoa50,Hermetia,main,Quinoa50,quinoa,50,1,30.811944171324868,34.72723156939545,2.585273817731468,3.915287398070582,True
all_rows,diet_name,FULL,False,GP_Compuesto_NoARD,Quinoa50,Hermetia,main,Quinoa50,quinoa,50,2,28.23608632105669,34.72723156939545,2.585273817731468,6.491145248338761,False
all_rows,diet_name,FULL,False,GP_Compuesto_NoARD,Quinoa50,Hermetia,main,Quinoa50,quinoa,50,3,30.441941426236617,34.72723156939545,2.585273817731468,4.285290143158832,True
all_rows,diet_name,FULL,False,GP_Compuesto_NoARD,Quinoa50,Tenebrio,main,Quinoa50,quinoa,50,1,46.3907897545748,45.170709796214155,3.094194473436357,1.2200799583606425,True
all_rows,diet_name,FULL,False,GP_Compuesto_NoARD,Quinoa50,Tenebrio,main,Quinoa50,quinoa,50,2,46.509235603005465,45.17070979621416,3.094194473436357,1.3385258067913028,True
all_rows,diet_name,FULL,False,GP_Compuesto_NoARD,Quinoa50,Tenebrio,main,Quinoa50,quinoa,50,3,47.25724338022376,45.17070979621416,3.094194473436357,2.086533584009601,True
all_rows,diet_name,FULL,True,Dummy_GlobalMean,Control,Hermetia,main,Control,control,0,1,32.29822786111878,37.27513215705253,,4.97690429593375,
all_rows,diet_name,FULL,True,Dummy_GlobalMean,Control,Hermetia,main,Control,control,0,2,31.9882734211747,37.27513215705253,,5.286858735877832,
all_rows,diet_name,FULL,True,Dummy_GlobalMean,Control,Hermetia,main,Control,control,0,3,31.52201662343253,37.27513215705253,,5.753115533620001,
all_rows,diet_name,FULL,True,Dummy_GlobalMean,Control,Tenebrio,main,Control,control,0,1,42.724277530166994,37.27513215705253,,5.449145373114462,
all_rows,diet_name,FULL,True,Dummy_GlobalMean,Control,Tenebrio,main,Control,control,0,2,43.79839302328586,37.27513215705253,,6.523260866233329,
all_rows,diet_name,FULL,True,Dummy_GlobalMean,Control,Tenebrio,main,Control,control,0,3,43.331882423179295,37.27513215705253,,6.0567502661267625,
all_rows,diet_name,FULL,True,Dummy_SpeciesMean,Control,Hermetia,main,Control,control,0,1,32.29822786111878,28.620398853726808,,3.677829007391974,
all_rows,diet_name,FULL,True,Dummy_SpeciesMean,Control,Hermetia,main,Control,control,0,2,31.9882734211747,28.620398853726808,,3.367874567447892,
all_rows,diet_name,FULL,True,Dummy_SpeciesMean,Control,Hermetia,main,Control,control,0,3,31.52201662343253,28.620398853726808,,2.901617769705723,
all_rows,diet_name,FULL,True,Dummy_SpeciesMean,Control,Tenebrio,main,Control,control,0,1,42.724277530166994,42.17403780044445,,0.5502397297225414,
all_rows,diet_name,FULL,True,Dummy_SpeciesMean,Control,Tenebrio,main,Control,control,0,2,43.79839302328586,42.17403780044445,,1.6243552228414089,
all_rows,diet_name,FULL,True,Dummy_SpeciesMean,Control,Tenebrio,main,Control,control,0,3,43.331882423179295,42.17403780044445,,1.1578446227348422,
all_rows,diet_name,FULL,True,GP_Compuesto_NoARD,Control,Hermetia,main,Control,control,0,1,32.29822786111878,27.80765384471831,4.555273130257665,4.490574016400473,True
all_rows,diet_name,FULL,True,GP_Compuesto_NoARD,Control,Hermetia,main,Control,control,0,2,31.9882734211747,27.80765384471831,4.555273130257665,4.18061957645639,True
all_rows,diet_name,FULL,True,GP_Compuesto_NoARD,Control,Hermetia,main,Control,control,0,3,31.52201662343253,27.80765384471831,4.555273130257665,3.7143627787142215,True
all_rows,diet_name,FULL,True,GP_Compuesto_NoARD,Control,Tenebrio,main,Control,control,0,1,42.724277530166994,46.32982572394997,4.546411390780007,3.6055481937829796,True
all_rows,diet_name,FULL,True,GP_Compuesto_NoARD,Control,Tenebrio,main,Control,control,0,2,43.79839302328586,46.32982572394997,4.546411390780007,2.531432700664112,True
all_rows,diet_name,FULL,True,GP_Compuesto_NoARD,Control,Tenebrio,main,Control,control,0,3,43.331882423179295,46.32982572394997,4.546411390780007,2.997943300770679,True
all_rows,diet_name,FULL,True,Dummy_GlobalMean,Control Agar,Tenebrio,water_control,Control Agar,control,0,1,36.031,37.33363999904324,,1.3026399990432438,
all_rows,diet_name,FULL,True,Dummy_GlobalMean,Control Agar,Tenebrio,water_control,Control Agar,control,0,2,36.036,37.33363999904324,,1.2976399990432412,
all_rows,diet_name,FULL,True,Dummy_GlobalMean,Control Agar,Tenebrio,water_control,Control Agar,control,0,3,36.739,37.33363999904324,,0.5946399990432454,
all_rows,diet_name,FULL,True,Dummy_SpeciesMean,Control Agar,Tenebrio,water_control,Control Agar,control,0,1,36.031,42.571180309437516,,6.540180309437517,
all_rows,diet_name,FULL,True,Dummy_SpeciesMean,Control Agar,Tenebrio,water_control,Control Agar,control,0,2,36.036,42.571180309437516,,6.535180309437514,
all_rows,diet_name,FULL,True,Dummy_SpeciesMean,Control Agar,Tenebrio,water_control,Control Agar,control,0,3,36.739,42.571180309437516,,5.832180309437518,
all_rows,diet_name,FULL,True,GP_Compuesto_NoARD,Control Agar,Tenebrio,water_control,Control Agar,control,0,1,36.031,40.82387289220505,2.6550578896397634,4.792872892205054,True
all_rows,diet_name,FULL,True,GP_Compuesto_NoARD,Control Agar,Tenebrio,water_control,Control Agar,control,0,2,36.036,40.82387289220505,2.6550578896397634,4.787872892205051,True
all_rows,diet_name,FULL,True,GP_Compuesto_NoARD,Control Agar,Tenebrio,water_control,Control Agar,control,0,3,36.739,40.82387289220506,2.6550578896397634,4.0848728922050626,True
all_rows,diet_name,FULL,True,Dummy_GlobalMean,Control Humedad superf,Tenebrio,water_control,Control Humedad superf,control,0,1,39.017,37.23179116183394,,1.7852088381660636,
all_rows,diet_name,FULL,True,Dummy_GlobalMean,Control Humedad superf,Tenebrio,water_control,Control Humedad superf,control,0,2,38.168,37.23179116183394,,0.9362088381660598,
all_rows,diet_name,FULL,True,Dummy_GlobalMean,Control Humedad superf,Tenebrio,water_control,Control Humedad superf,control,0,3,40.38,37.23179116183394,,3.148208838166063,
all_rows,diet_name,FULL,True,Dummy_SpeciesMean,Control Humedad superf,Tenebrio,water_control,Control Humedad superf,control,0,1,39.017,42.40591615849412,,3.388916158494119,
all_rows,diet_name,FULL,True,Dummy_SpeciesMean,Control Humedad superf,Tenebrio,water_control,Control Humedad superf,control,0,2,38.168,42.40591615849412,,4.237916158494123,
all_rows,diet_name,FULL,True,Dummy_SpeciesMean,Control Humedad superf,Tenebrio,water_control,Control Humedad superf,control,0,3,40.38,42.40591615849412,,2.0259161584941197,
all_rows,diet_name,FULL,True,GP_Compuesto_NoARD,Control Humedad superf,Tenebrio,water_control,Control Humedad superf,control,0,1,39.017,39.74372797868722,2.6540753131293258,0.7267279786872152,True
all_rows,diet_name,FULL,True,GP_Compuesto_NoARD,Control Humedad superf,Tenebrio,water_control,Control Humedad superf,control,0,2,38.168,39.74372797868722,2.6540753131293258,1.575727978687219,True
all_rows,diet_name,FULL,True,GP_Compuesto_NoARD,Control Humedad superf,Tenebrio,water_control,Control Humedad superf,control,0,3,40.38,39.74372797868722,2.654075313129323,0.6362720213127844,True
all_rows,diet_name,FULL,True,Dummy_GlobalMean,Control Seco,Tenebrio,water_control,Control Seco,control,0,1,41.955,37.13239581299673,,4.822604187003272,
all_rows,diet_name,FULL,True,Dummy_GlobalMean,Control Seco,Tenebrio,water_control,Control Seco,control,0,2,41.63,37.13239581299673,,4.497604187003276,
all_rows,diet_name,FULL,True,Dummy_GlobalMean,Control Seco,Tenebrio,water_control,Control Seco,control,0,3,42.528,37.13239581299673,,5.395604187003272,
all_rows,diet_name,FULL,True,Dummy_SpeciesMean,Control Seco,Tenebrio,water_control,Control Seco,control,0,1,41.955,42.244633139626195,,0.2896331396261971,
all_rows,diet_name,FULL,True,Dummy_SpeciesMean,Control Seco,Tenebrio,water_control,Control Seco,control,0,2,41.63,42.244633139626195,,0.6146331396261928,
all_rows,diet_name,FULL,True,Dummy_SpeciesMean,Control Seco,Tenebrio,water_control,Control Seco,control,0,3,42.528,42.244633139626195,,0.2833668603738033,
all_rows,diet_name,FULL,True,GP_Compuesto_NoARD,Control Seco,Tenebrio,water_control,Control Seco,control,0,1,41.955,38.68035296400902,2.646759532366428,3.2746470359909807,True
all_rows,diet_name,FULL,True,GP_Compuesto_NoARD,Control Seco,Tenebrio,water_control,Control Seco,control,0,2,41.63,38.68035296400902,2.646759532366428,2.949647035990985,True
all_rows,diet_name,FULL,True,GP_Compuesto_NoARD,Control Seco,Tenebrio,water_control,Control Seco,control,0,3,42.528,38.68035296400902,2.6467595323664215,3.847647035990981,True
all_rows,diet_name,FULL,True,Dummy_GlobalMean,Hoja15,Hermetia,main,Hoja15,hoja,15,1,32.439876828877715,37.20581747662289,,4.765940647745175,
all_rows,diet_name,FULL,True,Dummy_GlobalMean,Hoja15,Hermetia,main,Hoja15,hoja,15,2,31.861332823005377,37.20581747662289,,5.3444846536175135,
all_rows,diet_name,FULL,True,Dummy_GlobalMean,Hoja15,Hermetia,main,Hoja15,hoja,15,3,29.950143361921626,37.20581747662289,,7.255674114701264,
all_rows,diet_name,FULL,True,Dummy_GlobalMean,Hoja15,Tenebrio,main,Hoja15,hoja,15,1,44.59966850546592,37.20581747662289,,7.393851028843031,
all_rows,diet_name,FULL,True,Dummy_GlobalMean,Hoja15,Tenebrio,main,Hoja15,hoja,15,2,48.58207253144869,37.20581747662289,,11.376255054825798,
all_rows,diet_name,FULL,True,Dummy_GlobalMean,Hoja15,Tenebrio,main,Hoja15,hoja,15,3,43.98309530729985,37.20581747662289,,6.777277830676958,
all_rows,diet_name,FULL,True,Dummy_SpeciesMean,Hoja15,Hermetia,main,Hoja15,hoja,15,1,32.439876828877715,28.672304350124186,,3.7675724787535287,
all_rows,diet_name,FULL,True,Dummy_SpeciesMean,Hoja15,Hermetia,main,Hoja15,hoja,15,2,31.861332823005377,28.672304350124186,,3.1890284728811906,
all_rows,diet_name,FULL,True,Dummy_SpeciesMean,Hoja15,Hermetia,main,Hoja15,hoja,15,3,29.950143361921626,28.672304350124186,,1.2778390117974396,
all_rows,diet_name,FULL,True,Dummy_SpeciesMean,Hoja15,Tenebrio,main,Hoja15,hoja,15,1,44.59966850546592,42.03610792558442,,2.5635605798815035,
all_rows,diet_name,FULL,True,Dummy_SpeciesMean,Hoja15,Tenebrio,main,Hoja15,hoja,15,2,48.58207253144869,42.03610792558442,,6.54596460586427,
all_rows,diet_name,FULL,True,Dummy_SpeciesMean,Hoja15,Tenebrio,main,Hoja15,hoja,15,3,43.98309530729985,42.03610792558442,,1.9469873817154308,
all_rows,diet_name,FULL,True,GP_Compuesto_NoARD,Hoja15,Hermetia,main,Hoja15,hoja,15,1,32.439876828877715,27.348490073369316,3.243946199601385,5.091386755508399,True
all_rows,diet_name,FULL,True,GP_Compuesto_NoARD,Hoja15,Hermetia,main,Hoja15,hoja,15,2,31.861332823005377,27.348490073369316,3.243946199601385,4.512842749636061,True
all_rows,diet_name,FULL,True,GP_Compuesto_NoARD,Hoja15,Hermetia,main,Hoja15,hoja,15,3,29.950143361921626,27.348490073369316,3.243946199601385,2.60165328855231,True
all_rows,diet_name,FULL,True,GP_Compuesto_NoARD,Hoja15,Tenebrio,main,Hoja15,hoja,15,1,44.59966850546592,43.47079557057211,2.8654320109739717,1.1288729348938134,True
all_rows,diet_name,FULL,True,GP_Compuesto_NoARD,Hoja15,Tenebrio,main,Hoja15,hoja,15,2,48.58207253144869,43.47079557057211,2.8654320109739717,5.11127696087658,True
all_rows,diet_name,FULL,True,GP_Compuesto_NoARD,Hoja15,Tenebrio,main,Hoja15,hoja,15,3,43.98309530729985,43.47079557057211,2.8654320109739717,0.5122997367277407,True
all_rows,diet_name,FULL,True,Dummy_GlobalMean,Hoja30,Hermetia,main,Hoja30,hoja,30,1,24.518904936914268,37.5282591842156,,13.009354247301331,
all_rows,diet_name,FULL,True,Dummy_GlobalMean,Hoja30,Hermetia,main,Hoja30,hoja,30,2,23.472591934148408,37.5282591842156,,14.055667250067192,
all_rows,diet_name,FULL,True,Dummy_GlobalMean,Hoja30,Hermetia,main,Hoja30,hoja,30,3,25.260478611312173,37.5282591842156,,12.267780572903426,
all_rows,diet_name,FULL,True,Dummy_GlobalMean,Hoja30,Tenebrio,main,Hoja30,hoja,30,1,43.64443148041813,37.5282591842156,,6.116172296202528,
all_rows,diet_name,FULL,True,Dummy_GlobalMean,Hoja30,Tenebrio,main,Hoja30,hoja,30,2,45.32322480412907,37.5282591842156,,7.794965619913469,
all_rows,diet_name,FULL,True,Dummy_GlobalMean,Hoja30,Tenebrio,main,Hoja30,hoja,30,3,42.43389586090185,37.5282591842156,,4.90563667668625,
all_rows,diet_name,FULL,True,Dummy_SpeciesMean,Hoja30,Hermetia,main,Hoja30,hoja,30,1,24.518904936914268,29.372283601171848,,4.85337866425758,
all_rows,diet_name,FULL,True,Dummy_SpeciesMean,Hoja30,Hermetia,main,Hoja30,hoja,30,2,23.472591934148408,29.372283601171848,,5.89969166702344,
all_rows,diet_name,FULL,True,Dummy_SpeciesMean,Hoja30,Hermetia,main,Hoja30,hoja,30,3,25.260478611312173,29.372283601171848,,4.1118049898596745,
all_rows,diet_name,FULL,True,Dummy_SpeciesMean,Hoja30,Tenebrio,main,Hoja30,hoja,30,1,43.64443148041813,42.144849136881874,,1.4995823435362539,
all_rows,diet_name,FULL,True,Dummy_SpeciesMean,Hoja30,Tenebrio,main,Hoja30,hoja,30,2,45.32322480412907,42.144849136881874,,3.1783756672471952,
all_rows,diet_name,FULL,True,Dummy_SpeciesMean,Hoja30,Tenebrio,main,Hoja30,hoja,30,3,42.43389586090185,42.144849136881874,,0.28904672401997544,
all_rows,diet_name,FULL,True,GP_Compuesto_NoARD,Hoja30,Hermetia,main,Hoja30,hoja,30,1,24.518904936914268,29.081856226505664,2.158838346153261,4.562951289591396,False
all_rows,diet_name,FULL,True,GP_Compuesto_NoARD,Hoja30,Hermetia,main,Hoja30,hoja,30,2,23.472591934148408,29.081856226505664,2.158838346153261,5.609264292357256,False
all_rows,diet_name,FULL,True,GP_Compuesto_NoARD,Hoja30,Hermetia,main,Hoja30,hoja,30,3,25.260478611312173,29.081856226505664,2.158838346153261,3.821377615193491,True
all_rows,diet_name,FULL,True,GP_Compuesto_NoARD,Hoja30,Tenebrio,main,Hoja30,hoja,30,1,43.64443148041813,43.576679509995756,2.1857761469543866,0.06775197042237124,True
all_rows,diet_name,FULL,True,GP_Compuesto_NoARD,Hoja30,Tenebrio,main,Hoja30,hoja,30,2,45.32322480412907,43.576679509995756,2.1857761469543866,1.7465452941333126,True
all_rows,diet_name,FULL,True,GP_Compuesto_NoARD,Hoja30,Tenebrio,main,Hoja30,hoja,30,3,42.43389586090185,43.576679509995756,2.1857761469543866,1.1427836490939072,True
all_rows,diet_name,FULL,True,Dummy_GlobalMean,Hoja50,Hermetia,main,Hoja50,hoja,50,1,22.677020960046544,37.57322046030813,,14.896199500261584,
all_rows,diet_name,FULL,True,Dummy_GlobalMean,Hoja50,Hermetia,main,Hoja50,hoja,50,2,23.384593109734844,37.57322046030813,,14.188627350573285,
all_rows,diet_name,FULL,True,Dummy_GlobalMean,Hoja50,Hermetia,main,Hoja50,hoja,50,3,24.04987521687871,37.57322046030813,,13.523345243429418,
all_rows,diet_name,FULL,True,Dummy_GlobalMean,Hoja50,Tenebrio,main,Hoja50,hoja,50,1,43.13594119232716,37.57322046030813,,5.562720732019031,
all_rows,diet_name,FULL,True,Dummy_GlobalMean,Hoja50,Tenebrio,main,Hoja50,hoja,50,2,44.6843260049324,37.57322046030813,,7.111105544624273,
all_rows,diet_name,FULL,True,Dummy_GlobalMean,Hoja50,Tenebrio,main,Hoja50,hoja,50,3,42.989985228223965,37.57322046030813,,5.416764767915836,
all_rows,diet_name,FULL,True,Dummy_SpeciesMean,Hoja50,Hermetia,main,Hoja50,hoja,50,1,22.677020960046544,29.47696647436234,,6.7999455143157945,
all_rows,diet_name,FULL,True,Dummy_SpeciesMean,Hoja50,Hermetia,main,Hoja50,hoja,50,2,23.384593109734844,29.47696647436234,,6.092373364627495,
all_rows,diet_name,FULL,True,Dummy_SpeciesMean,Hoja50,Hermetia,main,Hoja50,hoja,50,3,24.04987521687871,29.47696647436234,,5.427091257483628,
all_rows,diet_name,FULL,True,Dummy_SpeciesMean,Hoja50,Tenebrio,main,Hoja50,hoja,50,1,43.13594119232716,42.15600573537179,,0.9799354569553671,
all_rows,diet_name,FULL,True,Dummy_SpeciesMean,Hoja50,Tenebrio,main,Hoja50,hoja,50,2,44.6843260049324,42.15600573537179,,2.5283202695606093,
all_rows,diet_name,FULL,True,Dummy_SpeciesMean,Hoja50,Tenebrio,main,Hoja50,hoja,50,3,42.989985228223965,42.15600573537179,,0.8339794928521727,
all_rows,diet_name,FULL,True,GP_Compuesto_NoARD,Hoja50,Hermetia,main,Hoja50,hoja,50,1,22.677020960046544,26.900877825283793,4.410090028833669,4.223856865237249,True
all_rows,diet_name,FULL,True,GP_Compuesto_NoARD,Hoja50,Hermetia,main,Hoja50,hoja,50,2,23.384593109734844,26.900877825283793,4.410090028833669,3.5162847155489487,True
all_rows,diet_name,FULL,True,GP_Compuesto_NoARD,Hoja50,Hermetia,main,Hoja50,hoja,50,3,24.04987521687871,26.900877825283793,4.410090028833669,2.851002608405082,True
all_rows,diet_name,FULL,True,GP_Compuesto_NoARD,Hoja50,Tenebrio,main,Hoja50,hoja,50,1,43.13594119232716,40.410838656075164,4.200172440954772,2.7251025362519954,True
all_rows,diet_name,FULL,True,GP_Compuesto_NoARD,Hoja50,Tenebrio,main,Hoja50,hoja,50,2,44.6843260049324,40.410838656075164,4.200172440954772,4.273487348857238,True
all_rows,diet_name,FULL,True,GP_Compuesto_NoARD,Hoja50,Tenebrio,main,Hoja50,hoja,50,3,42.989985228223965,40.410838656075164,4.200172440954772,2.579146572148801,True
all_rows,diet_name,FULL,True,Dummy_GlobalMean,Orujillo15,Tenebrio,coffee_orujillo,Orujillo15,orujillo,15,1,35.057,37.36263999904324,,2.305639999043237,
all_rows,diet_name,FULL,True,Dummy_GlobalMean,Orujillo15,Tenebrio,coffee_orujillo,Orujillo15,orujillo,15,2,35.084,37.36263999904324,,2.2786399990432358,
all_rows,diet_name,FULL,True,Dummy_GlobalMean,Orujillo15,Tenebrio,coffee_orujillo,Orujillo15,orujillo,15,3,36.171,37.36263999904324,,1.1916399990432396,
all_rows,diet_name,FULL,True,Dummy_SpeciesMean,Orujillo15,Tenebrio,coffee_orujillo,Orujillo15,orujillo,15,1,35.057,42.6182369132111,,7.561236913211097,
all_rows,diet_name,FULL,True,Dummy_SpeciesMean,Orujillo15,Tenebrio,coffee_orujillo,Orujillo15,orujillo,15,2,35.084,42.6182369132111,,7.534236913211096,
all_rows,diet_name,FULL,True,Dummy_SpeciesMean,Orujillo15,Tenebrio,coffee_orujillo,Orujillo15,orujillo,15,3,36.171,42.6182369132111,,6.4472369132111,
all_rows,diet_name,FULL,True,GP_Compuesto_NoARD,Orujillo15,Tenebrio,coffee_orujillo,Orujillo15,orujillo,15,1,35.057,34.76357940230439,3.2368996259637357,0.293420597695615,True
all_rows,diet_name,FULL,True,GP_Compuesto_NoARD,Orujillo15,Tenebrio,coffee_orujillo,Orujillo15,orujillo,15,2,35.084,34.76357940230439,3.2368996259637357,0.32042059769561604,True
all_rows,diet_name,FULL,True,GP_Compuesto_NoARD,Orujillo15,Tenebrio,coffee_orujillo,Orujillo15,orujillo,15,3,36.171,34.76357940230439,3.2368996259637335,1.4074205976956122,True
all_rows,diet_name,FULL,True,Dummy_GlobalMean,Orujillo30,Tenebrio,coffee_orujillo,Orujillo30,orujillo,30,1,33.932,37.44052371997347,,3.508523719973468,
all_rows,diet_name,FULL,True,Dummy_GlobalMean,Orujillo30,Tenebrio,coffee_orujillo,Orujillo30,orujillo,30,2,33.19,37.44052371997347,,4.250523719973472,
all_rows,diet_name,FULL,True,Dummy_GlobalMean,Orujillo30,Tenebrio,coffee_orujillo,Orujillo30,orujillo,30,3,32.492,37.44052371997347,,4.948523719973473,
all_rows,diet_name,FULL,True,Dummy_SpeciesMean,Orujillo30,Tenebrio,coffee_orujillo,Orujillo30,orujillo,30,1,33.932,42.74461427170167,,8.812614271701669,
all_rows,diet_name,FULL,True,Dummy_SpeciesMean,Orujillo30,Tenebrio,coffee_orujillo,Orujillo30,orujillo,30,2,33.19,42.74461427170167,,9.554614271701674,
all_rows,diet_name,FULL,True,Dummy_SpeciesMean,Orujillo30,Tenebrio,coffee_orujillo,Orujillo30,orujillo,30,3,32.492,42.74461427170167,,10.252614271701674,
all_rows,diet_name,FULL,True,GP_Compuesto_NoARD,Orujillo30,Tenebrio,coffee_orujillo,Orujillo30,orujillo,30,1,33.932,35.615416845572234,2.8558240864581803,1.683416845572232,True
all_rows,diet_name,FULL,True,GP_Compuesto_NoARD,Orujillo30,Tenebrio,coffee_orujillo,Orujillo30,orujillo,30,2,33.19,35.615416845572234,2.8558240864581803,2.4254168455722365,True
all_rows,diet_name,FULL,True,GP_Compuesto_NoARD,Orujillo30,Tenebrio,coffee_orujillo,Orujillo30,orujillo,30,3,32.492,35.61541684557223,2.855824086458178,3.1234168455722298,True
all_rows,diet_name,FULL,True,Dummy_GlobalMean,Orujillo50,Tenebrio,coffee_orujillo,Orujillo50,orujillo,50,1,32.866,37.46398883625254,,4.59798883625254,
all_rows,diet_name,FULL,True,Dummy_GlobalMean,Orujillo50,Tenebrio,coffee_orujillo,Orujillo50,orujillo,50,2,32.238,37.46398883625254,,5.22598883625254,
all_rows,diet_name,FULL,True,Dummy_GlobalMean,Orujillo50,Tenebrio,coffee_orujillo,Orujillo50,orujillo,50,3,32.492,37.46398883625254,,4.971988836252542,
all_rows,diet_name,FULL,True,Dummy_SpeciesMean,Orujillo50,Tenebrio,coffee_orujillo,Orujillo50,orujillo,50,1,32.866,42.782689743399786,,9.916689743399786,
all_rows,diet_name,FULL,True,Dummy_SpeciesMean,Orujillo50,Tenebrio,coffee_orujillo,Orujillo50,orujillo,50,2,32.238,42.782689743399786,,10.544689743399786,
all_rows,diet_name,FULL,True,Dummy_SpeciesMean,Orujillo50,Tenebrio,coffee_orujillo,Orujillo50,orujillo,50,3,32.492,42.782689743399786,,10.290689743399788,
all_rows,diet_name,FULL,True,GP_Compuesto_NoARD,Orujillo50,Tenebrio,coffee_orujillo,Orujillo50,orujillo,50,1,32.866,35.82357114620409,3.727175987445463,2.9575711462040886,True
all_rows,diet_name,FULL,True,GP_Compuesto_NoARD,Orujillo50,Tenebrio,coffee_orujillo,Orujillo50,orujillo,50,2,32.238,35.82357114620409,3.727175987445463,3.5855711462040887,True
all_rows,diet_name,FULL,True,GP_Compuesto_NoARD,Orujillo50,Tenebrio,coffee_orujillo,Orujillo50,orujillo,50,3,32.492,35.82357114620408,3.727175987445462,3.331571146204084,True
all_rows,diet_name,FULL,True,Dummy_GlobalMean,Orujo30,Hermetia,main,Orujo30,orujo,30,1,31.314123313447407,37.21679972433454,,5.9026764108871355,
all_rows,diet_name,FULL,True,Dummy_GlobalMean,Orujo30,Hermetia,main,Orujo30,orujo,30,2,28.651274165528747,37.21679972433454,,8.565525558805795,
all_rows,diet_name,FULL,True,Dummy_GlobalMean,Orujo30,Hermetia,main,Orujo30,orujo,30,3,31.00039680343508,37.21679972433454,,6.216402920899462,
all_rows,diet_name,FULL,True,Dummy_GlobalMean,Orujo30,Tenebrio,main,Orujo30,orujo,30,1,44.05632136428663,37.21679972433454,,6.839521639952089,
all_rows,diet_name,FULL,True,Dummy_GlobalMean,Orujo30,Tenebrio,main,Orujo30,orujo,30,2,47.979408918219136,37.21679972433454,,10.762609193884593,
all_rows,diet_name,FULL,True,Dummy_GlobalMean,Orujo30,Tenebrio,main,Orujo30,orujo,30,3,47.50313823303477,37.21679972433454,,10.286338508700226,
all_rows,diet_name,FULL,True,Dummy_SpeciesMean,Orujo30,Hermetia,main,Orujo30,orujo,30,1,31.314123313447407,28.78182297450397,,2.532300338943436,
all_rows,diet_name,FULL,True,Dummy_SpeciesMean,Orujo30,Hermetia,main,Orujo30,orujo,30,2,28.651274165528747,28.78182297450397,,0.1305488089752238,
all_rows,diet_name,FULL,True,Dummy_SpeciesMean,Orujo30,Hermetia,main,Orujo30,orujo,30,3,31.00039680343508,28.78182297450397,,2.2185738289311097,
all_rows,diet_name,FULL,True,Dummy_SpeciesMean,Orujo30,Tenebrio,main,Orujo30,orujo,30,1,44.05632136428663,41.99131486574807,,2.0650064985385583,
all_rows,diet_name,FULL,True,Dummy_SpeciesMean,Orujo30,Tenebrio,main,Orujo30,orujo,30,2,47.979408918219136,41.99131486574807,,5.988094052471062,
all_rows,diet_name,FULL,True,Dummy_SpeciesMean,Orujo30,Tenebrio,main,Orujo30,orujo,30,3,47.50313823303477,41.99131486574807,,5.511823367286695,
all_rows,diet_name,FULL,True,GP_Compuesto_NoARD,Orujo30,Hermetia,main,Orujo30,orujo,30,1,31.314123313447407,30.989487373678394,2.720509509731852,0.3246359397690135,True
all_rows,diet_name,FULL,True,GP_Compuesto_NoARD,Orujo30,Hermetia,main,Orujo30,orujo,30,2,28.651274165528747,30.989487373678394,2.720509509731852,2.3382132081496465,True
all_rows,diet_name,FULL,True,GP_Compuesto_NoARD,Orujo30,Hermetia,main,Orujo30,orujo,30,3,31.00039680343508,30.989487373678394,2.720509509731852,0.010909429756686961,True
all_rows,diet_name,FULL,True,GP_Compuesto_NoARD,Orujo30,Tenebrio,main,Orujo30,orujo,30,1,44.05632136428663,45.89988376366634,2.494705380864773,1.8435623993797066,True
all_rows,diet_name,FULL,True,GP_Compuesto_NoARD,Orujo30,Tenebrio,main,Orujo30,orujo,30,2,47.979408918219136,45.89988376366634,2.494705380864773,2.0795251545527975,True
all_rows,diet_name,FULL,True,GP_Compuesto_NoARD,Orujo30,Tenebrio,main,Orujo30,orujo,30,3,47.50313823303477,45.89988376366634,2.494705380864773,1.60325446936843,True
all_rows,diet_name,FULL,True,Dummy_GlobalMean,Orujo50,Hermetia,main,Orujo50,orujo,50,1,32.02004533085088,37.12887085599599,,5.1088255251451145,
all_rows,diet_name,FULL,True,Dummy_GlobalMean,Orujo50,Hermetia,main,Orujo50,orujo,50,2,33.161725303735146,37.12887085599599,,3.9671455522608454,
all_rows,diet_name,FULL,True,Dummy_GlobalMean,Orujo50,Hermetia,main,Orujo50,orujo,50,3,31.260408162746693,37.12887085599599,,5.868462693249299,
all_rows,diet_name,FULL,True,Dummy_GlobalMean,Orujo50,Tenebrio,main,Orujo50,orujo,50,1,46.60615150745108,37.12887085599599,,9.47728065145509,
all_rows,diet_name,FULL,True,Dummy_GlobalMean,Orujo50,Tenebrio,main,Orujo50,orujo,50,2,47.61168446896416,37.12887085599599,,10.482813612968165,
all_rows,diet_name,FULL,True,Dummy_GlobalMean,Orujo50,Tenebrio,main,Orujo50,orujo,50,3,47.14274409630263,37.12887085599599,,10.013873240306637,
all_rows,diet_name,FULL,True,Dummy_SpeciesMean,Orujo50,Hermetia,main,Orujo50,orujo,50,1,32.02004533085088,28.599276824006587,,3.42076850684429,
all_rows,diet_name,FULL,True,Dummy_SpeciesMean,Orujo50,Hermetia,main,Orujo50,orujo,50,2,33.161725303735146,28.599276824006587,,4.562448479728559,
all_rows,diet_name,FULL,True,Dummy_SpeciesMean,Orujo50,Hermetia,main,Orujo50,orujo,50,3,31.260408162746693,28.599276824006587,,2.6611313387401054,
all_rows,diet_name,FULL,True,Dummy_SpeciesMean,Orujo50,Tenebrio,main,Orujo50,orujo,50,1,46.60615150745108,41.95694294957491,,4.649208557876172,
all_rows,diet_name,FULL,True,Dummy_SpeciesMean,Orujo50,Tenebrio,main,Orujo50,orujo,50,2,47.61168446896416,41.95694294957491,,5.654741519389248,
all_rows,diet_name,FULL,True,Dummy_SpeciesMean,Orujo50,Tenebrio,main,Orujo50,orujo,50,3,47.14274409630263,41.95694294957491,,5.185801146727719,
all_rows,diet_name,FULL,True,GP_Compuesto_NoARD,Orujo50,Hermetia,main,Orujo50,orujo,50,1,32.02004533085088,29.794203334512286,2.089349802381934,2.225841996338591,True
all_rows,diet_name,FULL,True,GP_Compuesto_NoARD,Orujo50,Hermetia,main,Orujo50,orujo,50,2,33.161725303735146,29.794203334512286,2.089349802381934,3.36752196922286,True
all_rows,diet_name,FULL,True,GP_Compuesto_NoARD,Orujo50,Hermetia,main,Orujo50,orujo,50,3,31.260408162746693,29.794203334512286,2.089349802381934,1.4662048282344067,True
all_rows,diet_name,FULL,True,GP_Compuesto_NoARD,Orujo50,Tenebrio,main,Orujo50,orujo,50,1,46.60615150745108,42.17872090195885,2.072888711236797,4.427430605492233,False
all_rows,diet_name,FULL,True,GP_Compuesto_NoARD,Orujo50,Tenebrio,main,Orujo50,orujo,50,2,47.61168446896416,42.17872090195885,2.072888711236797,5.432963567005309,False
all_rows,diet_name,FULL,True,GP_Compuesto_NoARD,Orujo50,Tenebrio,main,Orujo50,orujo,50,3,47.14274409630263,42.17872090195885,2.072888711236797,4.964023194343781,False
all_rows,diet_name,FULL,True,Dummy_GlobalMean,Orujo70,Hermetia,main,Orujo70,orujo,70,1,28.145262440510347,37.46000792692828,,9.31474548641793,
all_rows,diet_name,FULL,True,Dummy_GlobalMean,Orujo70,Hermetia,main,Orujo70,orujo,70,2,27.19851217684783,37.46000792692828,,10.261495750080446,
all_rows,diet_name,FULL,True,Dummy_GlobalMean,Orujo70,Hermetia,main,Orujo70,orujo,70,3,26.86141384370052,37.46000792692828,,10.598594083227756,
all_rows,diet_name,FULL,True,Dummy_GlobalMean,Orujo70,Tenebrio,main,Orujo70,orujo,70,1,42.989125105205865,37.46000792692828,,5.529117178277588,
all_rows,diet_name,FULL,True,Dummy_GlobalMean,Orujo70,Tenebrio,main,Orujo70,orujo,70,2,42.37318058656684,37.46000792692828,,4.913172659638562,
all_rows,diet_name,FULL,True,Dummy_GlobalMean,Orujo70,Tenebrio,main,Orujo70,orujo,70,3,42.75088782983994,37.46000792692828,,5.290879902911662,
all_rows,diet_name,FULL,True,Dummy_SpeciesMean,Orujo70,Hermetia,main,Orujo70,orujo,70,1,28.145262440510347,29.073843168549054,,0.9285807280387068,
all_rows,diet_name,FULL,True,Dummy_SpeciesMean,Orujo70,Hermetia,main,Orujo70,orujo,70,2,27.19851217684783,29.073843168549054,,1.8753309917012224,
all_rows,diet_name,FULL,True,Dummy_SpeciesMean,Orujo70,Hermetia,main,Orujo70,orujo,70,3,26.86141384370052,29.073843168549054,,2.2124293248485323,
all_rows,diet_name,FULL,True,Dummy_SpeciesMean,Orujo70,Tenebrio,main,Orujo70,orujo,70,1,42.989125105205865,42.20689363921841,,0.7822314659874579,
all_rows,diet_name,FULL,True,Dummy_SpeciesMean,Orujo70,Tenebrio,main,Orujo70,orujo,70,2,42.37318058656684,42.20689363921841,,0.16628694734843208,
all_rows,diet_name,FULL,True,Dummy_SpeciesMean,Orujo70,Tenebrio,main,Orujo70,orujo,70,3,42.75088782983994,42.20689363921841,,0.5439941906215324,
all_rows,diet_name,FULL,True,GP_Compuesto_NoARD,Orujo70,Hermetia,main,Orujo70,orujo,70,1,28.145262440510347,29.779071958317505,2.157611870742784,1.6338095178071583,True
all_rows,diet_name,FULL,True,GP_Compuesto_NoARD,Orujo70,Hermetia,main,Orujo70,orujo,70,2,27.19851217684783,29.779071958317505,2.157611870742784,2.580559781469674,True
all_rows,diet_name,FULL,True,GP_Compuesto_NoARD,Orujo70,Hermetia,main,Orujo70,orujo,70,3,26.86141384370052,29.779071958317505,2.157611870742784,2.9176581146169838,True
all_rows,diet_name,FULL,True,GP_Compuesto_NoARD,Orujo70,Tenebrio,main,Orujo70,orujo,70,1,42.989125105205865,42.17399284754191,2.1215398037718645,0.8151322576639544,True
all_rows,diet_name,FULL,True,GP_Compuesto_NoARD,Orujo70,Tenebrio,main,Orujo70,orujo,70,2,42.37318058656684,42.17399284754191,2.1215398037718645,0.1991877390249286,True
all_rows,diet_name,FULL,True,GP_Compuesto_NoARD,Orujo70,Tenebrio,main,Orujo70,orujo,70,3,42.75088782983994,42.17399284754191,2.1215398037718645,0.5768949822980289,True
all_rows,diet_name,FULL,True,Dummy_GlobalMean,Orujo90,Hermetia,main,Orujo90,orujo,90,1,27.992592815001228,37.559563144152506,,9.566970329151278,
all_rows,diet_name,FULL,True,Dummy_GlobalMean,Orujo90,Hermetia,main,Orujo90,orujo,90,2,23.674781663935857,37.559563144152506,,13.884781480216649,
all_rows,diet_name,FULL,True,Dummy_GlobalMean,Orujo90,Hermetia,main,Orujo90,orujo,90,3,27.97325781900284,37.559563144152506,,9.586305325149667,
all_rows,diet_name,FULL,True,Dummy_GlobalMean,Orujo90,Tenebrio,main,Orujo90,orujo,90,1,42.63455462687377,37.559563144152506,,5.074991482721266,
all_rows,diet_name,FULL,True,Dummy_GlobalMean,Orujo90,Tenebrio,main,Orujo90,orujo,90,2,39.46090226095632,37.559563144152506,,1.9013391168038112,
all_rows,diet_name,FULL,True,Dummy_GlobalMean,Orujo90,Tenebrio,main,Orujo90,orujo,90,3,40.31920976729068,37.559563144152506,,2.759646623138174,
all_rows,diet_name,FULL,True,Dummy_SpeciesMean,Orujo90,Hermetia,main,Orujo90,orujo,90,1,27.992592815001228,29.159328373986344,,1.166735558985117,
all_rows,diet_name,FULL,True,Dummy_SpeciesMean,Orujo90,Hermetia,main,Orujo90,orujo,90,2,23.674781663935857,29.159328373986344,,5.484546710050488,
all_rows,diet_name,FULL,True,Dummy_SpeciesMean,Orujo90,Hermetia,main,Orujo90,orujo,90,3,27.97325781900284,29.159328373986344,,1.1860705549835053,
all_rows,diet_name,FULL,True,Dummy_SpeciesMean,Orujo90,Tenebrio,main,Orujo90,orujo,90,1,42.63455462687377,42.31441301405788,,0.32014161281589537,
all_rows,diet_name,FULL,True,Dummy_SpeciesMean,Orujo90,Tenebrio,main,Orujo90,orujo,90,2,39.46090226095632,42.31441301405788,,2.8535107531015598,
all_rows,diet_name,FULL,True,Dummy_SpeciesMean,Orujo90,Tenebrio,main,Orujo90,orujo,90,3,40.31920976729068,42.31441301405788,,1.995203246767197,
all_rows,diet_name,FULL,True,GP_Compuesto_NoARD,Orujo90,Hermetia,main,Orujo90,orujo,90,1,27.992592815001228,29.058349377675075,4.026470726116088,1.0657565626738474,True
all_rows,diet_name,FULL,True,GP_Compuesto_NoARD,Orujo90,Hermetia,main,Orujo90,orujo,90,2,23.674781663935857,29.058349377675075,4.026470726116088,5.383567713739218,True
all_rows,diet_name,FULL,True,GP_Compuesto_NoARD,Orujo90,Hermetia,main,Orujo90,orujo,90,3,27.97325781900284,29.058349377675075,4.026470726116088,1.0850915586722358,True
all_rows,diet_name,FULL,True,GP_Compuesto_NoARD,Orujo90,Tenebrio,main,Orujo90,orujo,90,1,42.63455462687377,38.812066676435904,3.915130061608224,3.8224879504378677,True
all_rows,diet_name,FULL,True,GP_Compuesto_NoARD,Orujo90,Tenebrio,main,Orujo90,orujo,90,2,39.46090226095632,38.81206667643591,3.915130061608224,0.6488355845204055,True
all_rows,diet_name,FULL,True,GP_Compuesto_NoARD,Orujo90,Tenebrio,main,Orujo90,orujo,90,3,40.31920976729068,38.81206667643591,3.915130061608224,1.5071430908547683,True
all_rows,diet_name,FULL,True,Dummy_GlobalMean,Posos café horno15,Tenebrio,coffee_orujillo,Posos café horno15,cafe,15,1,39.947,37.18411674322929,,2.7628832567707136,
all_rows,diet_name,FULL,True,Dummy_GlobalMean,Posos café horno15,Tenebrio,coffee_orujillo,Posos café horno15,cafe,15,2,40.029,37.18411674322929,,2.8448832567707143,
all_rows,diet_name,FULL,True,Dummy_GlobalMean,Posos café horno15,Tenebrio,coffee_orujillo,Posos café horno15,cafe,15,3,41.689,37.18411674322929,,4.504883256770711,
all_rows,diet_name,FULL,True,Dummy_SpeciesMean,Posos café horno15,Tenebrio,coffee_orujillo,Posos café horno15,cafe,15,1,39.947,42.32855766792808,,2.381557667928078,
all_rows,diet_name,FULL,True,Dummy_SpeciesMean,Posos café horno15,Tenebrio,coffee_orujillo,Posos café horno15,cafe,15,2,40.029,42.32855766792808,,2.2995576679280774,
all_rows,diet_name,FULL,True,Dummy_SpeciesMean,Posos café horno15,Tenebrio,coffee_orujillo,Posos café horno15,cafe,15,3,41.689,42.32855766792808,,0.6395576679280808,
all_rows,diet_name,FULL,True,GP_Compuesto_NoARD,Posos café horno15,Tenebrio,coffee_orujillo,Posos café horno15,cafe,15,1,39.947,49.09985994653712,4.994924648930134,9.15285994653712,True
all_rows,diet_name,FULL,True,GP_Compuesto_NoARD,Posos café horno15,Tenebrio,coffee_orujillo,Posos café horno15,cafe,15,2,40.029,49.09985994653712,4.994924648930134,9.07085994653712,True
all_rows,diet_name,FULL,True,GP_Compuesto_NoARD,Posos café horno15,Tenebrio,coffee_orujillo,Posos café horno15,cafe,15,3,41.689,49.09985994653712,4.994924648930129,7.410859946537123,True
all_rows,diet_name,FULL,True,Dummy_GlobalMean,Posos café liof15,Tenebrio,coffee_orujillo,Posos café liof15,cafe,15,1,48.241,36.984678619743896,,11.256321380256104,
all_rows,diet_name,FULL,True,Dummy_GlobalMean,Posos café liof15,Tenebrio,coffee_orujillo,Posos café liof15,cafe,15,2,53.591,36.984678619743896,,16.606321380256105,
all_rows,diet_name,FULL,True,Dummy_SpeciesMean,Posos café liof15,Tenebrio,coffee_orujillo,Posos café liof15,cafe,15,1,48.241,41.91197326667015,,6.329026733329847,
all_rows,diet_name,FULL,True,Dummy_SpeciesMean,Posos café liof15,Tenebrio,coffee_orujillo,Posos café liof15,cafe,15,2,53.591,41.91197326667015,,11.679026733329849,
all_rows,diet_name,FULL,True,GP_Compuesto_NoARD,Posos café liof15,Tenebrio,coffee_orujillo,Posos café liof15,cafe,15,1,48.241,40.60671591680118,3.909107706616965,7.634284083198821,True
all_rows,diet_name,FULL,True,GP_Compuesto_NoARD,Posos café liof15,Tenebrio,coffee_orujillo,Posos café liof15,cafe,15,2,53.591,40.60671591680118,3.909107706616965,12.984284083198823,False
all_rows,diet_name,FULL,True,Dummy_GlobalMean,Quinoa15,Hermetia,main,Quinoa15,quinoa,15,1,32.25326659440655,37.134481850524566,,4.881215256118018,
all_rows,diet_name,FULL,True,Dummy_GlobalMean,Quinoa15,Hermetia,main,Quinoa15,quinoa,15,2,30.29567215292689,37.134481850524566,,6.838809697597675,
all_rows,diet_name,FULL,True,Dummy_GlobalMean,Quinoa15,Hermetia,main,Quinoa15,quinoa,15,3,29.75211069561501,37.134481850524566,,7.382371154909556,
all_rows,diet_name,FULL,True,Dummy_GlobalMean,Quinoa15,Tenebrio,main,Quinoa15,quinoa,15,1,46.2406551012102,37.134481850524566,,9.106173250685636,
all_rows,diet_name,FULL,True,Dummy_GlobalMean,Quinoa15,Tenebrio,main,Quinoa15,quinoa,15,2,49.74165607410812,37.134481850524566,,12.607174223583556,
all_rows,diet_name,FULL,True,Dummy_GlobalMean,Quinoa15,Tenebrio,main,Quinoa15,quinoa,15,3,49.0536857059127,37.134481850524566,,11.919203855388133,
all_rows,diet_name,FULL,True,Dummy_SpeciesMean,Quinoa15,Hermetia,main,Quinoa15,quinoa,15,1,32.25326659440655,28.73731446915273,,3.5159521252538184,
all_rows,diet_name,FULL,True,Dummy_SpeciesMean,Quinoa15,Hermetia,main,Quinoa15,quinoa,15,2,30.29567215292689,28.73731446915273,,1.5583576837741617,
all_rows,diet_name,FULL,True,Dummy_SpeciesMean,Quinoa15,Hermetia,main,Quinoa15,quinoa,15,3,29.75211069561501,28.73731446915273,,1.0147962264622805,
all_rows,diet_name,FULL,True,Dummy_SpeciesMean,Quinoa15,Tenebrio,main,Quinoa15,quinoa,15,1,46.2406551012102,41.88759546262183,,4.35305963858837,
all_rows,diet_name,FULL,True,Dummy_SpeciesMean,Quinoa15,Tenebrio,main,Quinoa15,quinoa,15,2,49.74165607410812,41.88759546262183,,7.85406061148629,
all_rows,diet_name,FULL,True,Dummy_SpeciesMean,Quinoa15,Tenebrio,main,Quinoa15,quinoa,15,3,49.0536857059127,41.88759546262183,,7.166090243290867,
all_rows,diet_name,FULL,True,GP_Compuesto_NoARD,Quinoa15,Hermetia,main,Quinoa15,quinoa,15,1,32.25326659440655,31.094982310360052,2.496726058373176,1.1582842840464949,True
all_rows,diet_name,FULL,True,GP_Compuesto_NoARD,Quinoa15,Hermetia,main,Quinoa15,quinoa,15,2,30.29567215292689,31.094982310360052,2.496726058373176,0.7993101574331618,True
all_rows,diet_name,FULL,True,GP_Compuesto_NoARD,Quinoa15,Hermetia,main,Quinoa15,quinoa,15,3,29.75211069561501,31.094982310360052,2.496726058373176,1.342871614745043,True
all_rows,diet_name,FULL,True,GP_Compuesto_NoARD,Quinoa15,Tenebrio,main,Quinoa15,quinoa,15,1,46.2406551012102,45.676316107288656,2.461209476638085,0.5643389939215453,True
all_rows,diet_name,FULL,True,GP_Compuesto_NoARD,Quinoa15,Tenebrio,main,Quinoa15,quinoa,15,2,49.74165607410812,45.676316107288656,2.461209476638085,4.065339966819465,True
all_rows,diet_name,FULL,True,GP_Compuesto_NoARD,Quinoa15,Tenebrio,main,Quinoa15,quinoa,15,3,49.0536857059127,45.676316107288656,2.461209476638085,3.3773695986240426,True
all_rows,diet_name,FULL,True,Dummy_GlobalMean,Quinoa30,Hermetia,main,Quinoa30,quinoa,30,1,30.76039775705413,37.22678215861062,,6.466384401556489,
all_rows,diet_name,FULL,True,Dummy_GlobalMean,Quinoa30,Hermetia,main,Quinoa30,quinoa,30,2,29.22593647982689,37.22678215861062,,8.00084567878373,
all_rows,diet_name,FULL,True,Dummy_GlobalMean,Quinoa30,Hermetia,main,Quinoa30,quinoa,30,3,29.965998391774416,37.22678215861062,,7.260783766836202,
all_rows,diet_name,FULL,True,Dummy_GlobalMean,Quinoa30,Tenebrio,main,Quinoa30,quinoa,30,1,47.1681642185215,37.22678215861062,,9.941382059910879,
all_rows,diet_name,FULL,True,Dummy_GlobalMean,Quinoa30,Tenebrio,main,Quinoa30,quinoa,30,2,45.28074275235599,37.22678215861062,,8.053960593745373,
all_rows,diet_name,FULL,True,Dummy_GlobalMean,Quinoa30,Tenebrio,main,Quinoa30,quinoa,30,3,47.27488115350477,37.22678215861062,,10.048098994894154,
all_rows,diet_name,FULL,True,Dummy_SpeciesMean,Quinoa30,Hermetia,main,Quinoa30,quinoa,30,1,30.76039775705413,28.815605029629165,,1.9447927274249643,
all_rows,diet_name,FULL,True,Dummy_SpeciesMean,Quinoa30,Hermetia,main,Quinoa30,quinoa,30,2,29.22593647982689,28.815605029629165,,0.41033145019772377,
all_rows,diet_name,FULL,True,Dummy_SpeciesMean,Quinoa30,Hermetia,main,Quinoa30,quinoa,30,3,29.965998391774416,28.815605029629165,,1.1503933621452518,
all_rows,diet_name,FULL,True,Dummy_SpeciesMean,Quinoa30,Tenebrio,main,Quinoa30,quinoa,30,1,47.1681642185215,41.98782581652465,,5.180338401996849,
all_rows,diet_name,FULL,True,Dummy_SpeciesMean,Quinoa30,Tenebrio,main,Quinoa30,quinoa,30,2,45.28074275235599,41.98782581652465,,3.292916935831343,
all_rows,diet_name,FULL,True,Dummy_SpeciesMean,Quinoa30,Tenebrio,main,Quinoa30,quinoa,30,3,47.27488115350477,41.98782581652465,,5.287055336980124,
all_rows,diet_name,FULL,True,GP_Compuesto_NoARD,Quinoa30,Hermetia,main,Quinoa30,quinoa,30,1,30.76039775705413,31.875594072443302,2.2227329592388485,1.1151963153891735,True
all_rows,diet_name,FULL,True,GP_Compuesto_NoARD,Quinoa30,Hermetia,main,Quinoa30,quinoa,30,2,29.22593647982689,31.875594072443302,2.2227329592388485,2.649657592616414,True
all_rows,diet_name,FULL,True,GP_Compuesto_NoARD,Quinoa30,Hermetia,main,Quinoa30,quinoa,30,3,29.965998391774416,31.875594072443302,2.2227329592388485,1.909595680668886,True
all_rows,diet_name,FULL,True,GP_Compuesto_NoARD,Quinoa30,Tenebrio,main,Quinoa30,quinoa,30,1,47.1681642185215,46.02566507001883,2.162165545181336,1.1424991485026652,True
all_rows,diet_name,FULL,True,GP_Compuesto_NoARD,Quinoa30,Tenebrio,main,Quinoa30,quinoa,30,2,45.28074275235599,46.02566507001883,2.162165545181336,0.7449223176628408,True
all_rows,diet_name,FULL,True,GP_Compuesto_NoARD,Quinoa30,Tenebrio,main,Quinoa30,quinoa,30,3,47.27488115350477,46.02566507001883,2.162165545181336,1.2492160834859405,True
all_rows,diet_name,FULL,True,Dummy_GlobalMean,Quinoa50,Hermetia,main,Quinoa50,quinoa,50,1,30.811944171324868,37.227130111581886,,6.415185940257018,
all_rows,diet_name,FULL,True,Dummy_GlobalMean,Quinoa50,Hermetia,main,Quinoa50,quinoa,50,2,28.23608632105669,37.227130111581886,,8.991043790525197,
all_rows,diet_name,FULL,True,Dummy_GlobalMean,Quinoa50,Hermetia,main,Quinoa50,quinoa,50,3,30.441941426236617,37.227130111581886,,6.785188685345268,
all_rows,diet_name,FULL,True,Dummy_GlobalMean,Quinoa50,Tenebrio,main,Quinoa50,quinoa,50,1,46.3907897545748,37.227130111581886,,9.163659642992911,
all_rows,diet_name,FULL,True,Dummy_GlobalMean,Quinoa50,Tenebrio,main,Quinoa50,quinoa,50,2,46.509235603005465,37.227130111581886,,9.282105491423579,
all_rows,diet_name,FULL,True,Dummy_GlobalMean,Quinoa50,Tenebrio,main,Quinoa50,quinoa,50,3,47.25724338022376,37.227130111581886,,10.030113268641877,
all_rows,diet_name,FULL,True,Dummy_SpeciesMean,Quinoa50,Hermetia,main,Quinoa50,quinoa,50,1,30.811944171324868,28.83101705329707,,1.9809271180277968,
all_rows,diet_name,FULL,True,Dummy_SpeciesMean,Quinoa50,Hermetia,main,Quinoa50,quinoa,50,2,28.23608632105669,28.83101705329707,,0.5949307322403818,
all_rows,diet_name,FULL,True,Dummy_SpeciesMean,Quinoa50,Hermetia,main,Quinoa50,quinoa,50,3,30.441941426236617,28.83101705329707,,1.6109243729395466,
all_rows,diet_name,FULL,True,Dummy_SpeciesMean,Quinoa50,Tenebrio,main,Quinoa50,quinoa,50,1,46.3907897545748,41.97964693702612,,4.411142817548679,
all_rows,diet_name,FULL,True,Dummy_SpeciesMean,Quinoa50,Tenebrio,main,Quinoa50,quinoa,50,2,46.509235603005465,41.97964693702612,,4.529588665979347,
all_rows,diet_name,FULL,True,Dummy_SpeciesMean,Quinoa50,Tenebrio,main,Quinoa50,quinoa,50,3,47.25724338022376,41.97964693702612,,5.277596443197645,
all_rows,diet_name,FULL,True,GP_Compuesto_NoARD,Quinoa50,Hermetia,main,Quinoa50,quinoa,50,1,30.811944171324868,32.13160571942416,2.586493871925397,1.3196615480992904,True
all_rows,diet_name,FULL,True,GP_Compuesto_NoARD,Quinoa50,Hermetia,main,Quinoa50,quinoa,50,2,28.23608632105669,32.13160571942416,2.586493871925397,3.895519398367469,True
all_rows,diet_name,FULL,True,GP_Compuesto_NoARD,Quinoa50,Hermetia,main,Quinoa50,quinoa,50,3,30.441941426236617,32.13160571942416,2.586493871925397,1.6896642931875405,True
all_rows,diet_name,FULL,True,GP_Compuesto_NoARD,Quinoa50,Tenebrio,main,Quinoa50,quinoa,50,1,46.3907897545748,45.29572972888037,2.9158674520799703,1.0950600256944298,True
all_rows,diet_name,FULL,True,GP_Compuesto_NoARD,Quinoa50,Tenebrio,main,Quinoa50,quinoa,50,2,46.509235603005465,45.29572972888037,2.9158674520799703,1.2135058741250973,True
all_rows,diet_name,FULL,True,GP_Compuesto_NoARD,Quinoa50,Tenebrio,main,Quinoa50,quinoa,50,3,47.25724338022376,45.29572972888037,2.9158674520799703,1.9615136513433953,True
all_rows,species_diet,REDUCED,False,Dummy_GlobalMean,Hermetia::Control,Hermetia,main,Control,control,0,1,32.29822786111878,37.48477351176736,,5.186545650648576,
all_rows,species_diet,REDUCED,False,Dummy_GlobalMean,Hermetia::Control,Hermetia,main,Control,control,0,2,31.9882734211747,37.48477351176736,,5.496500090592658,
all_rows,species_diet,REDUCED,False,Dummy_GlobalMean,Hermetia::Control,Hermetia,main,Control,control,0,3,31.52201662343253,37.48477351176736,,5.962756888334827,
all_rows,species_diet,REDUCED,False,Dummy_SpeciesMean,Hermetia::Control,Hermetia,main,Control,control,0,1,32.29822786111878,28.620398853726808,,3.677829007391974,
all_rows,species_diet,REDUCED,False,Dummy_SpeciesMean,Hermetia::Control,Hermetia,main,Control,control,0,2,31.9882734211747,28.620398853726808,,3.367874567447892,
all_rows,species_diet,REDUCED,False,Dummy_SpeciesMean,Hermetia::Control,Hermetia,main,Control,control,0,3,31.52201662343253,28.620398853726808,,2.901617769705723,
all_rows,species_diet,REDUCED,False,GP_Compuesto_NoARD,Hermetia::Control,Hermetia,main,Control,control,0,1,32.29822786111878,26.672129030836835,5.209505882844709,5.626098830281947,True
all_rows,species_diet,REDUCED,False,GP_Compuesto_NoARD,Hermetia::Control,Hermetia,main,Control,control,0,2,31.9882734211747,26.672129030836835,5.209505882844709,5.316144390337865,True
all_rows,species_diet,REDUCED,False,GP_Compuesto_NoARD,Hermetia::Control,Hermetia,main,Control,control,0,3,31.52201662343253,26.67212903083682,5.209505882844712,4.84988759259571,True
all_rows,species_diet,REDUCED,False,Dummy_GlobalMean,Hermetia::Hoja15,Hermetia,main,Hoja15,hoja,15,1,32.439876828877715,37.502880080278075,,5.06300325140036,
all_rows,species_diet,REDUCED,False,Dummy_GlobalMean,Hermetia::Hoja15,Hermetia,main,Hoja15,hoja,15,2,31.861332823005377,37.502880080278075,,5.641547257272698,
all_rows,species_diet,REDUCED,False,Dummy_GlobalMean,Hermetia::Hoja15,Hermetia,main,Hoja15,hoja,15,3,29.950143361921626,37.502880080278075,,7.552736718356449,
all_rows,species_diet,REDUCED,False,Dummy_SpeciesMean,Hermetia::Hoja15,Hermetia,main,Hoja15,hoja,15,1,32.439876828877715,28.672304350124186,,3.7675724787535287,
all_rows,species_diet,REDUCED,False,Dummy_SpeciesMean,Hermetia::Hoja15,Hermetia,main,Hoja15,hoja,15,2,31.861332823005377,28.672304350124186,,3.1890284728811906,
all_rows,species_diet,REDUCED,False,Dummy_SpeciesMean,Hermetia::Hoja15,Hermetia,main,Hoja15,hoja,15,3,29.950143361921626,28.672304350124186,,1.2778390117974396,
all_rows,species_diet,REDUCED,False,GP_Compuesto_NoARD,Hermetia::Hoja15,Hermetia,main,Hoja15,hoja,15,1,32.439876828877715,37.155174175136814,6.487386010057805,4.715297346259099,True
all_rows,species_diet,REDUCED,False,GP_Compuesto_NoARD,Hermetia::Hoja15,Hermetia,main,Hoja15,hoja,15,2,31.861332823005377,37.155174175136814,6.487386010057805,5.293841352131437,True
all_rows,species_diet,REDUCED,False,GP_Compuesto_NoARD,Hermetia::Hoja15,Hermetia,main,Hoja15,hoja,15,3,29.950143361921626,37.155174175136814,6.487386010057805,7.205030813215188,True
all_rows,species_diet,REDUCED,False,Dummy_GlobalMean,Hermetia::Hoja30,Hermetia,main,Hoja30,hoja,30,1,24.518904936914268,37.747058888783066,,13.228153951868798,
all_rows,species_diet,REDUCED,False,Dummy_GlobalMean,Hermetia::Hoja30,Hermetia,main,Hoja30,hoja,30,2,23.472591934148408,37.747058888783066,,14.274466954634658,
all_rows,species_diet,REDUCED,False,Dummy_GlobalMean,Hermetia::Hoja30,Hermetia,main,Hoja30,hoja,30,3,25.260478611312173,37.747058888783066,,12.486580277470892,
all_rows,species_diet,REDUCED,False,Dummy_SpeciesMean,Hermetia::Hoja30,Hermetia,main,Hoja30,hoja,30,1,24.518904936914268,29.372283601171848,,4.85337866425758,
all_rows,species_diet,REDUCED,False,Dummy_SpeciesMean,Hermetia::Hoja30,Hermetia,main,Hoja30,hoja,30,2,23.472591934148408,29.372283601171848,,5.89969166702344,
all_rows,species_diet,REDUCED,False,Dummy_SpeciesMean,Hermetia::Hoja30,Hermetia,main,Hoja30,hoja,30,3,25.260478611312173,29.372283601171848,,4.1118049898596745,
all_rows,species_diet,REDUCED,False,GP_Compuesto_NoARD,Hermetia::Hoja30,Hermetia,main,Hoja30,hoja,30,1,24.518904936914268,37.69499603618457,6.193763024418411,13.176091099270302,False
all_rows,species_diet,REDUCED,False,GP_Compuesto_NoARD,Hermetia::Hoja30,Hermetia,main,Hoja30,hoja,30,2,23.472591934148408,37.69499603618457,6.193763024418411,14.222404102036162,False
all_rows,species_diet,REDUCED,False,GP_Compuesto_NoARD,Hermetia::Hoja30,Hermetia,main,Hoja30,hoja,30,3,25.260478611312173,37.69499603618457,6.193763024418411,12.434517424872396,False
all_rows,species_diet,REDUCED,False,Dummy_GlobalMean,Hermetia::Hoja50,Hermetia,main,Hoja50,hoja,50,1,22.677020960046544,37.78357617012859,,15.106555210082046,
all_rows,species_diet,REDUCED,False,Dummy_GlobalMean,Hermetia::Hoja50,Hermetia,main,Hoja50,hoja,50,2,23.384593109734844,37.78357617012859,,14.398983060393746,
all_rows,species_diet,REDUCED,False,Dummy_GlobalMean,Hermetia::Hoja50,Hermetia,main,Hoja50,hoja,50,3,24.04987521687871,37.78357617012859,,13.73370095324988,
all_rows,species_diet,REDUCED,False,Dummy_SpeciesMean,Hermetia::Hoja50,Hermetia,main,Hoja50,hoja,50,1,22.677020960046544,29.47696647436234,,6.7999455143157945,
all_rows,species_diet,REDUCED,False,Dummy_SpeciesMean,Hermetia::Hoja50,Hermetia,main,Hoja50,hoja,50,2,23.384593109734844,29.47696647436234,,6.092373364627495,
all_rows,species_diet,REDUCED,False,Dummy_SpeciesMean,Hermetia::Hoja50,Hermetia,main,Hoja50,hoja,50,3,24.04987521687871,29.47696647436234,,5.427091257483628,
all_rows,species_diet,REDUCED,False,GP_Compuesto_NoARD,Hermetia::Hoja50,Hermetia,main,Hoja50,hoja,50,1,22.677020960046544,37.75645054946338,6.260990737316459,15.079429589416836,False
all_rows,species_diet,REDUCED,False,GP_Compuesto_NoARD,Hermetia::Hoja50,Hermetia,main,Hoja50,hoja,50,2,23.384593109734844,37.75645054946338,6.260990737316459,14.371857439728537,False
all_rows,species_diet,REDUCED,False,GP_Compuesto_NoARD,Hermetia::Hoja50,Hermetia,main,Hoja50,hoja,50,3,24.04987521687871,37.75645054946338,6.260990737316459,13.70657533258467,False
all_rows,species_diet,REDUCED,False,Dummy_GlobalMean,Hermetia::Orujo30,Hermetia,main,Orujo30,orujo,30,1,31.314123313447407,37.54108425157334,,6.226960938125931,
all_rows,species_diet,REDUCED,False,Dummy_GlobalMean,Hermetia::Orujo30,Hermetia,main,Orujo30,orujo,30,2,28.651274165528747,37.54108425157334,,8.88981008604459,
all_rows,species_diet,REDUCED,False,Dummy_GlobalMean,Hermetia::Orujo30,Hermetia,main,Orujo30,orujo,30,3,31.00039680343508,37.54108425157334,,6.540687448138257,
all_rows,species_diet,REDUCED,False,Dummy_SpeciesMean,Hermetia::Orujo30,Hermetia,main,Orujo30,orujo,30,1,31.314123313447407,28.78182297450397,,2.532300338943436,
all_rows,species_diet,REDUCED,False,Dummy_SpeciesMean,Hermetia::Orujo30,Hermetia,main,Orujo30,orujo,30,2,28.651274165528747,28.78182297450397,,0.1305488089752238,
all_rows,species_diet,REDUCED,False,Dummy_SpeciesMean,Hermetia::Orujo30,Hermetia,main,Orujo30,orujo,30,3,31.00039680343508,28.78182297450397,,2.2185738289311097,
all_rows,species_diet,REDUCED,False,GP_Compuesto_NoARD,Hermetia::Orujo30,Hermetia,main,Orujo30,orujo,30,1,31.314123313447407,37.796374113149994,4.28067281052574,6.482250799702587,True
all_rows,species_diet,REDUCED,False,GP_Compuesto_NoARD,Hermetia::Orujo30,Hermetia,main,Orujo30,orujo,30,2,28.651274165528747,37.796374113149994,4.28067281052574,9.145099947621247,False
all_rows,species_diet,REDUCED,False,GP_Compuesto_NoARD,Hermetia::Orujo30,Hermetia,main,Orujo30,orujo,30,3,31.00039680343508,37.79637411315,4.2806728105257354,6.795977309714921,True
all_rows,species_diet,REDUCED,False,Dummy_GlobalMean,Hermetia::Orujo50,Hermetia,main,Orujo50,orujo,50,1,32.02004533085088,37.47740536186495,,5.457360031014076,
all_rows,species_diet,REDUCED,False,Dummy_GlobalMean,Hermetia::Orujo50,Hermetia,main,Orujo50,orujo,50,2,33.161725303735146,37.47740536186495,,4.315680058129807,
all_rows,species_diet,REDUCED,False,Dummy_GlobalMean,Hermetia::Orujo50,Hermetia,main,Orujo50,orujo,50,3,31.260408162746693,37.47740536186495,,6.216997199118261,
all_rows,species_diet,REDUCED,False,Dummy_SpeciesMean,Hermetia::Orujo50,Hermetia,main,Orujo50,orujo,50,1,32.02004533085088,28.599276824006587,,3.42076850684429,
all_rows,species_diet,REDUCED,False,Dummy_SpeciesMean,Hermetia::Orujo50,Hermetia,main,Orujo50,orujo,50,2,33.161725303735146,28.599276824006587,,4.562448479728559,
all_rows,species_diet,REDUCED,False,Dummy_SpeciesMean,Hermetia::Orujo50,Hermetia,main,Orujo50,orujo,50,3,31.260408162746693,28.599276824006587,,2.6611313387401054,
all_rows,species_diet,REDUCED,False,GP_Compuesto_NoARD,Hermetia::Orujo50,Hermetia,main,Orujo50,orujo,50,1,32.02004533085088,36.63451518094046,3.8648905225253287,4.614469850089584,True
all_rows,species_diet,REDUCED,False,GP_Compuesto_NoARD,Hermetia::Orujo50,Hermetia,main,Orujo50,orujo,50,2,33.161725303735146,36.63451518094046,3.8648905225253287,3.472789877205315,True
all_rows,species_diet,REDUCED,False,GP_Compuesto_NoARD,Hermetia::Orujo50,Hermetia,main,Orujo50,orujo,50,3,31.260408162746693,36.63451518094046,3.8648905225253323,5.374107018193769,True
all_rows,species_diet,REDUCED,False,Dummy_GlobalMean,Hermetia::Orujo70,Hermetia,main,Orujo70,orujo,70,1,28.145262440510347,37.64295176112395,,9.497689320613606,
all_rows,species_diet,REDUCED,False,Dummy_GlobalMean,Hermetia::Orujo70,Hermetia,main,Orujo70,orujo,70,2,27.19851217684783,37.64295176112395,,10.444439584276122,
all_rows,species_diet,REDUCED,False,Dummy_GlobalMean,Hermetia::Orujo70,Hermetia,main,Orujo70,orujo,70,3,26.86141384370052,37.64295176112395,,10.781537917423432,
all_rows,species_diet,REDUCED,False,Dummy_SpeciesMean,Hermetia::Orujo70,Hermetia,main,Orujo70,orujo,70,1,28.145262440510347,29.073843168549054,,0.9285807280387068,
all_rows,species_diet,REDUCED,False,Dummy_SpeciesMean,Hermetia::Orujo70,Hermetia,main,Orujo70,orujo,70,2,27.19851217684783,29.073843168549054,,1.8753309917012224,
all_rows,species_diet,REDUCED,False,Dummy_SpeciesMean,Hermetia::Orujo70,Hermetia,main,Orujo70,orujo,70,3,26.86141384370052,29.073843168549054,,2.2124293248485323,
all_rows,species_diet,REDUCED,False,GP_Compuesto_NoARD,Hermetia::Orujo70,Hermetia,main,Orujo70,orujo,70,1,28.145262440510347,38.89967167322277,6.05288346189174,10.754409232712423,True
all_rows,species_diet,REDUCED,False,GP_Compuesto_NoARD,Hermetia::Orujo70,Hermetia,main,Orujo70,orujo,70,2,27.19851217684783,38.89967167322277,6.05288346189174,11.701159496374938,True
all_rows,species_diet,REDUCED,False,GP_Compuesto_NoARD,Hermetia::Orujo70,Hermetia,main,Orujo70,orujo,70,3,26.86141384370052,38.89967167322277,6.05288346189174,12.038257829522248,False
all_rows,species_diet,REDUCED,False,Dummy_GlobalMean,Hermetia::Orujo90,Hermetia,main,Orujo90,orujo,90,1,27.992592815001228,37.672772181625334,,9.680179366624106,
all_rows,species_diet,REDUCED,False,Dummy_GlobalMean,Hermetia::Orujo90,Hermetia,main,Orujo90,orujo,90,2,23.674781663935857,37.672772181625334,,13.997990517689477,
all_rows,species_diet,REDUCED,False,Dummy_GlobalMean,Hermetia::Orujo90,Hermetia,main,Orujo90,orujo,90,3,27.97325781900284,37.672772181625334,,9.699514362622494,
all_rows,species_diet,REDUCED,False,Dummy_SpeciesMean,Hermetia::Orujo90,Hermetia,main,Orujo90,orujo,90,1,27.992592815001228,29.159328373986344,,1.166735558985117,
all_rows,species_diet,REDUCED,False,Dummy_SpeciesMean,Hermetia::Orujo90,Hermetia,main,Orujo90,orujo,90,2,23.674781663935857,29.159328373986344,,5.484546710050488,
all_rows,species_diet,REDUCED,False,Dummy_SpeciesMean,Hermetia::Orujo90,Hermetia,main,Orujo90,orujo,90,3,27.97325781900284,29.159328373986344,,1.1860705549835053,
all_rows,species_diet,REDUCED,False,GP_Compuesto_NoARD,Hermetia::Orujo90,Hermetia,main,Orujo90,orujo,90,1,27.992592815001228,36.430123629016336,5.4968751592502825,8.437530814015108,True
all_rows,species_diet,REDUCED,False,GP_Compuesto_NoARD,Hermetia::Orujo90,Hermetia,main,Orujo90,orujo,90,2,23.674781663935857,36.430123629016336,5.4968751592502825,12.75534196508048,False
all_rows,species_diet,REDUCED,False,GP_Compuesto_NoARD,Hermetia::Orujo90,Hermetia,main,Orujo90,orujo,90,3,27.97325781900284,36.43012362901634,5.4968751592502825,8.456865810013504,True
all_rows,species_diet,REDUCED,False,Dummy_GlobalMean,Hermetia::Quinoa15,Hermetia,main,Quinoa15,quinoa,15,1,32.25326659440655,37.5255580287764,,5.272291434369855,
all_rows,species_diet,REDUCED,False,Dummy_GlobalMean,Hermetia::Quinoa15,Hermetia,main,Quinoa15,quinoa,15,2,30.29567215292689,37.5255580287764,,7.2298858758495115,
all_rows,species_diet,REDUCED,False,Dummy_GlobalMean,Hermetia::Quinoa15,Hermetia,main,Quinoa15,quinoa,15,3,29.75211069561501,37.5255580287764,,7.773447333161393,
all_rows,species_diet,REDUCED,False,Dummy_SpeciesMean,Hermetia::Quinoa15,Hermetia,main,Quinoa15,quinoa,15,1,32.25326659440655,28.73731446915273,,3.5159521252538184,
all_rows,species_diet,REDUCED,False,Dummy_SpeciesMean,Hermetia::Quinoa15,Hermetia,main,Quinoa15,quinoa,15,2,30.29567215292689,28.73731446915273,,1.5583576837741617,
all_rows,species_diet,REDUCED,False,Dummy_SpeciesMean,Hermetia::Quinoa15,Hermetia,main,Quinoa15,quinoa,15,3,29.75211069561501,28.73731446915273,,1.0147962264622805,
all_rows,species_diet,REDUCED,False,GP_Compuesto_NoARD,Hermetia::Quinoa15,Hermetia,main,Quinoa15,quinoa,15,1,32.25326659440655,34.6115300190899,4.616365597101278,2.3582634246833507,True
all_rows,species_diet,REDUCED,False,GP_Compuesto_NoARD,Hermetia::Quinoa15,Hermetia,main,Quinoa15,quinoa,15,2,30.29567215292689,34.6115300190899,4.616365597101278,4.315857866163007,True
all_rows,species_diet,REDUCED,False,GP_Compuesto_NoARD,Hermetia::Quinoa15,Hermetia,main,Quinoa15,quinoa,15,3,29.75211069561501,34.6115300190899,4.616365597101278,4.859419323474889,True
all_rows,species_diet,REDUCED,False,Dummy_GlobalMean,Hermetia::Quinoa30,Hermetia,main,Quinoa30,quinoa,30,1,30.76039775705413,37.55286868940771,,6.792470932353581,
all_rows,species_diet,REDUCED,False,Dummy_GlobalMean,Hermetia::Quinoa30,Hermetia,main,Quinoa30,quinoa,30,2,29.22593647982689,37.55286868940771,,8.326932209580821,
all_rows,species_diet,REDUCED,False,Dummy_GlobalMean,Hermetia::Quinoa30,Hermetia,main,Quinoa30,quinoa,30,3,29.965998391774416,37.55286868940771,,7.586870297633293,
all_rows,species_diet,REDUCED,False,Dummy_SpeciesMean,Hermetia::Quinoa30,Hermetia,main,Quinoa30,quinoa,30,1,30.76039775705413,28.815605029629165,,1.9447927274249643,
all_rows,species_diet,REDUCED,False,Dummy_SpeciesMean,Hermetia::Quinoa30,Hermetia,main,Quinoa30,quinoa,30,2,29.22593647982689,28.815605029629165,,0.41033145019772377,
all_rows,species_diet,REDUCED,False,Dummy_SpeciesMean,Hermetia::Quinoa30,Hermetia,main,Quinoa30,quinoa,30,3,29.965998391774416,28.815605029629165,,1.1503933621452518,
all_rows,species_diet,REDUCED,False,GP_Compuesto_NoARD,Hermetia::Quinoa30,Hermetia,main,Quinoa30,quinoa,30,1,30.76039775705413,35.70285574662732,4.193938867375594,4.942457989573192,True
all_rows,species_diet,REDUCED,False,GP_Compuesto_NoARD,Hermetia::Quinoa30,Hermetia,main,Quinoa30,quinoa,30,2,29.22593647982689,35.70285574662732,4.193938867375594,6.476919266800433,True
all_rows,species_diet,REDUCED,False,GP_Compuesto_NoARD,Hermetia::Quinoa30,Hermetia,main,Quinoa30,quinoa,30,3,29.965998391774416,35.70285574662732,4.193938867375594,5.736857354852905,True
all_rows,species_diet,REDUCED,False,Dummy_GlobalMean,Hermetia::Quinoa50,Hermetia,main,Quinoa50,quinoa,50,1,30.811944171324868,37.55824497673373,,6.746300805408865,
all_rows,species_diet,REDUCED,False,Dummy_GlobalMean,Hermetia::Quinoa50,Hermetia,main,Quinoa50,quinoa,50,2,28.23608632105669,37.55824497673373,,9.322158655677043,
all_rows,species_diet,REDUCED,False,Dummy_GlobalMean,Hermetia::Quinoa50,Hermetia,main,Quinoa50,quinoa,50,3,30.441941426236617,37.55824497673373,,7.116303550497115,
all_rows,species_diet,REDUCED,False,Dummy_SpeciesMean,Hermetia::Quinoa50,Hermetia,main,Quinoa50,quinoa,50,1,30.811944171324868,28.83101705329707,,1.9809271180277968,
all_rows,species_diet,REDUCED,False,Dummy_SpeciesMean,Hermetia::Quinoa50,Hermetia,main,Quinoa50,quinoa,50,2,28.23608632105669,28.83101705329707,,0.5949307322403818,
all_rows,species_diet,REDUCED,False,Dummy_SpeciesMean,Hermetia::Quinoa50,Hermetia,main,Quinoa50,quinoa,50,3,30.441941426236617,28.83101705329707,,1.6109243729395466,
all_rows,species_diet,REDUCED,False,GP_Compuesto_NoARD,Hermetia::Quinoa50,Hermetia,main,Quinoa50,quinoa,50,1,30.811944171324868,35.176225963766214,4.721432771940436,4.364281792441346,True
all_rows,species_diet,REDUCED,False,GP_Compuesto_NoARD,Hermetia::Quinoa50,Hermetia,main,Quinoa50,quinoa,50,2,28.23608632105669,35.176225963766214,4.721432771940436,6.940139642709525,True
all_rows,species_diet,REDUCED,False,GP_Compuesto_NoARD,Hermetia::Quinoa50,Hermetia,main,Quinoa50,quinoa,50,3,30.441941426236617,35.176225963766214,4.721432771940436,4.7342845375295965,True
all_rows,species_diet,REDUCED,False,Dummy_GlobalMean,Tenebrio::Control,Tenebrio,main,Control,control,0,1,42.724277530166994,37.088889383035884,,5.63538814713111,
all_rows,species_diet,REDUCED,False,Dummy_GlobalMean,Tenebrio::Control,Tenebrio,main,Control,control,0,2,43.79839302328586,37.088889383035884,,6.709503640249977,
all_rows,species_diet,REDUCED,False,Dummy_GlobalMean,Tenebrio::Control,Tenebrio,main,Control,control,0,3,43.331882423179295,37.088889383035884,,6.242993040143411,
all_rows,species_diet,REDUCED,False,Dummy_SpeciesMean,Tenebrio::Control,Tenebrio,main,Control,control,0,1,42.724277530166994,42.17403780044445,,0.5502397297225414,
all_rows,species_diet,REDUCED,False,Dummy_SpeciesMean,Tenebrio::Control,Tenebrio,main,Control,control,0,2,43.79839302328586,42.17403780044445,,1.6243552228414089,
all_rows,species_diet,REDUCED,False,Dummy_SpeciesMean,Tenebrio::Control,Tenebrio,main,Control,control,0,3,43.331882423179295,42.17403780044445,,1.1578446227348422,
all_rows,species_diet,REDUCED,False,GP_Compuesto_NoARD,Tenebrio::Control,Tenebrio,main,Control,control,0,1,42.724277530166994,39.088643262118254,4.7330084990037395,3.63563426804874,True
all_rows,species_diet,REDUCED,False,GP_Compuesto_NoARD,Tenebrio::Control,Tenebrio,main,Control,control,0,2,43.79839302328586,39.088643262118254,4.7330084990037395,4.709749761167608,True
all_rows,species_diet,REDUCED,False,GP_Compuesto_NoARD,Tenebrio::Control,Tenebrio,main,Control,control,0,3,43.331882423179295,39.088643262118275,4.7330084990037395,4.24323916106102,True
all_rows,species_diet,REDUCED,False,Dummy_GlobalMean,Tenebrio::Control Agar,Tenebrio,water_control,Control Agar,control,0,1,36.031,37.33363999904324,,1.3026399990432438,
all_rows,species_diet,REDUCED,False,Dummy_GlobalMean,Tenebrio::Control Agar,Tenebrio,water_control,Control Agar,control,0,2,36.036,37.33363999904324,,1.2976399990432412,
all_rows,species_diet,REDUCED,False,Dummy_GlobalMean,Tenebrio::Control Agar,Tenebrio,water_control,Control Agar,control,0,3,36.739,37.33363999904324,,0.5946399990432454,
all_rows,species_diet,REDUCED,False,Dummy_SpeciesMean,Tenebrio::Control Agar,Tenebrio,water_control,Control Agar,control,0,1,36.031,42.571180309437516,,6.540180309437517,
all_rows,species_diet,REDUCED,False,Dummy_SpeciesMean,Tenebrio::Control Agar,Tenebrio,water_control,Control Agar,control,0,2,36.036,42.571180309437516,,6.535180309437514,
all_rows,species_diet,REDUCED,False,Dummy_SpeciesMean,Tenebrio::Control Agar,Tenebrio,water_control,Control Agar,control,0,3,36.739,42.571180309437516,,5.832180309437518,
all_rows,species_diet,REDUCED,False,GP_Compuesto_NoARD,Tenebrio::Control Agar,Tenebrio,water_control,Control Agar,control,0,1,36.031,42.17008318742626,2.7308743226424563,6.139083187426259,False
all_rows,species_diet,REDUCED,False,GP_Compuesto_NoARD,Tenebrio::Control Agar,Tenebrio,water_control,Control Agar,control,0,2,36.036,42.17008318742626,2.7308743226424563,6.134083187426256,False
all_rows,species_diet,REDUCED,False,GP_Compuesto_NoARD,Tenebrio::Control Agar,Tenebrio,water_control,Control Agar,control,0,3,36.739,42.17008318742627,2.7308743226424563,5.431083187426275,False
all_rows,species_diet,REDUCED,False,Dummy_GlobalMean,Tenebrio::Control Humedad superf,Tenebrio,water_control,Control Humedad superf,control,0,1,39.017,37.23179116183394,,1.7852088381660636,
all_rows,species_diet,REDUCED,False,Dummy_GlobalMean,Tenebrio::Control Humedad superf,Tenebrio,water_control,Control Humedad superf,control,0,2,38.168,37.23179116183394,,0.9362088381660598,
all_rows,species_diet,REDUCED,False,Dummy_GlobalMean,Tenebrio::Control Humedad superf,Tenebrio,water_control,Control Humedad superf,control,0,3,40.38,37.23179116183394,,3.148208838166063,
all_rows,species_diet,REDUCED,False,Dummy_SpeciesMean,Tenebrio::Control Humedad superf,Tenebrio,water_control,Control Humedad superf,control,0,1,39.017,42.40591615849412,,3.388916158494119,
all_rows,species_diet,REDUCED,False,Dummy_SpeciesMean,Tenebrio::Control Humedad superf,Tenebrio,water_control,Control Humedad superf,control,0,2,38.168,42.40591615849412,,4.237916158494123,
all_rows,species_diet,REDUCED,False,Dummy_SpeciesMean,Tenebrio::Control Humedad superf,Tenebrio,water_control,Control Humedad superf,control,0,3,40.38,42.40591615849412,,2.0259161584941197,
all_rows,species_diet,REDUCED,False,GP_Compuesto_NoARD,Tenebrio::Control Humedad superf,Tenebrio,water_control,Control Humedad superf,control,0,1,39.017,40.91097733296095,2.7557841551690005,1.8939773329609437,True
all_rows,species_diet,REDUCED,False,GP_Compuesto_NoARD,Tenebrio::Control Humedad superf,Tenebrio,water_control,Control Humedad superf,control,0,2,38.168,40.91097733296095,2.7557841551690005,2.7429773329609475,True
all_rows,species_diet,REDUCED,False,GP_Compuesto_NoARD,Tenebrio::Control Humedad superf,Tenebrio,water_control,Control Humedad superf,control,0,3,40.38,40.91097733296094,2.7557841551690005,0.5309773329609371,True
all_rows,species_diet,REDUCED,False,Dummy_GlobalMean,Tenebrio::Control Seco,Tenebrio,water_control,Control Seco,control,0,1,41.955,37.13239581299673,,4.822604187003272,
all_rows,species_diet,REDUCED,False,Dummy_GlobalMean,Tenebrio::Control Seco,Tenebrio,water_control,Control Seco,control,0,2,41.63,37.13239581299673,,4.497604187003276,
all_rows,species_diet,REDUCED,False,Dummy_GlobalMean,Tenebrio::Control Seco,Tenebrio,water_control,Control Seco,control,0,3,42.528,37.13239581299673,,5.395604187003272,
all_rows,species_diet,REDUCED,False,Dummy_SpeciesMean,Tenebrio::Control Seco,Tenebrio,water_control,Control Seco,control,0,1,41.955,42.244633139626195,,0.2896331396261971,
all_rows,species_diet,REDUCED,False,Dummy_SpeciesMean,Tenebrio::Control Seco,Tenebrio,water_control,Control Seco,control,0,2,41.63,42.244633139626195,,0.6146331396261928,
all_rows,species_diet,REDUCED,False,Dummy_SpeciesMean,Tenebrio::Control Seco,Tenebrio,water_control,Control Seco,control,0,3,42.528,42.244633139626195,,0.2833668603738033,
all_rows,species_diet,REDUCED,False,GP_Compuesto_NoARD,Tenebrio::Control Seco,Tenebrio,water_control,Control Seco,control,0,1,41.955,39.64922090933407,2.7715667728335025,2.3057790906659292,True
all_rows,species_diet,REDUCED,False,GP_Compuesto_NoARD,Tenebrio::Control Seco,Tenebrio,water_control,Control Seco,control,0,2,41.63,39.64922090933407,2.7715667728335025,1.9807790906659335,True
all_rows,species_diet,REDUCED,False,GP_Compuesto_NoARD,Tenebrio::Control Seco,Tenebrio,water_control,Control Seco,control,0,3,42.528,39.649220909334076,2.771566772833505,2.8787790906659225,True
all_rows,species_diet,REDUCED,False,Dummy_GlobalMean,Tenebrio::Hoja15,Tenebrio,main,Hoja15,hoja,15,1,44.59966850546592,37.003886088064,,7.595782417401921,
all_rows,species_diet,REDUCED,False,Dummy_GlobalMean,Tenebrio::Hoja15,Tenebrio,main,Hoja15,hoja,15,2,48.58207253144869,37.003886088064,,11.578186443384688,
all_rows,species_diet,REDUCED,False,Dummy_GlobalMean,Tenebrio::Hoja15,Tenebrio,main,Hoja15,hoja,15,3,43.98309530729985,37.003886088064,,6.979209219235848,
all_rows,species_diet,REDUCED,False,Dummy_SpeciesMean,Tenebrio::Hoja15,Tenebrio,main,Hoja15,hoja,15,1,44.59966850546592,42.03610792558442,,2.5635605798815035,
all_rows,species_diet,REDUCED,False,Dummy_SpeciesMean,Tenebrio::Hoja15,Tenebrio,main,Hoja15,hoja,15,2,48.58207253144869,42.03610792558442,,6.54596460586427,
all_rows,species_diet,REDUCED,False,Dummy_SpeciesMean,Tenebrio::Hoja15,Tenebrio,main,Hoja15,hoja,15,3,43.98309530729985,42.03610792558442,,1.9469873817154308,
all_rows,species_diet,REDUCED,False,GP_Compuesto_NoARD,Tenebrio::Hoja15,Tenebrio,main,Hoja15,hoja,15,1,44.59966850546592,38.9797919042779,4.784728092903162,5.619876601188018,True
all_rows,species_diet,REDUCED,False,GP_Compuesto_NoARD,Tenebrio::Hoja15,Tenebrio,main,Hoja15,hoja,15,2,48.58207253144869,38.9797919042779,4.784728092903162,9.602280627170785,False
all_rows,species_diet,REDUCED,False,GP_Compuesto_NoARD,Tenebrio::Hoja15,Tenebrio,main,Hoja15,hoja,15,3,43.98309530729985,38.9797919042779,4.78472809290316,5.003303403021945,True
all_rows,species_diet,REDUCED,False,Dummy_GlobalMean,Tenebrio::Hoja30,Tenebrio,main,Hoja30,hoja,30,1,43.64443148041813,37.070901020607785,,6.573530459810343,
all_rows,species_diet,REDUCED,False,Dummy_GlobalMean,Tenebrio::Hoja30,Tenebrio,main,Hoja30,hoja,30,2,45.32322480412907,37.070901020607785,,8.252323783521284,
all_rows,species_diet,REDUCED,False,Dummy_GlobalMean,Tenebrio::Hoja30,Tenebrio,main,Hoja30,hoja,30,3,42.43389586090185,37.070901020607785,,5.362994840294064,
all_rows,species_diet,REDUCED,False,Dummy_SpeciesMean,Tenebrio::Hoja30,Tenebrio,main,Hoja30,hoja,30,1,43.64443148041813,42.144849136881874,,1.4995823435362539,
all_rows,species_diet,REDUCED,False,Dummy_SpeciesMean,Tenebrio::Hoja30,Tenebrio,main,Hoja30,hoja,30,2,45.32322480412907,42.144849136881874,,3.1783756672471952,
all_rows,species_diet,REDUCED,False,Dummy_SpeciesMean,Tenebrio::Hoja30,Tenebrio,main,Hoja30,hoja,30,3,42.43389586090185,42.144849136881874,,0.28904672401997544,
all_rows,species_diet,REDUCED,False,GP_Compuesto_NoARD,Tenebrio::Hoja30,Tenebrio,main,Hoja30,hoja,30,1,43.64443148041813,39.066642370659,4.327709186730017,4.577789109759131,True
all_rows,species_diet,REDUCED,False,GP_Compuesto_NoARD,Tenebrio::Hoja30,Tenebrio,main,Hoja30,hoja,30,2,45.32322480412907,39.066642370659,4.327709186730017,6.256582433470072,True
all_rows,species_diet,REDUCED,False,GP_Compuesto_NoARD,Tenebrio::Hoja30,Tenebrio,main,Hoja30,hoja,30,3,42.43389586090185,39.066642370659,4.327709186730019,3.3672534902428524,True
all_rows,species_diet,REDUCED,False,Dummy_GlobalMean,Tenebrio::Hoja50,Tenebrio,main,Hoja50,hoja,50,1,43.13594119232716,37.077776598746915,,6.058164593580244,
all_rows,species_diet,REDUCED,False,Dummy_GlobalMean,Tenebrio::Hoja50,Tenebrio,main,Hoja50,hoja,50,2,44.6843260049324,37.077776598746915,,7.606549406185486,
all_rows,species_diet,REDUCED,False,Dummy_GlobalMean,Tenebrio::Hoja50,Tenebrio,main,Hoja50,hoja,50,3,42.989985228223965,37.077776598746915,,5.91220862947705,
all_rows,species_diet,REDUCED,False,Dummy_SpeciesMean,Tenebrio::Hoja50,Tenebrio,main,Hoja50,hoja,50,1,43.13594119232716,42.15600573537179,,0.9799354569553671,
all_rows,species_diet,REDUCED,False,Dummy_SpeciesMean,Tenebrio::Hoja50,Tenebrio,main,Hoja50,hoja,50,2,44.6843260049324,42.15600573537179,,2.5283202695606093,
all_rows,species_diet,REDUCED,False,Dummy_SpeciesMean,Tenebrio::Hoja50,Tenebrio,main,Hoja50,hoja,50,3,42.989985228223965,42.15600573537179,,0.8339794928521727,
all_rows,species_diet,REDUCED,False,GP_Compuesto_NoARD,Tenebrio::Hoja50,Tenebrio,main,Hoja50,hoja,50,1,43.13594119232716,37.37116865248918,5.065012925348748,5.764772539837978,True
all_rows,species_diet,REDUCED,False,GP_Compuesto_NoARD,Tenebrio::Hoja50,Tenebrio,main,Hoja50,hoja,50,2,44.6843260049324,37.37116865248918,5.065012925348748,7.31315735244322,True
all_rows,species_diet,REDUCED,False,GP_Compuesto_NoARD,Tenebrio::Hoja50,Tenebrio,main,Hoja50,hoja,50,3,42.989985228223965,37.371168652489196,5.065012925348748,5.618816575734769,True
all_rows,species_diet,REDUCED,False,Dummy_GlobalMean,Tenebrio::Orujillo15,Tenebrio,coffee_orujillo,Orujillo15,orujillo,15,1,35.057,37.36263999904324,,2.305639999043237,
all_rows,species_diet,REDUCED,False,Dummy_GlobalMean,Tenebrio::Orujillo15,Tenebrio,coffee_orujillo,Orujillo15,orujillo,15,2,35.084,37.36263999904324,,2.2786399990432358,
all_rows,species_diet,REDUCED,False,Dummy_GlobalMean,Tenebrio::Orujillo15,Tenebrio,coffee_orujillo,Orujillo15,orujillo,15,3,36.171,37.36263999904324,,1.1916399990432396,
all_rows,species_diet,REDUCED,False,Dummy_SpeciesMean,Tenebrio::Orujillo15,Tenebrio,coffee_orujillo,Orujillo15,orujillo,15,1,35.057,42.6182369132111,,7.561236913211097,
all_rows,species_diet,REDUCED,False,Dummy_SpeciesMean,Tenebrio::Orujillo15,Tenebrio,coffee_orujillo,Orujillo15,orujillo,15,2,35.084,42.6182369132111,,7.534236913211096,
all_rows,species_diet,REDUCED,False,Dummy_SpeciesMean,Tenebrio::Orujillo15,Tenebrio,coffee_orujillo,Orujillo15,orujillo,15,3,36.171,42.6182369132111,,6.4472369132111,
all_rows,species_diet,REDUCED,False,GP_Compuesto_NoARD,Tenebrio::Orujillo15,Tenebrio,coffee_orujillo,Orujillo15,orujillo,15,1,35.057,26.026607496658173,4.868231184071331,9.03039250334183,True
all_rows,species_diet,REDUCED,False,GP_Compuesto_NoARD,Tenebrio::Orujillo15,Tenebrio,coffee_orujillo,Orujillo15,orujillo,15,2,35.084,26.026607496658173,4.868231184071331,9.05739250334183,True
all_rows,species_diet,REDUCED,False,GP_Compuesto_NoARD,Tenebrio::Orujillo15,Tenebrio,coffee_orujillo,Orujillo15,orujillo,15,3,36.171,26.026607496658166,4.868231184071331,10.144392503341834,False
all_rows,species_diet,REDUCED,False,Dummy_GlobalMean,Tenebrio::Orujillo30,Tenebrio,coffee_orujillo,Orujillo30,orujillo,30,1,33.932,37.44052371997347,,3.508523719973468,
all_rows,species_diet,REDUCED,False,Dummy_GlobalMean,Tenebrio::Orujillo30,Tenebrio,coffee_orujillo,Orujillo30,orujillo,30,2,33.19,37.44052371997347,,4.250523719973472,
all_rows,species_diet,REDUCED,False,Dummy_GlobalMean,Tenebrio::Orujillo30,Tenebrio,coffee_orujillo,Orujillo30,orujillo,30,3,32.492,37.44052371997347,,4.948523719973473,
all_rows,species_diet,REDUCED,False,Dummy_SpeciesMean,Tenebrio::Orujillo30,Tenebrio,coffee_orujillo,Orujillo30,orujillo,30,1,33.932,42.74461427170167,,8.812614271701669,
all_rows,species_diet,REDUCED,False,Dummy_SpeciesMean,Tenebrio::Orujillo30,Tenebrio,coffee_orujillo,Orujillo30,orujillo,30,2,33.19,42.74461427170167,,9.554614271701674,
all_rows,species_diet,REDUCED,False,Dummy_SpeciesMean,Tenebrio::Orujillo30,Tenebrio,coffee_orujillo,Orujillo30,orujillo,30,3,32.492,42.74461427170167,,10.252614271701674,
all_rows,species_diet,REDUCED,False,GP_Compuesto_NoARD,Tenebrio::Orujillo30,Tenebrio,coffee_orujillo,Orujillo30,orujillo,30,1,33.932,34.83660943117061,5.01573385478422,0.9046094311706057,True
all_rows,species_diet,REDUCED,False,GP_Compuesto_NoARD,Tenebrio::Orujillo30,Tenebrio,coffee_orujillo,Orujillo30,orujillo,30,2,33.19,34.83660943117061,5.01573385478422,1.64660943117061,True
all_rows,species_diet,REDUCED,False,GP_Compuesto_NoARD,Tenebrio::Orujillo30,Tenebrio,coffee_orujillo,Orujillo30,orujillo,30,3,32.492,34.836609431170594,5.01573385478422,2.3446094311705963,True
all_rows,species_diet,REDUCED,False,Dummy_GlobalMean,Tenebrio::Orujillo50,Tenebrio,coffee_orujillo,Orujillo50,orujillo,50,1,32.866,37.46398883625254,,4.59798883625254,
all_rows,species_diet,REDUCED,False,Dummy_GlobalMean,Tenebrio::Orujillo50,Tenebrio,coffee_orujillo,Orujillo50,orujillo,50,2,32.238,37.46398883625254,,5.22598883625254,
all_rows,species_diet,REDUCED,False,Dummy_GlobalMean,Tenebrio::Orujillo50,Tenebrio,coffee_orujillo,Orujillo50,orujillo,50,3,32.492,37.46398883625254,,4.971988836252542,
all_rows,species_diet,REDUCED,False,Dummy_SpeciesMean,Tenebrio::Orujillo50,Tenebrio,coffee_orujillo,Orujillo50,orujillo,50,1,32.866,42.782689743399786,,9.916689743399786,
all_rows,species_diet,REDUCED,False,Dummy_SpeciesMean,Tenebrio::Orujillo50,Tenebrio,coffee_orujillo,Orujillo50,orujillo,50,2,32.238,42.782689743399786,,10.544689743399786,
all_rows,species_diet,REDUCED,False,Dummy_SpeciesMean,Tenebrio::Orujillo50,Tenebrio,coffee_orujillo,Orujillo50,orujillo,50,3,32.492,42.782689743399786,,10.290689743399788,
all_rows,species_diet,REDUCED,False,GP_Compuesto_NoARD,Tenebrio::Orujillo50,Tenebrio,coffee_orujillo,Orujillo50,orujillo,50,1,32.866,44.37712318364191,5.1116437765769085,11.511123183641914,False
all_rows,species_diet,REDUCED,False,GP_Compuesto_NoARD,Tenebrio::Orujillo50,Tenebrio,coffee_orujillo,Orujillo50,orujillo,50,2,32.238,44.37712318364191,5.1116437765769085,12.139123183641914,False
all_rows,species_diet,REDUCED,False,GP_Compuesto_NoARD,Tenebrio::Orujillo50,Tenebrio,coffee_orujillo,Orujillo50,orujillo,50,3,32.492,44.37712318364191,5.1116437765769085,11.885123183641916,False
all_rows,species_diet,REDUCED,False,Dummy_GlobalMean,Tenebrio::Orujo30,Tenebrio,main,Orujo30,orujo,30,1,44.05632136428663,36.97628106281603,,7.0800403014706035,
all_rows,species_diet,REDUCED,False,Dummy_GlobalMean,Tenebrio::Orujo30,Tenebrio,main,Orujo30,orujo,30,2,47.979408918219136,36.97628106281603,,11.003127855403108,
all_rows,species_diet,REDUCED,False,Dummy_GlobalMean,Tenebrio::Orujo30,Tenebrio,main,Orujo30,orujo,30,3,47.50313823303477,36.97628106281603,,10.52685717021874,
all_rows,species_diet,REDUCED,False,Dummy_SpeciesMean,Tenebrio::Orujo30,Tenebrio,main,Orujo30,orujo,30,1,44.05632136428663,41.99131486574807,,2.0650064985385583,
all_rows,species_diet,REDUCED,False,Dummy_SpeciesMean,Tenebrio::Orujo30,Tenebrio,main,Orujo30,orujo,30,2,47.979408918219136,41.99131486574807,,5.988094052471062,
all_rows,species_diet,REDUCED,False,Dummy_SpeciesMean,Tenebrio::Orujo30,Tenebrio,main,Orujo30,orujo,30,3,47.50313823303477,41.99131486574807,,5.511823367286695,
all_rows,species_diet,REDUCED,False,GP_Compuesto_NoARD,Tenebrio::Orujo30,Tenebrio,main,Orujo30,orujo,30,1,44.05632136428663,36.58070230437429,6.299240797419975,7.47561905991234,True
all_rows,species_diet,REDUCED,False,GP_Compuesto_NoARD,Tenebrio::Orujo30,Tenebrio,main,Orujo30,orujo,30,2,47.979408918219136,36.58070230437429,6.299240797419975,11.398706613844844,True
all_rows,species_diet,REDUCED,False,GP_Compuesto_NoARD,Tenebrio::Orujo30,Tenebrio,main,Orujo30,orujo,30,3,47.50313823303477,36.58070230437429,6.299240797419975,10.922435928660477,True
all_rows,species_diet,REDUCED,False,Dummy_GlobalMean,Tenebrio::Orujo50,Tenebrio,main,Orujo50,orujo,50,1,46.60615150745108,36.955098370290706,,9.651053137160375,
all_rows,species_diet,REDUCED,False,Dummy_GlobalMean,Tenebrio::Orujo50,Tenebrio,main,Orujo50,orujo,50,2,47.61168446896416,36.955098370290706,,10.65658609867345,
all_rows,species_diet,REDUCED,False,Dummy_GlobalMean,Tenebrio::Orujo50,Tenebrio,main,Orujo50,orujo,50,3,47.14274409630263,36.955098370290706,,10.187645726011922,
all_rows,species_diet,REDUCED,False,Dummy_SpeciesMean,Tenebrio::Orujo50,Tenebrio,main,Orujo50,orujo,50,1,46.60615150745108,41.95694294957491,,4.649208557876172,
all_rows,species_diet,REDUCED,False,Dummy_SpeciesMean,Tenebrio::Orujo50,Tenebrio,main,Orujo50,orujo,50,2,47.61168446896416,41.95694294957491,,5.654741519389248,
all_rows,species_diet,REDUCED,False,Dummy_SpeciesMean,Tenebrio::Orujo50,Tenebrio,main,Orujo50,orujo,50,3,47.14274409630263,41.95694294957491,,5.185801146727719,
all_rows,species_diet,REDUCED,False,GP_Compuesto_NoARD,Tenebrio::Orujo50,Tenebrio,main,Orujo50,orujo,50,1,46.60615150745108,38.22057825164031,3.6315986890501533,8.385573255810769,False
all_rows,species_diet,REDUCED,False,GP_Compuesto_NoARD,Tenebrio::Orujo50,Tenebrio,main,Orujo50,orujo,50,2,47.61168446896416,38.22057825164031,3.6315986890501533,9.391106217323845,False
all_rows,species_diet,REDUCED,False,GP_Compuesto_NoARD,Tenebrio::Orujo50,Tenebrio,main,Orujo50,orujo,50,3,47.14274409630263,38.22057825164032,3.6315986890501515,8.92216584466231,False
all_rows,species_diet,REDUCED,False,Dummy_GlobalMean,Tenebrio::Orujo70,Tenebrio,main,Orujo70,orujo,70,1,42.989125105205865,37.10913774879193,,5.879987356413935,
all_rows,species_diet,REDUCED,False,Dummy_GlobalMean,Tenebrio::Orujo70,Tenebrio,main,Orujo70,orujo,70,2,42.37318058656684,37.10913774879193,,5.264042837774909,
all_rows,species_diet,REDUCED,False,Dummy_GlobalMean,Tenebrio::Orujo70,Tenebrio,main,Orujo70,orujo,70,3,42.75088782983994,37.10913774879193,,5.641750081048009,
all_rows,species_diet,REDUCED,False,Dummy_SpeciesMean,Tenebrio::Orujo70,Tenebrio,main,Orujo70,orujo,70,1,42.989125105205865,42.20689363921841,,0.7822314659874579,
all_rows,species_diet,REDUCED,False,Dummy_SpeciesMean,Tenebrio::Orujo70,Tenebrio,main,Orujo70,orujo,70,2,42.37318058656684,42.20689363921841,,0.16628694734843208,
all_rows,species_diet,REDUCED,False,Dummy_SpeciesMean,Tenebrio::Orujo70,Tenebrio,main,Orujo70,orujo,70,3,42.75088782983994,42.20689363921841,,0.5439941906215324,
all_rows,species_diet,REDUCED,False,GP_Compuesto_NoARD,Tenebrio::Orujo70,Tenebrio,main,Orujo70,orujo,70,1,42.989125105205865,36.46718577546645,3.894567932913453,6.521939329739418,True
all_rows,species_diet,REDUCED,False,GP_Compuesto_NoARD,Tenebrio::Orujo70,Tenebrio,main,Orujo70,orujo,70,2,42.37318058656684,36.46718577546645,3.894567932913453,5.905994811100392,True
all_rows,species_diet,REDUCED,False,GP_Compuesto_NoARD,Tenebrio::Orujo70,Tenebrio,main,Orujo70,orujo,70,3,42.75088782983994,36.467185775466454,3.894567932913453,6.283702054373485,True
all_rows,species_diet,REDUCED,False,Dummy_GlobalMean,Tenebrio::Orujo90,Tenebrio,main,Orujo90,orujo,90,1,42.63455462687377,37.175399689099976,,5.459154937773796,
all_rows,species_diet,REDUCED,False,Dummy_GlobalMean,Tenebrio::Orujo90,Tenebrio,main,Orujo90,orujo,90,2,39.46090226095632,37.175399689099976,,2.285502571856341,
all_rows,species_diet,REDUCED,False,Dummy_GlobalMean,Tenebrio::Orujo90,Tenebrio,main,Orujo90,orujo,90,3,40.31920976729068,37.175399689099976,,3.143810078190704,
all_rows,species_diet,REDUCED,False,Dummy_SpeciesMean,Tenebrio::Orujo90,Tenebrio,main,Orujo90,orujo,90,1,42.63455462687377,42.31441301405788,,0.32014161281589537,
all_rows,species_diet,REDUCED,False,Dummy_SpeciesMean,Tenebrio::Orujo90,Tenebrio,main,Orujo90,orujo,90,2,39.46090226095632,42.31441301405788,,2.8535107531015598,
all_rows,species_diet,REDUCED,False,Dummy_SpeciesMean,Tenebrio::Orujo90,Tenebrio,main,Orujo90,orujo,90,3,40.31920976729068,42.31441301405788,,1.995203246767197,
all_rows,species_diet,REDUCED,False,GP_Compuesto_NoARD,Tenebrio::Orujo90,Tenebrio,main,Orujo90,orujo,90,1,42.63455462687377,27.369074893323855,3.581572954885567,15.265479733549917,False
all_rows,species_diet,REDUCED,False,GP_Compuesto_NoARD,Tenebrio::Orujo90,Tenebrio,main,Orujo90,orujo,90,2,39.46090226095632,27.369074893323855,3.581572954885567,12.091827367632462,False
all_rows,species_diet,REDUCED,False,GP_Compuesto_NoARD,Tenebrio::Orujo90,Tenebrio,main,Orujo90,orujo,90,3,40.31920976729068,27.36907489332387,3.581572954885567,12.95013487396681,False
all_rows,species_diet,REDUCED,False,Dummy_GlobalMean,Tenebrio::Posos café horno15,Tenebrio,coffee_orujillo,Posos café horno15,cafe,15,1,39.947,37.18411674322929,,2.7628832567707136,
all_rows,species_diet,REDUCED,False,Dummy_GlobalMean,Tenebrio::Posos café horno15,Tenebrio,coffee_orujillo,Posos café horno15,cafe,15,2,40.029,37.18411674322929,,2.8448832567707143,
all_rows,species_diet,REDUCED,False,Dummy_GlobalMean,Tenebrio::Posos café horno15,Tenebrio,coffee_orujillo,Posos café horno15,cafe,15,3,41.689,37.18411674322929,,4.504883256770711,
all_rows,species_diet,REDUCED,False,Dummy_SpeciesMean,Tenebrio::Posos café horno15,Tenebrio,coffee_orujillo,Posos café horno15,cafe,15,1,39.947,42.32855766792808,,2.381557667928078,
all_rows,species_diet,REDUCED,False,Dummy_SpeciesMean,Tenebrio::Posos café horno15,Tenebrio,coffee_orujillo,Posos café horno15,cafe,15,2,40.029,42.32855766792808,,2.2995576679280774,
all_rows,species_diet,REDUCED,False,Dummy_SpeciesMean,Tenebrio::Posos café horno15,Tenebrio,coffee_orujillo,Posos café horno15,cafe,15,3,41.689,42.32855766792808,,0.6395576679280808,
all_rows,species_diet,REDUCED,False,GP_Compuesto_NoARD,Tenebrio::Posos café horno15,Tenebrio,coffee_orujillo,Posos café horno15,cafe,15,1,39.947,50.04760172777382,6.538340445731511,10.100601727773814,True
all_rows,species_diet,REDUCED,False,GP_Compuesto_NoARD,Tenebrio::Posos café horno15,Tenebrio,coffee_orujillo,Posos café horno15,cafe,15,2,40.029,50.04760172777382,6.538340445731511,10.018601727773813,True
all_rows,species_diet,REDUCED,False,GP_Compuesto_NoARD,Tenebrio::Posos café horno15,Tenebrio,coffee_orujillo,Posos café horno15,cafe,15,3,41.689,50.04760172777382,6.53834044573152,8.358601727773816,True
all_rows,species_diet,REDUCED,False,Dummy_GlobalMean,Tenebrio::Posos café liof15,Tenebrio,coffee_orujillo,Posos café liof15,cafe,15,1,48.241,36.984678619743896,,11.256321380256104,
all_rows,species_diet,REDUCED,False,Dummy_GlobalMean,Tenebrio::Posos café liof15,Tenebrio,coffee_orujillo,Posos café liof15,cafe,15,2,53.591,36.984678619743896,,16.606321380256105,
all_rows,species_diet,REDUCED,False,Dummy_SpeciesMean,Tenebrio::Posos café liof15,Tenebrio,coffee_orujillo,Posos café liof15,cafe,15,1,48.241,41.91197326667015,,6.329026733329847,
all_rows,species_diet,REDUCED,False,Dummy_SpeciesMean,Tenebrio::Posos café liof15,Tenebrio,coffee_orujillo,Posos café liof15,cafe,15,2,53.591,41.91197326667015,,11.679026733329849,
all_rows,species_diet,REDUCED,False,GP_Compuesto_NoARD,Tenebrio::Posos café liof15,Tenebrio,coffee_orujillo,Posos café liof15,cafe,15,1,48.241,40.67291730865505,4.241789112155214,7.568082691344948,True
all_rows,species_diet,REDUCED,False,GP_Compuesto_NoARD,Tenebrio::Posos café liof15,Tenebrio,coffee_orujillo,Posos café liof15,cafe,15,2,53.591,40.67291730865505,4.241789112155214,12.91808269134495,False
all_rows,species_diet,REDUCED,False,Dummy_GlobalMean,Tenebrio::Quinoa15,Tenebrio,main,Quinoa15,quinoa,15,1,46.2406551012102,36.91236096554056,,9.328294135669644,
all_rows,species_diet,REDUCED,False,Dummy_GlobalMean,Tenebrio::Quinoa15,Tenebrio,main,Quinoa15,quinoa,15,2,49.74165607410812,36.91236096554056,,12.829295108567564,
all_rows,species_diet,REDUCED,False,Dummy_GlobalMean,Tenebrio::Quinoa15,Tenebrio,main,Quinoa15,quinoa,15,3,49.0536857059127,36.91236096554056,,12.141324740372141,
all_rows,species_diet,REDUCED,False,Dummy_SpeciesMean,Tenebrio::Quinoa15,Tenebrio,main,Quinoa15,quinoa,15,1,46.2406551012102,41.88759546262183,,4.35305963858837,
all_rows,species_diet,REDUCED,False,Dummy_SpeciesMean,Tenebrio::Quinoa15,Tenebrio,main,Quinoa15,quinoa,15,2,49.74165607410812,41.88759546262183,,7.85406061148629,
all_rows,species_diet,REDUCED,False,Dummy_SpeciesMean,Tenebrio::Quinoa15,Tenebrio,main,Quinoa15,quinoa,15,3,49.0536857059127,41.88759546262183,,7.166090243290867,
all_rows,species_diet,REDUCED,False,GP_Compuesto_NoARD,Tenebrio::Quinoa15,Tenebrio,main,Quinoa15,quinoa,15,1,46.2406551012102,40.34710803527363,4.34577737552374,5.893547065936573,True
all_rows,species_diet,REDUCED,False,GP_Compuesto_NoARD,Tenebrio::Quinoa15,Tenebrio,main,Quinoa15,quinoa,15,2,49.74165607410812,40.34710803527363,4.34577737552374,9.394548038834493,False
all_rows,species_diet,REDUCED,False,GP_Compuesto_NoARD,Tenebrio::Quinoa15,Tenebrio,main,Quinoa15,quinoa,15,3,49.0536857059127,40.347108035273614,4.34577737552374,8.706577670639085,False
all_rows,species_diet,REDUCED,False,Dummy_GlobalMean,Tenebrio::Quinoa30,Tenebrio,main,Quinoa30,quinoa,30,1,47.1681642185215,36.97413083480624,,10.194033383715258,
all_rows,species_diet,REDUCED,False,Dummy_GlobalMean,Tenebrio::Quinoa30,Tenebrio,main,Quinoa30,quinoa,30,2,45.28074275235599,36.97413083480624,,8.306611917549752,
all_rows,species_diet,REDUCED,False,Dummy_GlobalMean,Tenebrio::Quinoa30,Tenebrio,main,Quinoa30,quinoa,30,3,47.27488115350477,36.97413083480624,,10.300750318698533,
all_rows,species_diet,REDUCED,False,Dummy_SpeciesMean,Tenebrio::Quinoa30,Tenebrio,main,Quinoa30,quinoa,30,1,47.1681642185215,41.98782581652465,,5.180338401996849,
all_rows,species_diet,REDUCED,False,Dummy_SpeciesMean,Tenebrio::Quinoa30,Tenebrio,main,Quinoa30,quinoa,30,2,45.28074275235599,41.98782581652465,,3.292916935831343,
all_rows,species_diet,REDUCED,False,Dummy_SpeciesMean,Tenebrio::Quinoa30,Tenebrio,main,Quinoa30,quinoa,30,3,47.27488115350477,41.98782581652465,,5.287055336980124,
all_rows,species_diet,REDUCED,False,GP_Compuesto_NoARD,Tenebrio::Quinoa30,Tenebrio,main,Quinoa30,quinoa,30,1,47.1681642185215,42.397263506045135,4.384066971531495,4.770900712476362,True
all_rows,species_diet,REDUCED,False,GP_Compuesto_NoARD,Tenebrio::Quinoa30,Tenebrio,main,Quinoa30,quinoa,30,2,45.28074275235599,42.397263506045135,4.384066971531495,2.8834792463108556,True
all_rows,species_diet,REDUCED,False,GP_Compuesto_NoARD,Tenebrio::Quinoa30,Tenebrio,main,Quinoa30,quinoa,30,3,47.27488115350477,42.397263506045135,4.384066971531496,4.877617647459637,True
all_rows,species_diet,REDUCED,False,Dummy_GlobalMean,Tenebrio::Quinoa50,Tenebrio,main,Quinoa50,quinoa,50,1,46.3907897545748,36.96909036255715,,9.42169939201765,
all_rows,species_diet,REDUCED,False,Dummy_GlobalMean,Tenebrio::Quinoa50,Tenebrio,main,Quinoa50,quinoa,50,2,46.509235603005465,36.96909036255715,,9.540145240448318,
all_rows,species_diet,REDUCED,False,Dummy_GlobalMean,Tenebrio::Quinoa50,Tenebrio,main,Quinoa50,quinoa,50,3,47.25724338022376,36.96909036255715,,10.288153017666616,
all_rows,species_diet,REDUCED,False,Dummy_SpeciesMean,Tenebrio::Quinoa50,Tenebrio,main,Quinoa50,quinoa,50,1,46.3907897545748,41.97964693702612,,4.411142817548679,
all_rows,species_diet,REDUCED,False,Dummy_SpeciesMean,Tenebrio::Quinoa50,Tenebrio,main,Quinoa50,quinoa,50,2,46.509235603005465,41.97964693702612,,4.529588665979347,
all_rows,species_diet,REDUCED,False,Dummy_SpeciesMean,Tenebrio::Quinoa50,Tenebrio,main,Quinoa50,quinoa,50,3,47.25724338022376,41.97964693702612,,5.277596443197645,
all_rows,species_diet,REDUCED,False,GP_Compuesto_NoARD,Tenebrio::Quinoa50,Tenebrio,main,Quinoa50,quinoa,50,1,46.3907897545748,37.72369433813154,6.342477499426161,8.66709541644326,True
all_rows,species_diet,REDUCED,False,GP_Compuesto_NoARD,Tenebrio::Quinoa50,Tenebrio,main,Quinoa50,quinoa,50,2,46.509235603005465,37.72369433813154,6.342477499426161,8.785541264873928,True
all_rows,species_diet,REDUCED,False,GP_Compuesto_NoARD,Tenebrio::Quinoa50,Tenebrio,main,Quinoa50,quinoa,50,3,47.25724338022376,37.72369433813154,6.342477499426161,9.533549042092226,True
all_rows,species_diet,REDUCED,True,Dummy_GlobalMean,Hermetia::Control,Hermetia,main,Control,control,0,1,32.29822786111878,37.48477351176736,,5.186545650648576,
all_rows,species_diet,REDUCED,True,Dummy_GlobalMean,Hermetia::Control,Hermetia,main,Control,control,0,2,31.9882734211747,37.48477351176736,,5.496500090592658,
all_rows,species_diet,REDUCED,True,Dummy_GlobalMean,Hermetia::Control,Hermetia,main,Control,control,0,3,31.52201662343253,37.48477351176736,,5.962756888334827,
all_rows,species_diet,REDUCED,True,Dummy_SpeciesMean,Hermetia::Control,Hermetia,main,Control,control,0,1,32.29822786111878,28.620398853726808,,3.677829007391974,
all_rows,species_diet,REDUCED,True,Dummy_SpeciesMean,Hermetia::Control,Hermetia,main,Control,control,0,2,31.9882734211747,28.620398853726808,,3.367874567447892,
all_rows,species_diet,REDUCED,True,Dummy_SpeciesMean,Hermetia::Control,Hermetia,main,Control,control,0,3,31.52201662343253,28.620398853726808,,2.901617769705723,
all_rows,species_diet,REDUCED,True,GP_Compuesto_NoARD,Hermetia::Control,Hermetia,main,Control,control,0,1,32.29822786111878,26.72238861336923,3.4350840770571445,5.575839247749553,True
all_rows,species_diet,REDUCED,True,GP_Compuesto_NoARD,Hermetia::Control,Hermetia,main,Control,control,0,2,31.9882734211747,26.72238861336923,3.4350840770571445,5.26588480780547,True
all_rows,species_diet,REDUCED,True,GP_Compuesto_NoARD,Hermetia::Control,Hermetia,main,Control,control,0,3,31.52201662343253,26.722388613369233,3.4350840770571445,4.799628010063298,True
all_rows,species_diet,REDUCED,True,Dummy_GlobalMean,Hermetia::Hoja15,Hermetia,main,Hoja15,hoja,15,1,32.439876828877715,37.502880080278075,,5.06300325140036,
all_rows,species_diet,REDUCED,True,Dummy_GlobalMean,Hermetia::Hoja15,Hermetia,main,Hoja15,hoja,15,2,31.861332823005377,37.502880080278075,,5.641547257272698,
all_rows,species_diet,REDUCED,True,Dummy_GlobalMean,Hermetia::Hoja15,Hermetia,main,Hoja15,hoja,15,3,29.950143361921626,37.502880080278075,,7.552736718356449,
all_rows,species_diet,REDUCED,True,Dummy_SpeciesMean,Hermetia::Hoja15,Hermetia,main,Hoja15,hoja,15,1,32.439876828877715,28.672304350124186,,3.7675724787535287,
all_rows,species_diet,REDUCED,True,Dummy_SpeciesMean,Hermetia::Hoja15,Hermetia,main,Hoja15,hoja,15,2,31.861332823005377,28.672304350124186,,3.1890284728811906,
all_rows,species_diet,REDUCED,True,Dummy_SpeciesMean,Hermetia::Hoja15,Hermetia,main,Hoja15,hoja,15,3,29.950143361921626,28.672304350124186,,1.2778390117974396,
all_rows,species_diet,REDUCED,True,GP_Compuesto_NoARD,Hermetia::Hoja15,Hermetia,main,Hoja15,hoja,15,1,32.439876828877715,29.961489140897378,2.761964445961814,2.4783876879803373,True
all_rows,species_diet,REDUCED,True,GP_Compuesto_NoARD,Hermetia::Hoja15,Hermetia,main,Hoja15,hoja,15,2,31.861332823005377,29.961489140897378,2.761964445961814,1.8998436821079991,True
all_rows,species_diet,REDUCED,True,GP_Compuesto_NoARD,Hermetia::Hoja15,Hermetia,main,Hoja15,hoja,15,3,29.950143361921626,29.961489140897385,2.7619644459618127,0.011345778975758947,True
all_rows,species_diet,REDUCED,True,Dummy_GlobalMean,Hermetia::Hoja30,Hermetia,main,Hoja30,hoja,30,1,24.518904936914268,37.747058888783066,,13.228153951868798,
all_rows,species_diet,REDUCED,True,Dummy_GlobalMean,Hermetia::Hoja30,Hermetia,main,Hoja30,hoja,30,2,23.472591934148408,37.747058888783066,,14.274466954634658,
all_rows,species_diet,REDUCED,True,Dummy_GlobalMean,Hermetia::Hoja30,Hermetia,main,Hoja30,hoja,30,3,25.260478611312173,37.747058888783066,,12.486580277470892,
all_rows,species_diet,REDUCED,True,Dummy_SpeciesMean,Hermetia::Hoja30,Hermetia,main,Hoja30,hoja,30,1,24.518904936914268,29.372283601171848,,4.85337866425758,
all_rows,species_diet,REDUCED,True,Dummy_SpeciesMean,Hermetia::Hoja30,Hermetia,main,Hoja30,hoja,30,2,23.472591934148408,29.372283601171848,,5.89969166702344,
all_rows,species_diet,REDUCED,True,Dummy_SpeciesMean,Hermetia::Hoja30,Hermetia,main,Hoja30,hoja,30,3,25.260478611312173,29.372283601171848,,4.1118049898596745,
all_rows,species_diet,REDUCED,True,GP_Compuesto_NoARD,Hermetia::Hoja30,Hermetia,main,Hoja30,hoja,30,1,24.518904936914268,29.370958165911436,2.035388818302157,4.852053228997168,False
all_rows,species_diet,REDUCED,True,GP_Compuesto_NoARD,Hermetia::Hoja30,Hermetia,main,Hoja30,hoja,30,2,23.472591934148408,29.370958165911436,2.035388818302157,5.898366231763028,False
all_rows,species_diet,REDUCED,True,GP_Compuesto_NoARD,Hermetia::Hoja30,Hermetia,main,Hoja30,hoja,30,3,25.260478611312173,29.37095816591144,2.035388818302157,4.110479554599266,False
all_rows,species_diet,REDUCED,True,Dummy_GlobalMean,Hermetia::Hoja50,Hermetia,main,Hoja50,hoja,50,1,22.677020960046544,37.78357617012859,,15.106555210082046,
all_rows,species_diet,REDUCED,True,Dummy_GlobalMean,Hermetia::Hoja50,Hermetia,main,Hoja50,hoja,50,2,23.384593109734844,37.78357617012859,,14.398983060393746,
all_rows,species_diet,REDUCED,True,Dummy_GlobalMean,Hermetia::Hoja50,Hermetia,main,Hoja50,hoja,50,3,24.04987521687871,37.78357617012859,,13.73370095324988,
all_rows,species_diet,REDUCED,True,Dummy_SpeciesMean,Hermetia::Hoja50,Hermetia,main,Hoja50,hoja,50,1,22.677020960046544,29.47696647436234,,6.7999455143157945,
all_rows,species_diet,REDUCED,True,Dummy_SpeciesMean,Hermetia::Hoja50,Hermetia,main,Hoja50,hoja,50,2,23.384593109734844,29.47696647436234,,6.092373364627495,
all_rows,species_diet,REDUCED,True,Dummy_SpeciesMean,Hermetia::Hoja50,Hermetia,main,Hoja50,hoja,50,3,24.04987521687871,29.47696647436234,,5.427091257483628,
all_rows,species_diet,REDUCED,True,GP_Compuesto_NoARD,Hermetia::Hoja50,Hermetia,main,Hoja50,hoja,50,1,22.677020960046544,26.996880273841757,2.870889828003639,4.319859313795213,True
all_rows,species_diet,REDUCED,True,GP_Compuesto_NoARD,Hermetia::Hoja50,Hermetia,main,Hoja50,hoja,50,2,23.384593109734844,26.996880273841757,2.870889828003639,3.612287164106913,True
all_rows,species_diet,REDUCED,True,GP_Compuesto_NoARD,Hermetia::Hoja50,Hermetia,main,Hoja50,hoja,50,3,24.04987521687871,26.996880273841754,2.8708898280036412,2.947005056963043,True
all_rows,species_diet,REDUCED,True,Dummy_GlobalMean,Hermetia::Orujo30,Hermetia,main,Orujo30,orujo,30,1,31.314123313447407,37.54108425157334,,6.226960938125931,
all_rows,species_diet,REDUCED,True,Dummy_GlobalMean,Hermetia::Orujo30,Hermetia,main,Orujo30,orujo,30,2,28.651274165528747,37.54108425157334,,8.88981008604459,
all_rows,species_diet,REDUCED,True,Dummy_GlobalMean,Hermetia::Orujo30,Hermetia,main,Orujo30,orujo,30,3,31.00039680343508,37.54108425157334,,6.540687448138257,
all_rows,species_diet,REDUCED,True,Dummy_SpeciesMean,Hermetia::Orujo30,Hermetia,main,Orujo30,orujo,30,1,31.314123313447407,28.78182297450397,,2.532300338943436,
all_rows,species_diet,REDUCED,True,Dummy_SpeciesMean,Hermetia::Orujo30,Hermetia,main,Orujo30,orujo,30,2,28.651274165528747,28.78182297450397,,0.1305488089752238,
all_rows,species_diet,REDUCED,True,Dummy_SpeciesMean,Hermetia::Orujo30,Hermetia,main,Orujo30,orujo,30,3,31.00039680343508,28.78182297450397,,2.2185738289311097,
all_rows,species_diet,REDUCED,True,GP_Compuesto_NoARD,Hermetia::Orujo30,Hermetia,main,Orujo30,orujo,30,1,31.314123313447407,31.930155340606227,2.645054105403385,0.6160320271588198,True
all_rows,species_diet,REDUCED,True,GP_Compuesto_NoARD,Hermetia::Orujo30,Hermetia,main,Orujo30,orujo,30,2,28.651274165528747,31.930155340606227,2.645054105403385,3.27888117507748,True
all_rows,species_diet,REDUCED,True,GP_Compuesto_NoARD,Hermetia::Orujo30,Hermetia,main,Orujo30,orujo,30,3,31.00039680343508,31.930155340606223,2.645054105403384,0.9297585371711428,True
all_rows,species_diet,REDUCED,True,Dummy_GlobalMean,Hermetia::Orujo50,Hermetia,main,Orujo50,orujo,50,1,32.02004533085088,37.47740536186495,,5.457360031014076,
all_rows,species_diet,REDUCED,True,Dummy_GlobalMean,Hermetia::Orujo50,Hermetia,main,Orujo50,orujo,50,2,33.161725303735146,37.47740536186495,,4.315680058129807,
all_rows,species_diet,REDUCED,True,Dummy_GlobalMean,Hermetia::Orujo50,Hermetia,main,Orujo50,orujo,50,3,31.260408162746693,37.47740536186495,,6.216997199118261,
all_rows,species_diet,REDUCED,True,Dummy_SpeciesMean,Hermetia::Orujo50,Hermetia,main,Orujo50,orujo,50,1,32.02004533085088,28.599276824006587,,3.42076850684429,
all_rows,species_diet,REDUCED,True,Dummy_SpeciesMean,Hermetia::Orujo50,Hermetia,main,Orujo50,orujo,50,2,33.161725303735146,28.599276824006587,,4.562448479728559,
all_rows,species_diet,REDUCED,True,Dummy_SpeciesMean,Hermetia::Orujo50,Hermetia,main,Orujo50,orujo,50,3,31.260408162746693,28.599276824006587,,2.6611313387401054,
all_rows,species_diet,REDUCED,True,GP_Compuesto_NoARD,Hermetia::Orujo50,Hermetia,main,Orujo50,orujo,50,1,32.02004533085088,29.99634948016459,2.056540962662653,2.0236958506862877,True
all_rows,species_diet,REDUCED,True,GP_Compuesto_NoARD,Hermetia::Orujo50,Hermetia,main,Orujo50,orujo,50,2,33.161725303735146,29.99634948016459,2.056540962662653,3.1653758235705567,True
all_rows,species_diet,REDUCED,True,GP_Compuesto_NoARD,Hermetia::Orujo50,Hermetia,main,Orujo50,orujo,50,3,31.260408162746693,29.996349480164593,2.056540962662658,1.2640586825820996,True
all_rows,species_diet,REDUCED,True,Dummy_GlobalMean,Hermetia::Orujo70,Hermetia,main,Orujo70,orujo,70,1,28.145262440510347,37.64295176112395,,9.497689320613606,
all_rows,species_diet,REDUCED,True,Dummy_GlobalMean,Hermetia::Orujo70,Hermetia,main,Orujo70,orujo,70,2,27.19851217684783,37.64295176112395,,10.444439584276122,
all_rows,species_diet,REDUCED,True,Dummy_GlobalMean,Hermetia::Orujo70,Hermetia,main,Orujo70,orujo,70,3,26.86141384370052,37.64295176112395,,10.781537917423432,
all_rows,species_diet,REDUCED,True,Dummy_SpeciesMean,Hermetia::Orujo70,Hermetia,main,Orujo70,orujo,70,1,28.145262440510347,29.073843168549054,,0.9285807280387068,
all_rows,species_diet,REDUCED,True,Dummy_SpeciesMean,Hermetia::Orujo70,Hermetia,main,Orujo70,orujo,70,2,27.19851217684783,29.073843168549054,,1.8753309917012224,
all_rows,species_diet,REDUCED,True,Dummy_SpeciesMean,Hermetia::Orujo70,Hermetia,main,Orujo70,orujo,70,3,26.86141384370052,29.073843168549054,,2.2124293248485323,
all_rows,species_diet,REDUCED,True,GP_Compuesto_NoARD,Hermetia::Orujo70,Hermetia,main,Orujo70,orujo,70,1,28.145262440510347,29.113893975771006,2.079220746418362,0.9686315352606591,True
all_rows,species_diet,REDUCED,True,GP_Compuesto_NoARD,Hermetia::Orujo70,Hermetia,main,Orujo70,orujo,70,2,27.19851217684783,29.113893975771006,2.079220746418362,1.9153817989231747,True
all_rows,species_diet,REDUCED,True,GP_Compuesto_NoARD,Hermetia::Orujo70,Hermetia,main,Orujo70,orujo,70,3,26.86141384370052,29.113893975771006,2.0792207464183554,2.2524801320704846,True
all_rows,species_diet,REDUCED,True,Dummy_GlobalMean,Hermetia::Orujo90,Hermetia,main,Orujo90,orujo,90,1,27.992592815001228,37.672772181625334,,9.680179366624106,
all_rows,species_diet,REDUCED,True,Dummy_GlobalMean,Hermetia::Orujo90,Hermetia,main,Orujo90,orujo,90,2,23.674781663935857,37.672772181625334,,13.997990517689477,
all_rows,species_diet,REDUCED,True,Dummy_GlobalMean,Hermetia::Orujo90,Hermetia,main,Orujo90,orujo,90,3,27.97325781900284,37.672772181625334,,9.699514362622494,
all_rows,species_diet,REDUCED,True,Dummy_SpeciesMean,Hermetia::Orujo90,Hermetia,main,Orujo90,orujo,90,1,27.992592815001228,29.159328373986344,,1.166735558985117,
all_rows,species_diet,REDUCED,True,Dummy_SpeciesMean,Hermetia::Orujo90,Hermetia,main,Orujo90,orujo,90,2,23.674781663935857,29.159328373986344,,5.484546710050488,
all_rows,species_diet,REDUCED,True,Dummy_SpeciesMean,Hermetia::Orujo90,Hermetia,main,Orujo90,orujo,90,3,27.97325781900284,29.159328373986344,,1.1860705549835053,
all_rows,species_diet,REDUCED,True,GP_Compuesto_NoARD,Hermetia::Orujo90,Hermetia,main,Orujo90,orujo,90,1,27.992592815001228,26.647222545405395,3.864142374984132,1.3453702695958327,True
all_rows,species_diet,REDUCED,True,GP_Compuesto_NoARD,Hermetia::Orujo90,Hermetia,main,Orujo90,orujo,90,2,23.674781663935857,26.647222545405395,3.864142374984132,2.972440881469538,True
all_rows,species_diet,REDUCED,True,GP_Compuesto_NoARD,Hermetia::Orujo90,Hermetia,main,Orujo90,orujo,90,3,27.97325781900284,26.64722254540539,3.864142374984132,1.3260352735974479,True
all_rows,species_diet,REDUCED,True,Dummy_GlobalMean,Hermetia::Quinoa15,Hermetia,main,Quinoa15,quinoa,15,1,32.25326659440655,37.5255580287764,,5.272291434369855,
all_rows,species_diet,REDUCED,True,Dummy_GlobalMean,Hermetia::Quinoa15,Hermetia,main,Quinoa15,quinoa,15,2,30.29567215292689,37.5255580287764,,7.2298858758495115,
all_rows,species_diet,REDUCED,True,Dummy_GlobalMean,Hermetia::Quinoa15,Hermetia,main,Quinoa15,quinoa,15,3,29.75211069561501,37.5255580287764,,7.773447333161393,
all_rows,species_diet,REDUCED,True,Dummy_SpeciesMean,Hermetia::Quinoa15,Hermetia,main,Quinoa15,quinoa,15,1,32.25326659440655,28.73731446915273,,3.5159521252538184,
all_rows,species_diet,REDUCED,True,Dummy_SpeciesMean,Hermetia::Quinoa15,Hermetia,main,Quinoa15,quinoa,15,2,30.29567215292689,28.73731446915273,,1.5583576837741617,
all_rows,species_diet,REDUCED,True,Dummy_SpeciesMean,Hermetia::Quinoa15,Hermetia,main,Quinoa15,quinoa,15,3,29.75211069561501,28.73731446915273,,1.0147962264622805,
all_rows,species_diet,REDUCED,True,GP_Compuesto_NoARD,Hermetia::Quinoa15,Hermetia,main,Quinoa15,quinoa,15,1,32.25326659440655,32.31901947656324,2.4104277500266442,0.06575288215669417,True
all_rows,species_diet,REDUCED,True,GP_Compuesto_NoARD,Hermetia::Quinoa15,Hermetia,main,Quinoa15,quinoa,15,2,30.29567215292689,32.31901947656324,2.4104277500266442,2.023347323636351,True
all_rows,species_diet,REDUCED,True,GP_Compuesto_NoARD,Hermetia::Quinoa15,Hermetia,main,Quinoa15,quinoa,15,3,29.75211069561501,32.31901947656324,2.4104277500266442,2.566908780948232,True
all_rows,species_diet,REDUCED,True,Dummy_GlobalMean,Hermetia::Quinoa30,Hermetia,main,Quinoa30,quinoa,30,1,30.76039775705413,37.55286868940771,,6.792470932353581,
all_rows,species_diet,REDUCED,True,Dummy_GlobalMean,Hermetia::Quinoa30,Hermetia,main,Quinoa30,quinoa,30,2,29.22593647982689,37.55286868940771,,8.326932209580821,
all_rows,species_diet,REDUCED,True,Dummy_GlobalMean,Hermetia::Quinoa30,Hermetia,main,Quinoa30,quinoa,30,3,29.965998391774416,37.55286868940771,,7.586870297633293,
all_rows,species_diet,REDUCED,True,Dummy_SpeciesMean,Hermetia::Quinoa30,Hermetia,main,Quinoa30,quinoa,30,1,30.76039775705413,28.815605029629165,,1.9447927274249643,
all_rows,species_diet,REDUCED,True,Dummy_SpeciesMean,Hermetia::Quinoa30,Hermetia,main,Quinoa30,quinoa,30,2,29.22593647982689,28.815605029629165,,0.41033145019772377,
all_rows,species_diet,REDUCED,True,Dummy_SpeciesMean,Hermetia::Quinoa30,Hermetia,main,Quinoa30,quinoa,30,3,29.965998391774416,28.815605029629165,,1.1503933621452518,
all_rows,species_diet,REDUCED,True,GP_Compuesto_NoARD,Hermetia::Quinoa30,Hermetia,main,Quinoa30,quinoa,30,1,30.76039775705413,31.921484166549376,2.087291601485278,1.1610864094952476,True
all_rows,species_diet,REDUCED,True,GP_Compuesto_NoARD,Hermetia::Quinoa30,Hermetia,main,Quinoa30,quinoa,30,2,29.22593647982689,31.921484166549376,2.087291601485278,2.695547686722488,True
all_rows,species_diet,REDUCED,True,GP_Compuesto_NoARD,Hermetia::Quinoa30,Hermetia,main,Quinoa30,quinoa,30,3,29.965998391774416,31.921484166549373,2.0872916014852794,1.9554857747749566,True
all_rows,species_diet,REDUCED,True,Dummy_GlobalMean,Hermetia::Quinoa50,Hermetia,main,Quinoa50,quinoa,50,1,30.811944171324868,37.55824497673373,,6.746300805408865,
all_rows,species_diet,REDUCED,True,Dummy_GlobalMean,Hermetia::Quinoa50,Hermetia,main,Quinoa50,quinoa,50,2,28.23608632105669,37.55824497673373,,9.322158655677043,
all_rows,species_diet,REDUCED,True,Dummy_GlobalMean,Hermetia::Quinoa50,Hermetia,main,Quinoa50,quinoa,50,3,30.441941426236617,37.55824497673373,,7.116303550497115,
all_rows,species_diet,REDUCED,True,Dummy_SpeciesMean,Hermetia::Quinoa50,Hermetia,main,Quinoa50,quinoa,50,1,30.811944171324868,28.83101705329707,,1.9809271180277968,
all_rows,species_diet,REDUCED,True,Dummy_SpeciesMean,Hermetia::Quinoa50,Hermetia,main,Quinoa50,quinoa,50,2,28.23608632105669,28.83101705329707,,0.5949307322403818,
all_rows,species_diet,REDUCED,True,Dummy_SpeciesMean,Hermetia::Quinoa50,Hermetia,main,Quinoa50,quinoa,50,3,30.441941426236617,28.83101705329707,,1.6109243729395466,
all_rows,species_diet,REDUCED,True,GP_Compuesto_NoARD,Hermetia::Quinoa50,Hermetia,main,Quinoa50,quinoa,50,1,30.811944171324868,31.447899992466915,2.47727778233073,0.6359558211420477,True
all_rows,species_diet,REDUCED,True,GP_Compuesto_NoARD,Hermetia::Quinoa50,Hermetia,main,Quinoa50,quinoa,50,2,28.23608632105669,31.447899992466915,2.47727778233073,3.2118136714102263,True
all_rows,species_diet,REDUCED,True,GP_Compuesto_NoARD,Hermetia::Quinoa50,Hermetia,main,Quinoa50,quinoa,50,3,30.441941426236617,31.447899992466912,2.4772777823307313,1.0059585662302943,True
all_rows,species_diet,REDUCED,True,Dummy_GlobalMean,Tenebrio::Control,Tenebrio,main,Control,control,0,1,42.724277530166994,37.088889383035884,,5.63538814713111,
all_rows,species_diet,REDUCED,True,Dummy_GlobalMean,Tenebrio::Control,Tenebrio,main,Control,control,0,2,43.79839302328586,37.088889383035884,,6.709503640249977,
all_rows,species_diet,REDUCED,True,Dummy_GlobalMean,Tenebrio::Control,Tenebrio,main,Control,control,0,3,43.331882423179295,37.088889383035884,,6.242993040143411,
all_rows,species_diet,REDUCED,True,Dummy_SpeciesMean,Tenebrio::Control,Tenebrio,main,Control,control,0,1,42.724277530166994,42.17403780044445,,0.5502397297225414,
all_rows,species_diet,REDUCED,True,Dummy_SpeciesMean,Tenebrio::Control,Tenebrio,main,Control,control,0,2,43.79839302328586,42.17403780044445,,1.6243552228414089,
all_rows,species_diet,REDUCED,True,Dummy_SpeciesMean,Tenebrio::Control,Tenebrio,main,Control,control,0,3,43.331882423179295,42.17403780044445,,1.1578446227348422,
all_rows,species_diet,REDUCED,True,GP_Compuesto_NoARD,Tenebrio::Control,Tenebrio,main,Control,control,0,1,42.724277530166994,42.54248467190546,2.502861270551819,0.1817928582615309,True
all_rows,species_diet,REDUCED,True,GP_Compuesto_NoARD,Tenebrio::Control,Tenebrio,main,Control,control,0,2,43.79839302328586,42.54248467190546,2.502861270551819,1.2559083513803984,True
all_rows,species_diet,REDUCED,True,GP_Compuesto_NoARD,Tenebrio::Control,Tenebrio,main,Control,control,0,3,43.331882423179295,42.542484671905456,2.502861270551813,0.7893977512738388,True
all_rows,species_diet,REDUCED,True,Dummy_GlobalMean,Tenebrio::Control Agar,Tenebrio,water_control,Control Agar,control,0,1,36.031,37.33363999904324,,1.3026399990432438,
all_rows,species_diet,REDUCED,True,Dummy_GlobalMean,Tenebrio::Control Agar,Tenebrio,water_control,Control Agar,control,0,2,36.036,37.33363999904324,,1.2976399990432412,
all_rows,species_diet,REDUCED,True,Dummy_GlobalMean,Tenebrio::Control Agar,Tenebrio,water_control,Control Agar,control,0,3,36.739,37.33363999904324,,0.5946399990432454,
all_rows,species_diet,REDUCED,True,Dummy_SpeciesMean,Tenebrio::Control Agar,Tenebrio,water_control,Control Agar,control,0,1,36.031,42.571180309437516,,6.540180309437517,
all_rows,species_diet,REDUCED,True,Dummy_SpeciesMean,Tenebrio::Control Agar,Tenebrio,water_control,Control Agar,control,0,2,36.036,42.571180309437516,,6.535180309437514,
all_rows,species_diet,REDUCED,True,Dummy_SpeciesMean,Tenebrio::Control Agar,Tenebrio,water_control,Control Agar,control,0,3,36.739,42.571180309437516,,5.832180309437518,
all_rows,species_diet,REDUCED,True,GP_Compuesto_NoARD,Tenebrio::Control Agar,Tenebrio,water_control,Control Agar,control,0,1,36.031,42.184958007477206,2.3179305784763495,6.153958007477208,False
all_rows,species_diet,REDUCED,True,GP_Compuesto_NoARD,Tenebrio::Control Agar,Tenebrio,water_control,Control Agar,control,0,2,36.036,42.184958007477206,2.3179305784763495,6.148958007477205,False
all_rows,species_diet,REDUCED,True,GP_Compuesto_NoARD,Tenebrio::Control Agar,Tenebrio,water_control,Control Agar,control,0,3,36.739,42.1849580074772,2.3179305784763495,5.445958007477202,False
all_rows,species_diet,REDUCED,True,Dummy_GlobalMean,Tenebrio::Control Humedad superf,Tenebrio,water_control,Control Humedad superf,control,0,1,39.017,37.23179116183394,,1.7852088381660636,
all_rows,species_diet,REDUCED,True,Dummy_GlobalMean,Tenebrio::Control Humedad superf,Tenebrio,water_control,Control Humedad superf,control,0,2,38.168,37.23179116183394,,0.9362088381660598,
all_rows,species_diet,REDUCED,True,Dummy_GlobalMean,Tenebrio::Control Humedad superf,Tenebrio,water_control,Control Humedad superf,control,0,3,40.38,37.23179116183394,,3.148208838166063,
all_rows,species_diet,REDUCED,True,Dummy_SpeciesMean,Tenebrio::Control Humedad superf,Tenebrio,water_control,Control Humedad superf,control,0,1,39.017,42.40591615849412,,3.388916158494119,
all_rows,species_diet,REDUCED,True,Dummy_SpeciesMean,Tenebrio::Control Humedad superf,Tenebrio,water_control,Control Humedad superf,control,0,2,38.168,42.40591615849412,,4.237916158494123,
all_rows,species_diet,REDUCED,True,Dummy_SpeciesMean,Tenebrio::Control Humedad superf,Tenebrio,water_control,Control Humedad superf,control,0,3,40.38,42.40591615849412,,2.0259161584941197,
all_rows,species_diet,REDUCED,True,GP_Compuesto_NoARD,Tenebrio::Control Humedad superf,Tenebrio,water_control,Control Humedad superf,control,0,1,39.017,41.33685200917597,2.3173992326879596,2.3198520091759676,True
all_rows,species_diet,REDUCED,True,GP_Compuesto_NoARD,Tenebrio::Control Humedad superf,Tenebrio,water_control,Control Humedad superf,control,0,2,38.168,41.33685200917597,2.3173992326879596,3.1688520091759713,True
all_rows,species_diet,REDUCED,True,GP_Compuesto_NoARD,Tenebrio::Control Humedad superf,Tenebrio,water_control,Control Humedad superf,control,0,3,40.38,41.33685200917598,2.3173992326879596,0.9568520091759751,True
all_rows,species_diet,REDUCED,True,Dummy_GlobalMean,Tenebrio::Control Seco,Tenebrio,water_control,Control Seco,control,0,1,41.955,37.13239581299673,,4.822604187003272,
all_rows,species_diet,REDUCED,True,Dummy_GlobalMean,Tenebrio::Control Seco,Tenebrio,water_control,Control Seco,control,0,2,41.63,37.13239581299673,,4.497604187003276,
all_rows,species_diet,REDUCED,True,Dummy_GlobalMean,Tenebrio::Control Seco,Tenebrio,water_control,Control Seco,control,0,3,42.528,37.13239581299673,,5.395604187003272,
all_rows,species_diet,REDUCED,True,Dummy_SpeciesMean,Tenebrio::Control Seco,Tenebrio,water_control,Control Seco,control,0,1,41.955,42.244633139626195,,0.2896331396261971,
all_rows,species_diet,REDUCED,True,Dummy_SpeciesMean,Tenebrio::Control Seco,Tenebrio,water_control,Control Seco,control,0,2,41.63,42.244633139626195,,0.6146331396261928,
all_rows,species_diet,REDUCED,True,Dummy_SpeciesMean,Tenebrio::Control Seco,Tenebrio,water_control,Control Seco,control,0,3,42.528,42.244633139626195,,0.2833668603738033,
all_rows,species_diet,REDUCED,True,GP_Compuesto_NoARD,Tenebrio::Control Seco,Tenebrio,water_control,Control Seco,control,0,1,41.955,40.501977709297016,2.309912493485579,1.4530222907029824,True
all_rows,species_diet,REDUCED,True,GP_Compuesto_NoARD,Tenebrio::Control Seco,Tenebrio,water_control,Control Seco,control,0,2,41.63,40.501977709297016,2.309912493485579,1.1280222907029867,True
all_rows,species_diet,REDUCED,True,GP_Compuesto_NoARD,Tenebrio::Control Seco,Tenebrio,water_control,Control Seco,control,0,3,42.528,40.50197770929701,2.309912493485579,2.02602229070299,True
all_rows,species_diet,REDUCED,True,Dummy_GlobalMean,Tenebrio::Hoja15,Tenebrio,main,Hoja15,hoja,15,1,44.59966850546592,37.003886088064,,7.595782417401921,
all_rows,species_diet,REDUCED,True,Dummy_GlobalMean,Tenebrio::Hoja15,Tenebrio,main,Hoja15,hoja,15,2,48.58207253144869,37.003886088064,,11.578186443384688,
all_rows,species_diet,REDUCED,True,Dummy_GlobalMean,Tenebrio::Hoja15,Tenebrio,main,Hoja15,hoja,15,3,43.98309530729985,37.003886088064,,6.979209219235848,
all_rows,species_diet,REDUCED,True,Dummy_SpeciesMean,Tenebrio::Hoja15,Tenebrio,main,Hoja15,hoja,15,1,44.59966850546592,42.03610792558442,,2.5635605798815035,
all_rows,species_diet,REDUCED,True,Dummy_SpeciesMean,Tenebrio::Hoja15,Tenebrio,main,Hoja15,hoja,15,2,48.58207253144869,42.03610792558442,,6.54596460586427,
all_rows,species_diet,REDUCED,True,Dummy_SpeciesMean,Tenebrio::Hoja15,Tenebrio,main,Hoja15,hoja,15,3,43.98309530729985,42.03610792558442,,1.9469873817154308,
all_rows,species_diet,REDUCED,True,GP_Compuesto_NoARD,Tenebrio::Hoja15,Tenebrio,main,Hoja15,hoja,15,1,44.59966850546592,43.723765140435866,2.5705682090651907,0.8759033650300552,True
all_rows,species_diet,REDUCED,True,GP_Compuesto_NoARD,Tenebrio::Hoja15,Tenebrio,main,Hoja15,hoja,15,2,48.58207253144869,43.723765140435866,2.5705682090651907,4.858307391012822,True
all_rows,species_diet,REDUCED,True,GP_Compuesto_NoARD,Tenebrio::Hoja15,Tenebrio,main,Hoja15,hoja,15,3,43.98309530729985,43.723765140435866,2.5705682090651907,0.25933016686398247,True
all_rows,species_diet,REDUCED,True,Dummy_GlobalMean,Tenebrio::Hoja30,Tenebrio,main,Hoja30,hoja,30,1,43.64443148041813,37.070901020607785,,6.573530459810343,
all_rows,species_diet,REDUCED,True,Dummy_GlobalMean,Tenebrio::Hoja30,Tenebrio,main,Hoja30,hoja,30,2,45.32322480412907,37.070901020607785,,8.252323783521284,
all_rows,species_diet,REDUCED,True,Dummy_GlobalMean,Tenebrio::Hoja30,Tenebrio,main,Hoja30,hoja,30,3,42.43389586090185,37.070901020607785,,5.362994840294064,
all_rows,species_diet,REDUCED,True,Dummy_SpeciesMean,Tenebrio::Hoja30,Tenebrio,main,Hoja30,hoja,30,1,43.64443148041813,42.144849136881874,,1.4995823435362539,
all_rows,species_diet,REDUCED,True,Dummy_SpeciesMean,Tenebrio::Hoja30,Tenebrio,main,Hoja30,hoja,30,2,45.32322480412907,42.144849136881874,,3.1783756672471952,
all_rows,species_diet,REDUCED,True,Dummy_SpeciesMean,Tenebrio::Hoja30,Tenebrio,main,Hoja30,hoja,30,3,42.43389586090185,42.144849136881874,,0.28904672401997544,
all_rows,species_diet,REDUCED,True,GP_Compuesto_NoARD,Tenebrio::Hoja30,Tenebrio,main,Hoja30,hoja,30,1,43.64443148041813,41.96927592599453,2.062989893045559,1.675155554423597,True
all_rows,species_diet,REDUCED,True,GP_Compuesto_NoARD,Tenebrio::Hoja30,Tenebrio,main,Hoja30,hoja,30,2,45.32322480412907,41.96927592599453,2.062989893045559,3.3539488781345383,True
all_rows,species_diet,REDUCED,True,GP_Compuesto_NoARD,Tenebrio::Hoja30,Tenebrio,main,Hoja30,hoja,30,3,42.43389586090185,41.96927592599453,2.062989893045559,0.46461993490731857,True
all_rows,species_diet,REDUCED,True,Dummy_GlobalMean,Tenebrio::Hoja50,Tenebrio,main,Hoja50,hoja,50,1,43.13594119232716,37.077776598746915,,6.058164593580244,
all_rows,species_diet,REDUCED,True,Dummy_GlobalMean,Tenebrio::Hoja50,Tenebrio,main,Hoja50,hoja,50,2,44.6843260049324,37.077776598746915,,7.606549406185486,
all_rows,species_diet,REDUCED,True,Dummy_GlobalMean,Tenebrio::Hoja50,Tenebrio,main,Hoja50,hoja,50,3,42.989985228223965,37.077776598746915,,5.91220862947705,
all_rows,species_diet,REDUCED,True,Dummy_SpeciesMean,Tenebrio::Hoja50,Tenebrio,main,Hoja50,hoja,50,1,43.13594119232716,42.15600573537179,,0.9799354569553671,
all_rows,species_diet,REDUCED,True,Dummy_SpeciesMean,Tenebrio::Hoja50,Tenebrio,main,Hoja50,hoja,50,2,44.6843260049324,42.15600573537179,,2.5283202695606093,
all_rows,species_diet,REDUCED,True,Dummy_SpeciesMean,Tenebrio::Hoja50,Tenebrio,main,Hoja50,hoja,50,3,42.989985228223965,42.15600573537179,,0.8339794928521727,
all_rows,species_diet,REDUCED,True,GP_Compuesto_NoARD,Tenebrio::Hoja50,Tenebrio,main,Hoja50,hoja,50,1,43.13594119232716,38.31833772929951,2.9936665272680334,4.817603463027652,True
all_rows,species_diet,REDUCED,True,GP_Compuesto_NoARD,Tenebrio::Hoja50,Tenebrio,main,Hoja50,hoja,50,2,44.6843260049324,38.31833772929951,2.9936665272680334,6.365988275632894,False
all_rows,species_diet,REDUCED,True,GP_Compuesto_NoARD,Tenebrio::Hoja50,Tenebrio,main,Hoja50,hoja,50,3,42.989985228223965,38.31833772929951,2.9936665272680334,4.671647498924457,True
all_rows,species_diet,REDUCED,True,Dummy_GlobalMean,Tenebrio::Orujillo15,Tenebrio,coffee_orujillo,Orujillo15,orujillo,15,1,35.057,37.36263999904324,,2.305639999043237,
all_rows,species_diet,REDUCED,True,Dummy_GlobalMean,Tenebrio::Orujillo15,Tenebrio,coffee_orujillo,Orujillo15,orujillo,15,2,35.084,37.36263999904324,,2.2786399990432358,
all_rows,species_diet,REDUCED,True,Dummy_GlobalMean,Tenebrio::Orujillo15,Tenebrio,coffee_orujillo,Orujillo15,orujillo,15,3,36.171,37.36263999904324,,1.1916399990432396,
all_rows,species_diet,REDUCED,True,Dummy_SpeciesMean,Tenebrio::Orujillo15,Tenebrio,coffee_orujillo,Orujillo15,orujillo,15,1,35.057,42.6182369132111,,7.561236913211097,
all_rows,species_diet,REDUCED,True,Dummy_SpeciesMean,Tenebrio::Orujillo15,Tenebrio,coffee_orujillo,Orujillo15,orujillo,15,2,35.084,42.6182369132111,,7.534236913211096,
all_rows,species_diet,REDUCED,True,Dummy_SpeciesMean,Tenebrio::Orujillo15,Tenebrio,coffee_orujillo,Orujillo15,orujillo,15,3,36.171,42.6182369132111,,6.4472369132111,
all_rows,species_diet,REDUCED,True,GP_Compuesto_NoARD,Tenebrio::Orujillo15,Tenebrio,coffee_orujillo,Orujillo15,orujillo,15,1,35.057,34.27961524825102,3.5318329167072435,0.7773847517489827,True
all_rows,species_diet,REDUCED,True,GP_Compuesto_NoARD,Tenebrio::Orujillo15,Tenebrio,coffee_orujillo,Orujillo15,orujillo,15,2,35.084,34.27961524825102,3.5318329167072435,0.8043847517489837,True
all_rows,species_diet,REDUCED,True,GP_Compuesto_NoARD,Tenebrio::Orujillo15,Tenebrio,coffee_orujillo,Orujillo15,orujillo,15,3,36.171,34.27961524825102,3.5318329167072435,1.89138475174898,True
all_rows,species_diet,REDUCED,True,Dummy_GlobalMean,Tenebrio::Orujillo30,Tenebrio,coffee_orujillo,Orujillo30,orujillo,30,1,33.932,37.44052371997347,,3.508523719973468,
all_rows,species_diet,REDUCED,True,Dummy_GlobalMean,Tenebrio::Orujillo30,Tenebrio,coffee_orujillo,Orujillo30,orujillo,30,2,33.19,37.44052371997347,,4.250523719973472,
all_rows,species_diet,REDUCED,True,Dummy_GlobalMean,Tenebrio::Orujillo30,Tenebrio,coffee_orujillo,Orujillo30,orujillo,30,3,32.492,37.44052371997347,,4.948523719973473,
all_rows,species_diet,REDUCED,True,Dummy_SpeciesMean,Tenebrio::Orujillo30,Tenebrio,coffee_orujillo,Orujillo30,orujillo,30,1,33.932,42.74461427170167,,8.812614271701669,
all_rows,species_diet,REDUCED,True,Dummy_SpeciesMean,Tenebrio::Orujillo30,Tenebrio,coffee_orujillo,Orujillo30,orujillo,30,2,33.19,42.74461427170167,,9.554614271701674,
all_rows,species_diet,REDUCED,True,Dummy_SpeciesMean,Tenebrio::Orujillo30,Tenebrio,coffee_orujillo,Orujillo30,orujillo,30,3,32.492,42.74461427170167,,10.252614271701674,
all_rows,species_diet,REDUCED,True,GP_Compuesto_NoARD,Tenebrio::Orujillo30,Tenebrio,coffee_orujillo,Orujillo30,orujillo,30,1,33.932,35.20810900899172,2.9146347594625843,1.2761090089917175,True
all_rows,species_diet,REDUCED,True,GP_Compuesto_NoARD,Tenebrio::Orujillo30,Tenebrio,coffee_orujillo,Orujillo30,orujillo,30,2,33.19,35.20810900899172,2.9146347594625843,2.018109008991722,True
all_rows,species_diet,REDUCED,True,GP_Compuesto_NoARD,Tenebrio::Orujillo30,Tenebrio,coffee_orujillo,Orujillo30,orujillo,30,3,32.492,35.20810900899172,2.9146347594625843,2.7161090089917224,True
all_rows,species_diet,REDUCED,True,Dummy_GlobalMean,Tenebrio::Orujillo50,Tenebrio,coffee_orujillo,Orujillo50,orujillo,50,1,32.866,37.46398883625254,,4.59798883625254,
all_rows,species_diet,REDUCED,True,Dummy_GlobalMean,Tenebrio::Orujillo50,Tenebrio,coffee_orujillo,Orujillo50,orujillo,50,2,32.238,37.46398883625254,,5.22598883625254,
all_rows,species_diet,REDUCED,True,Dummy_GlobalMean,Tenebrio::Orujillo50,Tenebrio,coffee_orujillo,Orujillo50,orujillo,50,3,32.492,37.46398883625254,,4.971988836252542,
all_rows,species_diet,REDUCED,True,Dummy_SpeciesMean,Tenebrio::Orujillo50,Tenebrio,coffee_orujillo,Orujillo50,orujillo,50,1,32.866,42.782689743399786,,9.916689743399786,
all_rows,species_diet,REDUCED,True,Dummy_SpeciesMean,Tenebrio::Orujillo50,Tenebrio,coffee_orujillo,Orujillo50,orujillo,50,2,32.238,42.782689743399786,,10.544689743399786,
all_rows,species_diet,REDUCED,True,Dummy_SpeciesMean,Tenebrio::Orujillo50,Tenebrio,coffee_orujillo,Orujillo50,orujillo,50,3,32.492,42.782689743399786,,10.290689743399788,
all_rows,species_diet,REDUCED,True,GP_Compuesto_NoARD,Tenebrio::Orujillo50,Tenebrio,coffee_orujillo,Orujillo50,orujillo,50,1,32.866,35.85548924855025,3.967851488233269,2.9894892485502496,True
all_rows,species_diet,REDUCED,True,GP_Compuesto_NoARD,Tenebrio::Orujillo50,Tenebrio,coffee_orujillo,Orujillo50,orujillo,50,2,32.238,35.85548924855025,3.967851488233269,3.6174892485502497,True
all_rows,species_diet,REDUCED,True,GP_Compuesto_NoARD,Tenebrio::Orujillo50,Tenebrio,coffee_orujillo,Orujillo50,orujillo,50,3,32.492,35.85548924855025,3.9678514882332707,3.363489248550252,True
all_rows,species_diet,REDUCED,True,Dummy_GlobalMean,Tenebrio::Orujo30,Tenebrio,main,Orujo30,orujo,30,1,44.05632136428663,36.97628106281603,,7.0800403014706035,
all_rows,species_diet,REDUCED,True,Dummy_GlobalMean,Tenebrio::Orujo30,Tenebrio,main,Orujo30,orujo,30,2,47.979408918219136,36.97628106281603,,11.003127855403108,
all_rows,species_diet,REDUCED,True,Dummy_GlobalMean,Tenebrio::Orujo30,Tenebrio,main,Orujo30,orujo,30,3,47.50313823303477,36.97628106281603,,10.52685717021874,
all_rows,species_diet,REDUCED,True,Dummy_SpeciesMean,Tenebrio::Orujo30,Tenebrio,main,Orujo30,orujo,30,1,44.05632136428663,41.99131486574807,,2.0650064985385583,
all_rows,species_diet,REDUCED,True,Dummy_SpeciesMean,Tenebrio::Orujo30,Tenebrio,main,Orujo30,orujo,30,2,47.979408918219136,41.99131486574807,,5.988094052471062,
all_rows,species_diet,REDUCED,True,Dummy_SpeciesMean,Tenebrio::Orujo30,Tenebrio,main,Orujo30,orujo,30,3,47.50313823303477,41.99131486574807,,5.511823367286695,
all_rows,species_diet,REDUCED,True,GP_Compuesto_NoARD,Tenebrio::Orujo30,Tenebrio,main,Orujo30,orujo,30,1,44.05632136428663,45.27011580063277,2.374299874438471,1.2137944363461415,True
all_rows,species_diet,REDUCED,True,GP_Compuesto_NoARD,Tenebrio::Orujo30,Tenebrio,main,Orujo30,orujo,30,2,47.979408918219136,45.27011580063277,2.374299874438471,2.7092931175863626,True
all_rows,species_diet,REDUCED,True,GP_Compuesto_NoARD,Tenebrio::Orujo30,Tenebrio,main,Orujo30,orujo,30,3,47.50313823303477,45.27011580063278,2.374299874438472,2.233022432401988,True
all_rows,species_diet,REDUCED,True,Dummy_GlobalMean,Tenebrio::Orujo50,Tenebrio,main,Orujo50,orujo,50,1,46.60615150745108,36.955098370290706,,9.651053137160375,
all_rows,species_diet,REDUCED,True,Dummy_GlobalMean,Tenebrio::Orujo50,Tenebrio,main,Orujo50,orujo,50,2,47.61168446896416,36.955098370290706,,10.65658609867345,
all_rows,species_diet,REDUCED,True,Dummy_GlobalMean,Tenebrio::Orujo50,Tenebrio,main,Orujo50,orujo,50,3,47.14274409630263,36.955098370290706,,10.187645726011922,
all_rows,species_diet,REDUCED,True,Dummy_SpeciesMean,Tenebrio::Orujo50,Tenebrio,main,Orujo50,orujo,50,1,46.60615150745108,41.95694294957491,,4.649208557876172,
all_rows,species_diet,REDUCED,True,Dummy_SpeciesMean,Tenebrio::Orujo50,Tenebrio,main,Orujo50,orujo,50,2,47.61168446896416,41.95694294957491,,5.654741519389248,
all_rows,species_diet,REDUCED,True,Dummy_SpeciesMean,Tenebrio::Orujo50,Tenebrio,main,Orujo50,orujo,50,3,47.14274409630263,41.95694294957491,,5.185801146727719,
all_rows,species_diet,REDUCED,True,GP_Compuesto_NoARD,Tenebrio::Orujo50,Tenebrio,main,Orujo50,orujo,50,1,46.60615150745108,43.41601074942573,1.8573348710812108,3.1901407580253505,True
all_rows,species_diet,REDUCED,True,GP_Compuesto_NoARD,Tenebrio::Orujo50,Tenebrio,main,Orujo50,orujo,50,2,47.61168446896416,43.41601074942573,1.8573348710812108,4.195673719538426,False
all_rows,species_diet,REDUCED,True,GP_Compuesto_NoARD,Tenebrio::Orujo50,Tenebrio,main,Orujo50,orujo,50,3,47.14274409630263,43.41601074942573,1.8573348710812108,3.726733346876898,False
all_rows,species_diet,REDUCED,True,Dummy_GlobalMean,Tenebrio::Orujo70,Tenebrio,main,Orujo70,orujo,70,1,42.989125105205865,37.10913774879193,,5.879987356413935,
all_rows,species_diet,REDUCED,True,Dummy_GlobalMean,Tenebrio::Orujo70,Tenebrio,main,Orujo70,orujo,70,2,42.37318058656684,37.10913774879193,,5.264042837774909,
all_rows,species_diet,REDUCED,True,Dummy_GlobalMean,Tenebrio::Orujo70,Tenebrio,main,Orujo70,orujo,70,3,42.75088782983994,37.10913774879193,,5.641750081048009,
all_rows,species_diet,REDUCED,True,Dummy_SpeciesMean,Tenebrio::Orujo70,Tenebrio,main,Orujo70,orujo,70,1,42.989125105205865,42.20689363921841,,0.7822314659874579,
all_rows,species_diet,REDUCED,True,Dummy_SpeciesMean,Tenebrio::Orujo70,Tenebrio,main,Orujo70,orujo,70,2,42.37318058656684,42.20689363921841,,0.16628694734843208,
all_rows,species_diet,REDUCED,True,Dummy_SpeciesMean,Tenebrio::Orujo70,Tenebrio,main,Orujo70,orujo,70,3,42.75088782983994,42.20689363921841,,0.5439941906215324,
all_rows,species_diet,REDUCED,True,GP_Compuesto_NoARD,Tenebrio::Orujo70,Tenebrio,main,Orujo70,orujo,70,1,42.989125105205865,42.98659162336964,2.0612685162731412,0.0025334818362239275,True
all_rows,species_diet,REDUCED,True,GP_Compuesto_NoARD,Tenebrio::Orujo70,Tenebrio,main,Orujo70,orujo,70,2,42.37318058656684,42.98659162336964,2.0612685162731412,0.6134110368028018,True
all_rows,species_diet,REDUCED,True,GP_Compuesto_NoARD,Tenebrio::Orujo70,Tenebrio,main,Orujo70,orujo,70,3,42.75088782983994,42.98659162336964,2.0612685162731412,0.2357037935297015,True
all_rows,species_diet,REDUCED,True,Dummy_GlobalMean,Tenebrio::Orujo90,Tenebrio,main,Orujo90,orujo,90,1,42.63455462687377,37.175399689099976,,5.459154937773796,
all_rows,species_diet,REDUCED,True,Dummy_GlobalMean,Tenebrio::Orujo90,Tenebrio,main,Orujo90,orujo,90,2,39.46090226095632,37.175399689099976,,2.285502571856341,
all_rows,species_diet,REDUCED,True,Dummy_GlobalMean,Tenebrio::Orujo90,Tenebrio,main,Orujo90,orujo,90,3,40.31920976729068,37.175399689099976,,3.143810078190704,
all_rows,species_diet,REDUCED,True,Dummy_SpeciesMean,Tenebrio::Orujo90,Tenebrio,main,Orujo90,orujo,90,1,42.63455462687377,42.31441301405788,,0.32014161281589537,
all_rows,species_diet,REDUCED,True,Dummy_SpeciesMean,Tenebrio::Orujo90,Tenebrio,main,Orujo90,orujo,90,2,39.46090226095632,42.31441301405788,,2.8535107531015598,
all_rows,species_diet,REDUCED,True,Dummy_SpeciesMean,Tenebrio::Orujo90,Tenebrio,main,Orujo90,orujo,90,3,40.31920976729068,42.31441301405788,,1.995203246767197,
all_rows,species_diet,REDUCED,True,GP_Compuesto_NoARD,Tenebrio::Orujo90,Tenebrio,main,Orujo90,orujo,90,1,42.63455462687377,41.630388783352494,3.5489954815353597,1.0041658435212781,True
all_rows,species_diet,REDUCED,True,GP_Compuesto_NoARD,Tenebrio::Orujo90,Tenebrio,main,Orujo90,orujo,90,2,39.46090226095632,41.630388783352494,3.5489954815353597,2.169486522396177,True
all_rows,species_diet,REDUCED,True,GP_Compuesto_NoARD,Tenebrio::Orujo90,Tenebrio,main,Orujo90,orujo,90,3,40.31920976729068,41.63038878335249,3.5489954815353557,1.311179016061807,True
all_rows,species_diet,REDUCED,True,Dummy_GlobalMean,Tenebrio::Posos café horno15,Tenebrio,coffee_orujillo,Posos café horno15,cafe,15,1,39.947,37.18411674322929,,2.7628832567707136,
all_rows,species_diet,REDUCED,True,Dummy_GlobalMean,Tenebrio::Posos café horno15,Tenebrio,coffee_orujillo,Posos café horno15,cafe,15,2,40.029,37.18411674322929,,2.8448832567707143,
all_rows,species_diet,REDUCED,True,Dummy_GlobalMean,Tenebrio::Posos café horno15,Tenebrio,coffee_orujillo,Posos café horno15,cafe,15,3,41.689,37.18411674322929,,4.504883256770711,
all_rows,species_diet,REDUCED,True,Dummy_SpeciesMean,Tenebrio::Posos café horno15,Tenebrio,coffee_orujillo,Posos café horno15,cafe,15,1,39.947,42.32855766792808,,2.381557667928078,
all_rows,species_diet,REDUCED,True,Dummy_SpeciesMean,Tenebrio::Posos café horno15,Tenebrio,coffee_orujillo,Posos café horno15,cafe,15,2,40.029,42.32855766792808,,2.2995576679280774,
all_rows,species_diet,REDUCED,True,Dummy_SpeciesMean,Tenebrio::Posos café horno15,Tenebrio,coffee_orujillo,Posos café horno15,cafe,15,3,41.689,42.32855766792808,,0.6395576679280808,
all_rows,species_diet,REDUCED,True,GP_Compuesto_NoARD,Tenebrio::Posos café horno15,Tenebrio,coffee_orujillo,Posos café horno15,cafe,15,1,39.947,49.93561315492191,5.180466434700687,9.988613154921907,True
all_rows,species_diet,REDUCED,True,GP_Compuesto_NoARD,Tenebrio::Posos café horno15,Tenebrio,coffee_orujillo,Posos café horno15,cafe,15,2,40.029,49.93561315492191,5.180466434700687,9.906613154921907,True
all_rows,species_diet,REDUCED,True,GP_Compuesto_NoARD,Tenebrio::Posos café horno15,Tenebrio,coffee_orujillo,Posos café horno15,cafe,15,3,41.689,49.93561315492191,5.18046643470069,8.24661315492191,True
all_rows,species_diet,REDUCED,True,Dummy_GlobalMean,Tenebrio::Posos café liof15,Tenebrio,coffee_orujillo,Posos café liof15,cafe,15,1,48.241,36.984678619743896,,11.256321380256104,
all_rows,species_diet,REDUCED,True,Dummy_GlobalMean,Tenebrio::Posos café liof15,Tenebrio,coffee_orujillo,Posos café liof15,cafe,15,2,53.591,36.984678619743896,,16.606321380256105,
all_rows,species_diet,REDUCED,True,Dummy_SpeciesMean,Tenebrio::Posos café liof15,Tenebrio,coffee_orujillo,Posos café liof15,cafe,15,1,48.241,41.91197326667015,,6.329026733329847,
all_rows,species_diet,REDUCED,True,Dummy_SpeciesMean,Tenebrio::Posos café liof15,Tenebrio,coffee_orujillo,Posos café liof15,cafe,15,2,53.591,41.91197326667015,,11.679026733329849,
all_rows,species_diet,REDUCED,True,GP_Compuesto_NoARD,Tenebrio::Posos café liof15,Tenebrio,coffee_orujillo,Posos café liof15,cafe,15,1,48.241,40.81150273156662,4.0578547359431,7.42949726843338,True
all_rows,species_diet,REDUCED,True,GP_Compuesto_NoARD,Tenebrio::Posos café liof15,Tenebrio,coffee_orujillo,Posos café liof15,cafe,15,2,53.591,40.81150273156662,4.0578547359431,12.779497268433381,False
all_rows,species_diet,REDUCED,True,Dummy_GlobalMean,Tenebrio::Quinoa15,Tenebrio,main,Quinoa15,quinoa,15,1,46.2406551012102,36.91236096554056,,9.328294135669644,
all_rows,species_diet,REDUCED,True,Dummy_GlobalMean,Tenebrio::Quinoa15,Tenebrio,main,Quinoa15,quinoa,15,2,49.74165607410812,36.91236096554056,,12.829295108567564,
all_rows,species_diet,REDUCED,True,Dummy_GlobalMean,Tenebrio::Quinoa15,Tenebrio,main,Quinoa15,quinoa,15,3,49.0536857059127,36.91236096554056,,12.141324740372141,
all_rows,species_diet,REDUCED,True,Dummy_SpeciesMean,Tenebrio::Quinoa15,Tenebrio,main,Quinoa15,quinoa,15,1,46.2406551012102,41.88759546262183,,4.35305963858837,
all_rows,species_diet,REDUCED,True,Dummy_SpeciesMean,Tenebrio::Quinoa15,Tenebrio,main,Quinoa15,quinoa,15,2,49.74165607410812,41.88759546262183,,7.85406061148629,
all_rows,species_diet,REDUCED,True,Dummy_SpeciesMean,Tenebrio::Quinoa15,Tenebrio,main,Quinoa15,quinoa,15,3,49.0536857059127,41.88759546262183,,7.166090243290867,
all_rows,species_diet,REDUCED,True,GP_Compuesto_NoARD,Tenebrio::Quinoa15,Tenebrio,main,Quinoa15,quinoa,15,1,46.2406551012102,45.36575075502562,2.318039647396046,0.8749043461845787,True
all_rows,species_diet,REDUCED,True,GP_Compuesto_NoARD,Tenebrio::Quinoa15,Tenebrio,main,Quinoa15,quinoa,15,2,49.74165607410812,45.36575075502562,2.318039647396046,4.375905319082499,True
all_rows,species_diet,REDUCED,True,GP_Compuesto_NoARD,Tenebrio::Quinoa15,Tenebrio,main,Quinoa15,quinoa,15,3,49.0536857059127,45.36575075502563,2.318039647396043,3.687934950887069,True
all_rows,species_diet,REDUCED,True,Dummy_GlobalMean,Tenebrio::Quinoa30,Tenebrio,main,Quinoa30,quinoa,30,1,47.1681642185215,36.97413083480624,,10.194033383715258,
all_rows,species_diet,REDUCED,True,Dummy_GlobalMean,Tenebrio::Quinoa30,Tenebrio,main,Quinoa30,quinoa,30,2,45.28074275235599,36.97413083480624,,8.306611917549752,
all_rows,species_diet,REDUCED,True,Dummy_GlobalMean,Tenebrio::Quinoa30,Tenebrio,main,Quinoa30,quinoa,30,3,47.27488115350477,36.97413083480624,,10.300750318698533,
all_rows,species_diet,REDUCED,True,Dummy_SpeciesMean,Tenebrio::Quinoa30,Tenebrio,main,Quinoa30,quinoa,30,1,47.1681642185215,41.98782581652465,,5.180338401996849,
all_rows,species_diet,REDUCED,True,Dummy_SpeciesMean,Tenebrio::Quinoa30,Tenebrio,main,Quinoa30,quinoa,30,2,45.28074275235599,41.98782581652465,,3.292916935831343,
all_rows,species_diet,REDUCED,True,Dummy_SpeciesMean,Tenebrio::Quinoa30,Tenebrio,main,Quinoa30,quinoa,30,3,47.27488115350477,41.98782581652465,,5.287055336980124,
all_rows,species_diet,REDUCED,True,GP_Compuesto_NoARD,Tenebrio::Quinoa30,Tenebrio,main,Quinoa30,quinoa,30,1,47.1681642185215,45.41196932815234,2.056876338322781,1.7561948903691587,True
all_rows,species_diet,REDUCED,True,GP_Compuesto_NoARD,Tenebrio::Quinoa30,Tenebrio,main,Quinoa30,quinoa,30,2,45.28074275235599,45.41196932815234,2.056876338322781,0.13122657579634733,True
all_rows,species_diet,REDUCED,True,GP_Compuesto_NoARD,Tenebrio::Quinoa30,Tenebrio,main,Quinoa30,quinoa,30,3,47.27488115350477,45.41196932815234,2.056876338322779,1.862911825352434,True
all_rows,species_diet,REDUCED,True,Dummy_GlobalMean,Tenebrio::Quinoa50,Tenebrio,main,Quinoa50,quinoa,50,1,46.3907897545748,36.96909036255715,,9.42169939201765,
all_rows,species_diet,REDUCED,True,Dummy_GlobalMean,Tenebrio::Quinoa50,Tenebrio,main,Quinoa50,quinoa,50,2,46.509235603005465,36.96909036255715,,9.540145240448318,
all_rows,species_diet,REDUCED,True,Dummy_GlobalMean,Tenebrio::Quinoa50,Tenebrio,main,Quinoa50,quinoa,50,3,47.25724338022376,36.96909036255715,,10.288153017666616,
all_rows,species_diet,REDUCED,True,Dummy_SpeciesMean,Tenebrio::Quinoa50,Tenebrio,main,Quinoa50,quinoa,50,1,46.3907897545748,41.97964693702612,,4.411142817548679,
all_rows,species_diet,REDUCED,True,Dummy_SpeciesMean,Tenebrio::Quinoa50,Tenebrio,main,Quinoa50,quinoa,50,2,46.509235603005465,41.97964693702612,,4.529588665979347,
all_rows,species_diet,REDUCED,True,Dummy_SpeciesMean,Tenebrio::Quinoa50,Tenebrio,main,Quinoa50,quinoa,50,3,47.25724338022376,41.97964693702612,,5.277596443197645,
all_rows,species_diet,REDUCED,True,GP_Compuesto_NoARD,Tenebrio::Quinoa50,Tenebrio,main,Quinoa50,quinoa,50,1,46.3907897545748,44.513900953320885,2.7451610005736797,1.8768888012539122,True
all_rows,species_diet,REDUCED,True,GP_Compuesto_NoARD,Tenebrio::Quinoa50,Tenebrio,main,Quinoa50,quinoa,50,2,46.509235603005465,44.513900953320885,2.7451610005736797,1.9953346496845796,True
all_rows,species_diet,REDUCED,True,GP_Compuesto_NoARD,Tenebrio::Quinoa50,Tenebrio,main,Quinoa50,quinoa,50,3,47.25724338022376,44.513900953320885,2.745161000573676,2.7433424269028777,True
all_rows,species_diet,FULL,False,Dummy_GlobalMean,Hermetia::Control,Hermetia,main,Control,control,0,1,32.29822786111878,37.48477351176736,,5.186545650648576,
all_rows,species_diet,FULL,False,Dummy_GlobalMean,Hermetia::Control,Hermetia,main,Control,control,0,2,31.9882734211747,37.48477351176736,,5.496500090592658,
all_rows,species_diet,FULL,False,Dummy_GlobalMean,Hermetia::Control,Hermetia,main,Control,control,0,3,31.52201662343253,37.48477351176736,,5.962756888334827,
all_rows,species_diet,FULL,False,Dummy_SpeciesMean,Hermetia::Control,Hermetia,main,Control,control,0,1,32.29822786111878,28.620398853726808,,3.677829007391974,
all_rows,species_diet,FULL,False,Dummy_SpeciesMean,Hermetia::Control,Hermetia,main,Control,control,0,2,31.9882734211747,28.620398853726808,,3.367874567447892,
all_rows,species_diet,FULL,False,Dummy_SpeciesMean,Hermetia::Control,Hermetia,main,Control,control,0,3,31.52201662343253,28.620398853726808,,2.901617769705723,
all_rows,species_diet,FULL,False,GP_Compuesto_NoARD,Hermetia::Control,Hermetia,main,Control,control,0,1,32.29822786111878,24.676059919025,3.980129485811101,7.622167942093782,True
all_rows,species_diet,FULL,False,GP_Compuesto_NoARD,Hermetia::Control,Hermetia,main,Control,control,0,2,31.9882734211747,24.676059919025,3.980129485811101,7.3122135021496995,True
all_rows,species_diet,FULL,False,GP_Compuesto_NoARD,Hermetia::Control,Hermetia,main,Control,control,0,3,31.52201662343253,24.676059919025,3.9801294858110974,6.845956704407531,True
all_rows,species_diet,FULL,False,Dummy_GlobalMean,Hermetia::Hoja15,Hermetia,main,Hoja15,hoja,15,1,32.439876828877715,37.502880080278075,,5.06300325140036,
all_rows,species_diet,FULL,False,Dummy_GlobalMean,Hermetia::Hoja15,Hermetia,main,Hoja15,hoja,15,2,31.861332823005377,37.502880080278075,,5.641547257272698,
all_rows,species_diet,FULL,False,Dummy_GlobalMean,Hermetia::Hoja15,Hermetia,main,Hoja15,hoja,15,3,29.950143361921626,37.502880080278075,,7.552736718356449,
all_rows,species_diet,FULL,False,Dummy_SpeciesMean,Hermetia::Hoja15,Hermetia,main,Hoja15,hoja,15,1,32.439876828877715,28.672304350124186,,3.7675724787535287,
all_rows,species_diet,FULL,False,Dummy_SpeciesMean,Hermetia::Hoja15,Hermetia,main,Hoja15,hoja,15,2,31.861332823005377,28.672304350124186,,3.1890284728811906,
all_rows,species_diet,FULL,False,Dummy_SpeciesMean,Hermetia::Hoja15,Hermetia,main,Hoja15,hoja,15,3,29.950143361921626,28.672304350124186,,1.2778390117974396,
all_rows,species_diet,FULL,False,GP_Compuesto_NoARD,Hermetia::Hoja15,Hermetia,main,Hoja15,hoja,15,1,32.439876828877715,26.526145307161507,3.154323561307722,5.913731521716208,True
all_rows,species_diet,FULL,False,GP_Compuesto_NoARD,Hermetia::Hoja15,Hermetia,main,Hoja15,hoja,15,2,31.861332823005377,26.526145307161507,3.154323561307722,5.33518751584387,True
all_rows,species_diet,FULL,False,GP_Compuesto_NoARD,Hermetia::Hoja15,Hermetia,main,Hoja15,hoja,15,3,29.950143361921626,26.5261453071615,3.1543235613077196,3.4239980547601263,True
all_rows,species_diet,FULL,False,Dummy_GlobalMean,Hermetia::Hoja30,Hermetia,main,Hoja30,hoja,30,1,24.518904936914268,37.747058888783066,,13.228153951868798,
all_rows,species_diet,FULL,False,Dummy_GlobalMean,Hermetia::Hoja30,Hermetia,main,Hoja30,hoja,30,2,23.472591934148408,37.747058888783066,,14.274466954634658,
all_rows,species_diet,FULL,False,Dummy_GlobalMean,Hermetia::Hoja30,Hermetia,main,Hoja30,hoja,30,3,25.260478611312173,37.747058888783066,,12.486580277470892,
all_rows,species_diet,FULL,False,Dummy_SpeciesMean,Hermetia::Hoja30,Hermetia,main,Hoja30,hoja,30,1,24.518904936914268,29.372283601171848,,4.85337866425758,
all_rows,species_diet,FULL,False,Dummy_SpeciesMean,Hermetia::Hoja30,Hermetia,main,Hoja30,hoja,30,2,23.472591934148408,29.372283601171848,,5.89969166702344,
all_rows,species_diet,FULL,False,Dummy_SpeciesMean,Hermetia::Hoja30,Hermetia,main,Hoja30,hoja,30,3,25.260478611312173,29.372283601171848,,4.1118049898596745,
all_rows,species_diet,FULL,False,GP_Compuesto_NoARD,Hermetia::Hoja30,Hermetia,main,Hoja30,hoja,30,1,24.518904936914268,29.789045609893257,2.0778349182779197,5.2701406729789895,False
all_rows,species_diet,FULL,False,GP_Compuesto_NoARD,Hermetia::Hoja30,Hermetia,main,Hoja30,hoja,30,2,23.472591934148408,29.789045609893257,2.0778349182779197,6.3164536757448495,False
all_rows,species_diet,FULL,False,GP_Compuesto_NoARD,Hermetia::Hoja30,Hermetia,main,Hoja30,hoja,30,3,25.260478611312173,29.78904560989325,2.077834918277918,4.528566998581077,False
all_rows,species_diet,FULL,False,Dummy_GlobalMean,Hermetia::Hoja50,Hermetia,main,Hoja50,hoja,50,1,22.677020960046544,37.78357617012859,,15.106555210082046,
all_rows,species_diet,FULL,False,Dummy_GlobalMean,Hermetia::Hoja50,Hermetia,main,Hoja50,hoja,50,2,23.384593109734844,37.78357617012859,,14.398983060393746,
all_rows,species_diet,FULL,False,Dummy_GlobalMean,Hermetia::Hoja50,Hermetia,main,Hoja50,hoja,50,3,24.04987521687871,37.78357617012859,,13.73370095324988,
all_rows,species_diet,FULL,False,Dummy_SpeciesMean,Hermetia::Hoja50,Hermetia,main,Hoja50,hoja,50,1,22.677020960046544,29.47696647436234,,6.7999455143157945,
all_rows,species_diet,FULL,False,Dummy_SpeciesMean,Hermetia::Hoja50,Hermetia,main,Hoja50,hoja,50,2,23.384593109734844,29.47696647436234,,6.092373364627495,
all_rows,species_diet,FULL,False,Dummy_SpeciesMean,Hermetia::Hoja50,Hermetia,main,Hoja50,hoja,50,3,24.04987521687871,29.47696647436234,,5.427091257483628,
all_rows,species_diet,FULL,False,GP_Compuesto_NoARD,Hermetia::Hoja50,Hermetia,main,Hoja50,hoja,50,1,22.677020960046544,30.569131409174307,3.277342014496608,7.892110449127763,False
all_rows,species_diet,FULL,False,GP_Compuesto_NoARD,Hermetia::Hoja50,Hermetia,main,Hoja50,hoja,50,2,23.384593109734844,30.569131409174307,3.277342014496608,7.184538299439463,False
all_rows,species_diet,FULL,False,GP_Compuesto_NoARD,Hermetia::Hoja50,Hermetia,main,Hoja50,hoja,50,3,24.04987521687871,30.569131409174307,3.277342014496608,6.519256192295597,False
all_rows,species_diet,FULL,False,Dummy_GlobalMean,Hermetia::Orujo30,Hermetia,main,Orujo30,orujo,30,1,31.314123313447407,37.54108425157334,,6.226960938125931,
all_rows,species_diet,FULL,False,Dummy_GlobalMean,Hermetia::Orujo30,Hermetia,main,Orujo30,orujo,30,2,28.651274165528747,37.54108425157334,,8.88981008604459,
all_rows,species_diet,FULL,False,Dummy_GlobalMean,Hermetia::Orujo30,Hermetia,main,Orujo30,orujo,30,3,31.00039680343508,37.54108425157334,,6.540687448138257,
all_rows,species_diet,FULL,False,Dummy_SpeciesMean,Hermetia::Orujo30,Hermetia,main,Orujo30,orujo,30,1,31.314123313447407,28.78182297450397,,2.532300338943436,
all_rows,species_diet,FULL,False,Dummy_SpeciesMean,Hermetia::Orujo30,Hermetia,main,Orujo30,orujo,30,2,28.651274165528747,28.78182297450397,,0.1305488089752238,
all_rows,species_diet,FULL,False,Dummy_SpeciesMean,Hermetia::Orujo30,Hermetia,main,Orujo30,orujo,30,3,31.00039680343508,28.78182297450397,,2.2185738289311097,
all_rows,species_diet,FULL,False,GP_Compuesto_NoARD,Hermetia::Orujo30,Hermetia,main,Orujo30,orujo,30,1,31.314123313447407,31.858990694076567,2.70228857812358,0.5448673806291602,True
all_rows,species_diet,FULL,False,GP_Compuesto_NoARD,Hermetia::Orujo30,Hermetia,main,Orujo30,orujo,30,2,28.651274165528747,31.858990694076567,2.70228857812358,3.20771652854782,True
all_rows,species_diet,FULL,False,GP_Compuesto_NoARD,Hermetia::Orujo30,Hermetia,main,Orujo30,orujo,30,3,31.00039680343508,31.858990694076567,2.702288578123575,0.8585938906414867,True
all_rows,species_diet,FULL,False,Dummy_GlobalMean,Hermetia::Orujo50,Hermetia,main,Orujo50,orujo,50,1,32.02004533085088,37.47740536186495,,5.457360031014076,
all_rows,species_diet,FULL,False,Dummy_GlobalMean,Hermetia::Orujo50,Hermetia,main,Orujo50,orujo,50,2,33.161725303735146,37.47740536186495,,4.315680058129807,
all_rows,species_diet,FULL,False,Dummy_GlobalMean,Hermetia::Orujo50,Hermetia,main,Orujo50,orujo,50,3,31.260408162746693,37.47740536186495,,6.216997199118261,
all_rows,species_diet,FULL,False,Dummy_SpeciesMean,Hermetia::Orujo50,Hermetia,main,Orujo50,orujo,50,1,32.02004533085088,28.599276824006587,,3.42076850684429,
all_rows,species_diet,FULL,False,Dummy_SpeciesMean,Hermetia::Orujo50,Hermetia,main,Orujo50,orujo,50,2,33.161725303735146,28.599276824006587,,4.562448479728559,
all_rows,species_diet,FULL,False,Dummy_SpeciesMean,Hermetia::Orujo50,Hermetia,main,Orujo50,orujo,50,3,31.260408162746693,28.599276824006587,,2.6611313387401054,
all_rows,species_diet,FULL,False,GP_Compuesto_NoARD,Hermetia::Orujo50,Hermetia,main,Orujo50,orujo,50,1,32.02004533085088,33.03513210693322,1.9745321133521458,1.0150867760823417,True
all_rows,species_diet,FULL,False,GP_Compuesto_NoARD,Hermetia::Orujo50,Hermetia,main,Orujo50,orujo,50,2,33.161725303735146,33.03513210693322,1.9745321133521458,0.12659319680192738,True
all_rows,species_diet,FULL,False,GP_Compuesto_NoARD,Hermetia::Orujo50,Hermetia,main,Orujo50,orujo,50,3,31.260408162746693,33.035132106933204,1.9745321133521443,1.774723944186512,True
all_rows,species_diet,FULL,False,Dummy_GlobalMean,Hermetia::Orujo70,Hermetia,main,Orujo70,orujo,70,1,28.145262440510347,37.64295176112395,,9.497689320613606,
all_rows,species_diet,FULL,False,Dummy_GlobalMean,Hermetia::Orujo70,Hermetia,main,Orujo70,orujo,70,2,27.19851217684783,37.64295176112395,,10.444439584276122,
all_rows,species_diet,FULL,False,Dummy_GlobalMean,Hermetia::Orujo70,Hermetia,main,Orujo70,orujo,70,3,26.86141384370052,37.64295176112395,,10.781537917423432,
all_rows,species_diet,FULL,False,Dummy_SpeciesMean,Hermetia::Orujo70,Hermetia,main,Orujo70,orujo,70,1,28.145262440510347,29.073843168549054,,0.9285807280387068,
all_rows,species_diet,FULL,False,Dummy_SpeciesMean,Hermetia::Orujo70,Hermetia,main,Orujo70,orujo,70,2,27.19851217684783,29.073843168549054,,1.8753309917012224,
all_rows,species_diet,FULL,False,Dummy_SpeciesMean,Hermetia::Orujo70,Hermetia,main,Orujo70,orujo,70,3,26.86141384370052,29.073843168549054,,2.2124293248485323,
all_rows,species_diet,FULL,False,GP_Compuesto_NoARD,Hermetia::Orujo70,Hermetia,main,Orujo70,orujo,70,1,28.145262440510347,32.718250000959024,1.9111753921435193,4.572987560448677,False
all_rows,species_diet,FULL,False,GP_Compuesto_NoARD,Hermetia::Orujo70,Hermetia,main,Orujo70,orujo,70,2,27.19851217684783,32.718250000959024,1.9111753921435193,5.519737824111193,False
all_rows,species_diet,FULL,False,GP_Compuesto_NoARD,Hermetia::Orujo70,Hermetia,main,Orujo70,orujo,70,3,26.86141384370052,32.71825000095904,1.9111753921435226,5.856836157258517,False
all_rows,species_diet,FULL,False,Dummy_GlobalMean,Hermetia::Orujo90,Hermetia,main,Orujo90,orujo,90,1,27.992592815001228,37.672772181625334,,9.680179366624106,
all_rows,species_diet,FULL,False,Dummy_GlobalMean,Hermetia::Orujo90,Hermetia,main,Orujo90,orujo,90,2,23.674781663935857,37.672772181625334,,13.997990517689477,
all_rows,species_diet,FULL,False,Dummy_GlobalMean,Hermetia::Orujo90,Hermetia,main,Orujo90,orujo,90,3,27.97325781900284,37.672772181625334,,9.699514362622494,
all_rows,species_diet,FULL,False,Dummy_SpeciesMean,Hermetia::Orujo90,Hermetia,main,Orujo90,orujo,90,1,27.992592815001228,29.159328373986344,,1.166735558985117,
all_rows,species_diet,FULL,False,Dummy_SpeciesMean,Hermetia::Orujo90,Hermetia,main,Orujo90,orujo,90,2,23.674781663935857,29.159328373986344,,5.484546710050488,
all_rows,species_diet,FULL,False,Dummy_SpeciesMean,Hermetia::Orujo90,Hermetia,main,Orujo90,orujo,90,3,27.97325781900284,29.159328373986344,,1.1860705549835053,
all_rows,species_diet,FULL,False,GP_Compuesto_NoARD,Hermetia::Orujo90,Hermetia,main,Orujo90,orujo,90,1,27.992592815001228,35.30622741118,3.2839236962457847,7.313634596178769,False
all_rows,species_diet,FULL,False,GP_Compuesto_NoARD,Hermetia::Orujo90,Hermetia,main,Orujo90,orujo,90,2,23.674781663935857,35.30622741118,3.2839236962457847,11.63144574724414,False
all_rows,species_diet,FULL,False,GP_Compuesto_NoARD,Hermetia::Orujo90,Hermetia,main,Orujo90,orujo,90,3,27.97325781900284,35.306227411180004,3.2839236962457927,7.3329695921771645,False
all_rows,species_diet,FULL,False,Dummy_GlobalMean,Hermetia::Quinoa15,Hermetia,main,Quinoa15,quinoa,15,1,32.25326659440655,37.5255580287764,,5.272291434369855,
all_rows,species_diet,FULL,False,Dummy_GlobalMean,Hermetia::Quinoa15,Hermetia,main,Quinoa15,quinoa,15,2,30.29567215292689,37.5255580287764,,7.2298858758495115,
all_rows,species_diet,FULL,False,Dummy_GlobalMean,Hermetia::Quinoa15,Hermetia,main,Quinoa15,quinoa,15,3,29.75211069561501,37.5255580287764,,7.773447333161393,
all_rows,species_diet,FULL,False,Dummy_SpeciesMean,Hermetia::Quinoa15,Hermetia,main,Quinoa15,quinoa,15,1,32.25326659440655,28.73731446915273,,3.5159521252538184,
all_rows,species_diet,FULL,False,Dummy_SpeciesMean,Hermetia::Quinoa15,Hermetia,main,Quinoa15,quinoa,15,2,30.29567215292689,28.73731446915273,,1.5583576837741617,
all_rows,species_diet,FULL,False,Dummy_SpeciesMean,Hermetia::Quinoa15,Hermetia,main,Quinoa15,quinoa,15,3,29.75211069561501,28.73731446915273,,1.0147962264622805,
all_rows,species_diet,FULL,False,GP_Compuesto_NoARD,Hermetia::Quinoa15,Hermetia,main,Quinoa15,quinoa,15,1,32.25326659440655,31.64654189940017,2.4815913204640463,0.6067246950063776,True
all_rows,species_diet,FULL,False,GP_Compuesto_NoARD,Hermetia::Quinoa15,Hermetia,main,Quinoa15,quinoa,15,2,30.29567215292689,31.64654189940017,2.4815913204640463,1.350869746473279,True
all_rows,species_diet,FULL,False,GP_Compuesto_NoARD,Hermetia::Quinoa15,Hermetia,main,Quinoa15,quinoa,15,3,29.75211069561501,31.64654189940017,2.481591320464045,1.8944312037851603,True
all_rows,species_diet,FULL,False,Dummy_GlobalMean,Hermetia::Quinoa30,Hermetia,main,Quinoa30,quinoa,30,1,30.76039775705413,37.55286868940771,,6.792470932353581,
all_rows,species_diet,FULL,False,Dummy_GlobalMean,Hermetia::Quinoa30,Hermetia,main,Quinoa30,quinoa,30,2,29.22593647982689,37.55286868940771,,8.326932209580821,
all_rows,species_diet,FULL,False,Dummy_GlobalMean,Hermetia::Quinoa30,Hermetia,main,Quinoa30,quinoa,30,3,29.965998391774416,37.55286868940771,,7.586870297633293,
all_rows,species_diet,FULL,False,Dummy_SpeciesMean,Hermetia::Quinoa30,Hermetia,main,Quinoa30,quinoa,30,1,30.76039775705413,28.815605029629165,,1.9447927274249643,
all_rows,species_diet,FULL,False,Dummy_SpeciesMean,Hermetia::Quinoa30,Hermetia,main,Quinoa30,quinoa,30,2,29.22593647982689,28.815605029629165,,0.41033145019772377,
all_rows,species_diet,FULL,False,Dummy_SpeciesMean,Hermetia::Quinoa30,Hermetia,main,Quinoa30,quinoa,30,3,29.965998391774416,28.815605029629165,,1.1503933621452518,
all_rows,species_diet,FULL,False,GP_Compuesto_NoARD,Hermetia::Quinoa30,Hermetia,main,Quinoa30,quinoa,30,1,30.76039775705413,33.236616546236675,2.1351071552888885,2.4762187891825462,True
all_rows,species_diet,FULL,False,GP_Compuesto_NoARD,Hermetia::Quinoa30,Hermetia,main,Quinoa30,quinoa,30,2,29.22593647982689,33.236616546236675,2.1351071552888885,4.010680066409787,True
all_rows,species_diet,FULL,False,GP_Compuesto_NoARD,Hermetia::Quinoa30,Hermetia,main,Quinoa30,quinoa,30,3,29.965998391774416,33.23661654623668,2.1351071552888854,3.270618154462266,True
all_rows,species_diet,FULL,False,Dummy_GlobalMean,Hermetia::Quinoa50,Hermetia,main,Quinoa50,quinoa,50,1,30.811944171324868,37.55824497673373,,6.746300805408865,
all_rows,species_diet,FULL,False,Dummy_GlobalMean,Hermetia::Quinoa50,Hermetia,main,Quinoa50,quinoa,50,2,28.23608632105669,37.55824497673373,,9.322158655677043,
all_rows,species_diet,FULL,False,Dummy_GlobalMean,Hermetia::Quinoa50,Hermetia,main,Quinoa50,quinoa,50,3,30.441941426236617,37.55824497673373,,7.116303550497115,
all_rows,species_diet,FULL,False,Dummy_SpeciesMean,Hermetia::Quinoa50,Hermetia,main,Quinoa50,quinoa,50,1,30.811944171324868,28.83101705329707,,1.9809271180277968,
all_rows,species_diet,FULL,False,Dummy_SpeciesMean,Hermetia::Quinoa50,Hermetia,main,Quinoa50,quinoa,50,2,28.23608632105669,28.83101705329707,,0.5949307322403818,
all_rows,species_diet,FULL,False,Dummy_SpeciesMean,Hermetia::Quinoa50,Hermetia,main,Quinoa50,quinoa,50,3,30.441941426236617,28.83101705329707,,1.6109243729395466,
all_rows,species_diet,FULL,False,GP_Compuesto_NoARD,Hermetia::Quinoa50,Hermetia,main,Quinoa50,quinoa,50,1,30.811944171324868,35.12165571740305,2.3010388624100275,4.309711546078184,True
all_rows,species_diet,FULL,False,GP_Compuesto_NoARD,Hermetia::Quinoa50,Hermetia,main,Quinoa50,quinoa,50,2,28.23608632105669,35.12165571740305,2.3010388624100275,6.885569396346362,False
all_rows,species_diet,FULL,False,GP_Compuesto_NoARD,Hermetia::Quinoa50,Hermetia,main,Quinoa50,quinoa,50,3,30.441941426236617,35.12165571740306,2.3010388624100306,4.679714291166441,False
all_rows,species_diet,FULL,False,Dummy_GlobalMean,Tenebrio::Control,Tenebrio,main,Control,control,0,1,42.724277530166994,37.088889383035884,,5.63538814713111,
all_rows,species_diet,FULL,False,Dummy_GlobalMean,Tenebrio::Control,Tenebrio,main,Control,control,0,2,43.79839302328586,37.088889383035884,,6.709503640249977,
all_rows,species_diet,FULL,False,Dummy_GlobalMean,Tenebrio::Control,Tenebrio,main,Control,control,0,3,43.331882423179295,37.088889383035884,,6.242993040143411,
all_rows,species_diet,FULL,False,Dummy_SpeciesMean,Tenebrio::Control,Tenebrio,main,Control,control,0,1,42.724277530166994,42.17403780044445,,0.5502397297225414,
all_rows,species_diet,FULL,False,Dummy_SpeciesMean,Tenebrio::Control,Tenebrio,main,Control,control,0,2,43.79839302328586,42.17403780044445,,1.6243552228414089,
all_rows,species_diet,FULL,False,Dummy_SpeciesMean,Tenebrio::Control,Tenebrio,main,Control,control,0,3,43.331882423179295,42.17403780044445,,1.1578446227348422,
all_rows,species_diet,FULL,False,GP_Compuesto_NoARD,Tenebrio::Control,Tenebrio,main,Control,control,0,1,42.724277530166994,52.14350278043686,3.9992348540749605,9.419225250269868,False
all_rows,species_diet,FULL,False,GP_Compuesto_NoARD,Tenebrio::Control,Tenebrio,main,Control,control,0,2,43.79839302328586,52.14350278043686,3.9992348540749605,8.345109757151,False
all_rows,species_diet,FULL,False,GP_Compuesto_NoARD,Tenebrio::Control,Tenebrio,main,Control,control,0,3,43.331882423179295,52.14350278043685,3.9992348540749574,8.811620357257553,False
all_rows,species_diet,FULL,False,Dummy_GlobalMean,Tenebrio::Control Agar,Tenebrio,water_control,Control Agar,control,0,1,36.031,37.33363999904324,,1.3026399990432438,
all_rows,species_diet,FULL,False,Dummy_GlobalMean,Tenebrio::Control Agar,Tenebrio,water_control,Control Agar,control,0,2,36.036,37.33363999904324,,1.2976399990432412,
all_rows,species_diet,FULL,False,Dummy_GlobalMean,Tenebrio::Control Agar,Tenebrio,water_control,Control Agar,control,0,3,36.739,37.33363999904324,,0.5946399990432454,
all_rows,species_diet,FULL,False,Dummy_SpeciesMean,Tenebrio::Control Agar,Tenebrio,water_control,Control Agar,control,0,1,36.031,42.571180309437516,,6.540180309437517,
all_rows,species_diet,FULL,False,Dummy_SpeciesMean,Tenebrio::Control Agar,Tenebrio,water_control,Control Agar,control,0,2,36.036,42.571180309437516,,6.535180309437514,
all_rows,species_diet,FULL,False,Dummy_SpeciesMean,Tenebrio::Control Agar,Tenebrio,water_control,Control Agar,control,0,3,36.739,42.571180309437516,,5.832180309437518,
all_rows,species_diet,FULL,False,GP_Compuesto_NoARD,Tenebrio::Control Agar,Tenebrio,water_control,Control Agar,control,0,1,36.031,40.08296211947495,2.7294699916900003,4.05196211947495,True
all_rows,species_diet,FULL,False,GP_Compuesto_NoARD,Tenebrio::Control Agar,Tenebrio,water_control,Control Agar,control,0,2,36.036,40.08296211947495,2.7294699916900003,4.046962119474948,True
all_rows,species_diet,FULL,False,GP_Compuesto_NoARD,Tenebrio::Control Agar,Tenebrio,water_control,Control Agar,control,0,3,36.739,40.08296211947495,2.729469991690003,3.343962119474952,True
all_rows,species_diet,FULL,False,Dummy_GlobalMean,Tenebrio::Control Humedad superf,Tenebrio,water_control,Control Humedad superf,control,0,1,39.017,37.23179116183394,,1.7852088381660636,
all_rows,species_diet,FULL,False,Dummy_GlobalMean,Tenebrio::Control Humedad superf,Tenebrio,water_control,Control Humedad superf,control,0,2,38.168,37.23179116183394,,0.9362088381660598,
all_rows,species_diet,FULL,False,Dummy_GlobalMean,Tenebrio::Control Humedad superf,Tenebrio,water_control,Control Humedad superf,control,0,3,40.38,37.23179116183394,,3.148208838166063,
all_rows,species_diet,FULL,False,Dummy_SpeciesMean,Tenebrio::Control Humedad superf,Tenebrio,water_control,Control Humedad superf,control,0,1,39.017,42.40591615849412,,3.388916158494119,
all_rows,species_diet,FULL,False,Dummy_SpeciesMean,Tenebrio::Control Humedad superf,Tenebrio,water_control,Control Humedad superf,control,0,2,38.168,42.40591615849412,,4.237916158494123,
all_rows,species_diet,FULL,False,Dummy_SpeciesMean,Tenebrio::Control Humedad superf,Tenebrio,water_control,Control Humedad superf,control,0,3,40.38,42.40591615849412,,2.0259161584941197,
all_rows,species_diet,FULL,False,GP_Compuesto_NoARD,Tenebrio::Control Humedad superf,Tenebrio,water_control,Control Humedad superf,control,0,1,39.017,38.94726985938515,2.7256322218511397,0.06973014061485117,True
all_rows,species_diet,FULL,False,GP_Compuesto_NoARD,Tenebrio::Control Humedad superf,Tenebrio,water_control,Control Humedad superf,control,0,2,38.168,38.94726985938515,2.7256322218511397,0.7792698593851526,True
all_rows,species_diet,FULL,False,GP_Compuesto_NoARD,Tenebrio::Control Humedad superf,Tenebrio,water_control,Control Humedad superf,control,0,3,40.38,38.94726985938516,2.7256322218511375,1.4327301406148436,True
all_rows,species_diet,FULL,False,Dummy_GlobalMean,Tenebrio::Control Seco,Tenebrio,water_control,Control Seco,control,0,1,41.955,37.13239581299673,,4.822604187003272,
all_rows,species_diet,FULL,False,Dummy_GlobalMean,Tenebrio::Control Seco,Tenebrio,water_control,Control Seco,control,0,2,41.63,37.13239581299673,,4.497604187003276,
all_rows,species_diet,FULL,False,Dummy_GlobalMean,Tenebrio::Control Seco,Tenebrio,water_control,Control Seco,control,0,3,42.528,37.13239581299673,,5.395604187003272,
all_rows,species_diet,FULL,False,Dummy_SpeciesMean,Tenebrio::Control Seco,Tenebrio,water_control,Control Seco,control,0,1,41.955,42.244633139626195,,0.2896331396261971,
all_rows,species_diet,FULL,False,Dummy_SpeciesMean,Tenebrio::Control Seco,Tenebrio,water_control,Control Seco,control,0,2,41.63,42.244633139626195,,0.6146331396261928,
all_rows,species_diet,FULL,False,Dummy_SpeciesMean,Tenebrio::Control Seco,Tenebrio,water_control,Control Seco,control,0,3,42.528,42.244633139626195,,0.2833668603738033,
all_rows,species_diet,FULL,False,GP_Compuesto_NoARD,Tenebrio::Control Seco,Tenebrio,water_control,Control Seco,control,0,1,41.955,37.83889942037521,2.714697237277103,4.116100579624785,True
all_rows,species_diet,FULL,False,GP_Compuesto_NoARD,Tenebrio::Control Seco,Tenebrio,water_control,Control Seco,control,0,2,41.63,37.83889942037521,2.714697237277103,3.791100579624789,True
all_rows,species_diet,FULL,False,GP_Compuesto_NoARD,Tenebrio::Control Seco,Tenebrio,water_control,Control Seco,control,0,3,42.528,37.83889942037522,2.714697237277103,4.689100579624778,True
all_rows,species_diet,FULL,False,Dummy_GlobalMean,Tenebrio::Hoja15,Tenebrio,main,Hoja15,hoja,15,1,44.59966850546592,37.003886088064,,7.595782417401921,
all_rows,species_diet,FULL,False,Dummy_GlobalMean,Tenebrio::Hoja15,Tenebrio,main,Hoja15,hoja,15,2,48.58207253144869,37.003886088064,,11.578186443384688,
all_rows,species_diet,FULL,False,Dummy_GlobalMean,Tenebrio::Hoja15,Tenebrio,main,Hoja15,hoja,15,3,43.98309530729985,37.003886088064,,6.979209219235848,
all_rows,species_diet,FULL,False,Dummy_SpeciesMean,Tenebrio::Hoja15,Tenebrio,main,Hoja15,hoja,15,1,44.59966850546592,42.03610792558442,,2.5635605798815035,
all_rows,species_diet,FULL,False,Dummy_SpeciesMean,Tenebrio::Hoja15,Tenebrio,main,Hoja15,hoja,15,2,48.58207253144869,42.03610792558442,,6.54596460586427,
all_rows,species_diet,FULL,False,Dummy_SpeciesMean,Tenebrio::Hoja15,Tenebrio,main,Hoja15,hoja,15,3,43.98309530729985,42.03610792558442,,1.9469873817154308,
all_rows,species_diet,FULL,False,GP_Compuesto_NoARD,Tenebrio::Hoja15,Tenebrio,main,Hoja15,hoja,15,1,44.59966850546592,44.78588738183999,2.7285067806774994,0.18621887637407042,True
all_rows,species_diet,FULL,False,GP_Compuesto_NoARD,Tenebrio::Hoja15,Tenebrio,main,Hoja15,hoja,15,2,48.58207253144869,44.78588738183999,2.7285067806774994,3.7961851496086965,True
all_rows,species_diet,FULL,False,GP_Compuesto_NoARD,Tenebrio::Hoja15,Tenebrio,main,Hoja15,hoja,15,3,43.98309530729985,44.78588738184,2.728506780677502,0.8027920745401502,True
all_rows,species_diet,FULL,False,Dummy_GlobalMean,Tenebrio::Hoja30,Tenebrio,main,Hoja30,hoja,30,1,43.64443148041813,37.070901020607785,,6.573530459810343,
all_rows,species_diet,FULL,False,Dummy_GlobalMean,Tenebrio::Hoja30,Tenebrio,main,Hoja30,hoja,30,2,45.32322480412907,37.070901020607785,,8.252323783521284,
all_rows,species_diet,FULL,False,Dummy_GlobalMean,Tenebrio::Hoja30,Tenebrio,main,Hoja30,hoja,30,3,42.43389586090185,37.070901020607785,,5.362994840294064,
all_rows,species_diet,FULL,False,Dummy_SpeciesMean,Tenebrio::Hoja30,Tenebrio,main,Hoja30,hoja,30,1,43.64443148041813,42.144849136881874,,1.4995823435362539,
all_rows,species_diet,FULL,False,Dummy_SpeciesMean,Tenebrio::Hoja30,Tenebrio,main,Hoja30,hoja,30,2,45.32322480412907,42.144849136881874,,3.1783756672471952,
all_rows,species_diet,FULL,False,Dummy_SpeciesMean,Tenebrio::Hoja30,Tenebrio,main,Hoja30,hoja,30,3,42.43389586090185,42.144849136881874,,0.28904672401997544,
all_rows,species_diet,FULL,False,GP_Compuesto_NoARD,Tenebrio::Hoja30,Tenebrio,main,Hoja30,hoja,30,1,43.64443148041813,43.25479821492862,2.2127240379089614,0.3896332654895076,True
all_rows,species_diet,FULL,False,GP_Compuesto_NoARD,Tenebrio::Hoja30,Tenebrio,main,Hoja30,hoja,30,2,45.32322480412907,43.25479821492862,2.2127240379089614,2.068426589200449,True
all_rows,species_diet,FULL,False,GP_Compuesto_NoARD,Tenebrio::Hoja30,Tenebrio,main,Hoja30,hoja,30,3,42.43389586090185,43.25479821492862,2.2127240379089677,0.8209023540267708,True
all_rows,species_diet,FULL,False,Dummy_GlobalMean,Tenebrio::Hoja50,Tenebrio,main,Hoja50,hoja,50,1,43.13594119232716,37.077776598746915,,6.058164593580244,
all_rows,species_diet,FULL,False,Dummy_GlobalMean,Tenebrio::Hoja50,Tenebrio,main,Hoja50,hoja,50,2,44.6843260049324,37.077776598746915,,7.606549406185486,
all_rows,species_diet,FULL,False,Dummy_GlobalMean,Tenebrio::Hoja50,Tenebrio,main,Hoja50,hoja,50,3,42.989985228223965,37.077776598746915,,5.91220862947705,
all_rows,species_diet,FULL,False,Dummy_SpeciesMean,Tenebrio::Hoja50,Tenebrio,main,Hoja50,hoja,50,1,43.13594119232716,42.15600573537179,,0.9799354569553671,
all_rows,species_diet,FULL,False,Dummy_SpeciesMean,Tenebrio::Hoja50,Tenebrio,main,Hoja50,hoja,50,2,44.6843260049324,42.15600573537179,,2.5283202695606093,
all_rows,species_diet,FULL,False,Dummy_SpeciesMean,Tenebrio::Hoja50,Tenebrio,main,Hoja50,hoja,50,3,42.989985228223965,42.15600573537179,,0.8339794928521727,
all_rows,species_diet,FULL,False,GP_Compuesto_NoARD,Tenebrio::Hoja50,Tenebrio,main,Hoja50,hoja,50,1,43.13594119232716,38.035525918720225,3.306861351515769,5.100415273606934,True
all_rows,species_diet,FULL,False,GP_Compuesto_NoARD,Tenebrio::Hoja50,Tenebrio,main,Hoja50,hoja,50,2,44.6843260049324,38.035525918720225,3.306861351515769,6.6488000862121766,False
all_rows,species_diet,FULL,False,GP_Compuesto_NoARD,Tenebrio::Hoja50,Tenebrio,main,Hoja50,hoja,50,3,42.989985228223965,38.035525918720225,3.306861351515765,4.95445930950374,True
all_rows,species_diet,FULL,False,Dummy_GlobalMean,Tenebrio::Orujillo15,Tenebrio,coffee_orujillo,Orujillo15,orujillo,15,1,35.057,37.36263999904324,,2.305639999043237,
all_rows,species_diet,FULL,False,Dummy_GlobalMean,Tenebrio::Orujillo15,Tenebrio,coffee_orujillo,Orujillo15,orujillo,15,2,35.084,37.36263999904324,,2.2786399990432358,
all_rows,species_diet,FULL,False,Dummy_GlobalMean,Tenebrio::Orujillo15,Tenebrio,coffee_orujillo,Orujillo15,orujillo,15,3,36.171,37.36263999904324,,1.1916399990432396,
all_rows,species_diet,FULL,False,Dummy_SpeciesMean,Tenebrio::Orujillo15,Tenebrio,coffee_orujillo,Orujillo15,orujillo,15,1,35.057,42.6182369132111,,7.561236913211097,
all_rows,species_diet,FULL,False,Dummy_SpeciesMean,Tenebrio::Orujillo15,Tenebrio,coffee_orujillo,Orujillo15,orujillo,15,2,35.084,42.6182369132111,,7.534236913211096,
all_rows,species_diet,FULL,False,Dummy_SpeciesMean,Tenebrio::Orujillo15,Tenebrio,coffee_orujillo,Orujillo15,orujillo,15,3,36.171,42.6182369132111,,6.4472369132111,
all_rows,species_diet,FULL,False,GP_Compuesto_NoARD,Tenebrio::Orujillo15,Tenebrio,coffee_orujillo,Orujillo15,orujillo,15,1,35.057,33.45982269112388,3.443136512706596,1.5971773088761196,True
all_rows,species_diet,FULL,False,GP_Compuesto_NoARD,Tenebrio::Orujillo15,Tenebrio,coffee_orujillo,Orujillo15,orujillo,15,2,35.084,33.45982269112388,3.443136512706596,1.6241773088761207,True
all_rows,species_diet,FULL,False,GP_Compuesto_NoARD,Tenebrio::Orujillo15,Tenebrio,coffee_orujillo,Orujillo15,orujillo,15,3,36.171,33.45982269112388,3.443136512706596,2.711177308876117,True
all_rows,species_diet,FULL,False,Dummy_GlobalMean,Tenebrio::Orujillo30,Tenebrio,coffee_orujillo,Orujillo30,orujillo,30,1,33.932,37.44052371997347,,3.508523719973468,
all_rows,species_diet,FULL,False,Dummy_GlobalMean,Tenebrio::Orujillo30,Tenebrio,coffee_orujillo,Orujillo30,orujillo,30,2,33.19,37.44052371997347,,4.250523719973472,
all_rows,species_diet,FULL,False,Dummy_GlobalMean,Tenebrio::Orujillo30,Tenebrio,coffee_orujillo,Orujillo30,orujillo,30,3,32.492,37.44052371997347,,4.948523719973473,
all_rows,species_diet,FULL,False,Dummy_SpeciesMean,Tenebrio::Orujillo30,Tenebrio,coffee_orujillo,Orujillo30,orujillo,30,1,33.932,42.74461427170167,,8.812614271701669,
all_rows,species_diet,FULL,False,Dummy_SpeciesMean,Tenebrio::Orujillo30,Tenebrio,coffee_orujillo,Orujillo30,orujillo,30,2,33.19,42.74461427170167,,9.554614271701674,
all_rows,species_diet,FULL,False,Dummy_SpeciesMean,Tenebrio::Orujillo30,Tenebrio,coffee_orujillo,Orujillo30,orujillo,30,3,32.492,42.74461427170167,,10.252614271701674,
all_rows,species_diet,FULL,False,GP_Compuesto_NoARD,Tenebrio::Orujillo30,Tenebrio,coffee_orujillo,Orujillo30,orujillo,30,1,33.932,35.10067635288351,2.9322443853811277,1.1686763528835087,True
all_rows,species_diet,FULL,False,GP_Compuesto_NoARD,Tenebrio::Orujillo30,Tenebrio,coffee_orujillo,Orujillo30,orujillo,30,2,33.19,35.10067635288351,2.9322443853811277,1.9106763528835131,True
all_rows,species_diet,FULL,False,GP_Compuesto_NoARD,Tenebrio::Orujillo30,Tenebrio,coffee_orujillo,Orujillo30,orujillo,30,3,32.492,35.10067635288352,2.932244385381125,2.6086763528835206,True
all_rows,species_diet,FULL,False,Dummy_GlobalMean,Tenebrio::Orujillo50,Tenebrio,coffee_orujillo,Orujillo50,orujillo,50,1,32.866,37.46398883625254,,4.59798883625254,
all_rows,species_diet,FULL,False,Dummy_GlobalMean,Tenebrio::Orujillo50,Tenebrio,coffee_orujillo,Orujillo50,orujillo,50,2,32.238,37.46398883625254,,5.22598883625254,
all_rows,species_diet,FULL,False,Dummy_GlobalMean,Tenebrio::Orujillo50,Tenebrio,coffee_orujillo,Orujillo50,orujillo,50,3,32.492,37.46398883625254,,4.971988836252542,
all_rows,species_diet,FULL,False,Dummy_SpeciesMean,Tenebrio::Orujillo50,Tenebrio,coffee_orujillo,Orujillo50,orujillo,50,1,32.866,42.782689743399786,,9.916689743399786,
all_rows,species_diet,FULL,False,Dummy_SpeciesMean,Tenebrio::Orujillo50,Tenebrio,coffee_orujillo,Orujillo50,orujillo,50,2,32.238,42.782689743399786,,10.544689743399786,
all_rows,species_diet,FULL,False,Dummy_SpeciesMean,Tenebrio::Orujillo50,Tenebrio,coffee_orujillo,Orujillo50,orujillo,50,3,32.492,42.782689743399786,,10.290689743399788,
all_rows,species_diet,FULL,False,GP_Compuesto_NoARD,Tenebrio::Orujillo50,Tenebrio,coffee_orujillo,Orujillo50,orujillo,50,1,32.866,36.573395596110146,3.9505562676376162,3.707395596110146,True
all_rows,species_diet,FULL,False,GP_Compuesto_NoARD,Tenebrio::Orujillo50,Tenebrio,coffee_orujillo,Orujillo50,orujillo,50,2,32.238,36.573395596110146,3.9505562676376162,4.335395596110146,True
all_rows,species_diet,FULL,False,GP_Compuesto_NoARD,Tenebrio::Orujillo50,Tenebrio,coffee_orujillo,Orujillo50,orujillo,50,3,32.492,36.57339559611014,3.9505562676376145,4.081395596110141,True
all_rows,species_diet,FULL,False,Dummy_GlobalMean,Tenebrio::Orujo30,Tenebrio,main,Orujo30,orujo,30,1,44.05632136428663,36.97628106281603,,7.0800403014706035,
all_rows,species_diet,FULL,False,Dummy_GlobalMean,Tenebrio::Orujo30,Tenebrio,main,Orujo30,orujo,30,2,47.979408918219136,36.97628106281603,,11.003127855403108,
all_rows,species_diet,FULL,False,Dummy_GlobalMean,Tenebrio::Orujo30,Tenebrio,main,Orujo30,orujo,30,3,47.50313823303477,36.97628106281603,,10.52685717021874,
all_rows,species_diet,FULL,False,Dummy_SpeciesMean,Tenebrio::Orujo30,Tenebrio,main,Orujo30,orujo,30,1,44.05632136428663,41.99131486574807,,2.0650064985385583,
all_rows,species_diet,FULL,False,Dummy_SpeciesMean,Tenebrio::Orujo30,Tenebrio,main,Orujo30,orujo,30,2,47.979408918219136,41.99131486574807,,5.988094052471062,
all_rows,species_diet,FULL,False,Dummy_SpeciesMean,Tenebrio::Orujo30,Tenebrio,main,Orujo30,orujo,30,3,47.50313823303477,41.99131486574807,,5.511823367286695,
all_rows,species_diet,FULL,False,GP_Compuesto_NoARD,Tenebrio::Orujo30,Tenebrio,main,Orujo30,orujo,30,1,44.05632136428663,45.51168652443917,2.4208036783012084,1.4553651601525388,True
all_rows,species_diet,FULL,False,GP_Compuesto_NoARD,Tenebrio::Orujo30,Tenebrio,main,Orujo30,orujo,30,2,47.979408918219136,45.51168652443917,2.4208036783012084,2.4677223937799653,True
all_rows,species_diet,FULL,False,GP_Compuesto_NoARD,Tenebrio::Orujo30,Tenebrio,main,Orujo30,orujo,30,3,47.50313823303477,45.51168652443916,2.420803678301208,1.991451708595605,True
all_rows,species_diet,FULL,False,Dummy_GlobalMean,Tenebrio::Orujo50,Tenebrio,main,Orujo50,orujo,50,1,46.60615150745108,36.955098370290706,,9.651053137160375,
all_rows,species_diet,FULL,False,Dummy_GlobalMean,Tenebrio::Orujo50,Tenebrio,main,Orujo50,orujo,50,2,47.61168446896416,36.955098370290706,,10.65658609867345,
all_rows,species_diet,FULL,False,Dummy_GlobalMean,Tenebrio::Orujo50,Tenebrio,main,Orujo50,orujo,50,3,47.14274409630263,36.955098370290706,,10.187645726011922,
all_rows,species_diet,FULL,False,Dummy_SpeciesMean,Tenebrio::Orujo50,Tenebrio,main,Orujo50,orujo,50,1,46.60615150745108,41.95694294957491,,4.649208557876172,
all_rows,species_diet,FULL,False,Dummy_SpeciesMean,Tenebrio::Orujo50,Tenebrio,main,Orujo50,orujo,50,2,47.61168446896416,41.95694294957491,,5.654741519389248,
all_rows,species_diet,FULL,False,Dummy_SpeciesMean,Tenebrio::Orujo50,Tenebrio,main,Orujo50,orujo,50,3,47.14274409630263,41.95694294957491,,5.185801146727719,
all_rows,species_diet,FULL,False,GP_Compuesto_NoARD,Tenebrio::Orujo50,Tenebrio,main,Orujo50,orujo,50,1,46.60615150745108,39.745773471307515,1.8615340105223064,6.860378036143565,False
all_rows,species_diet,FULL,False,GP_Compuesto_NoARD,Tenebrio::Orujo50,Tenebrio,main,Orujo50,orujo,50,2,47.61168446896416,39.745773471307515,1.8615340105223064,7.865910997656641,False
all_rows,species_diet,FULL,False,GP_Compuesto_NoARD,Tenebrio::Orujo50,Tenebrio,main,Orujo50,orujo,50,3,47.14274409630263,39.745773471307515,1.8615340105223028,7.396970624995113,False
all_rows,species_diet,FULL,False,Dummy_GlobalMean,Tenebrio::Orujo70,Tenebrio,main,Orujo70,orujo,70,1,42.989125105205865,37.10913774879193,,5.879987356413935,
all_rows,species_diet,FULL,False,Dummy_GlobalMean,Tenebrio::Orujo70,Tenebrio,main,Orujo70,orujo,70,2,42.37318058656684,37.10913774879193,,5.264042837774909,
all_rows,species_diet,FULL,False,Dummy_GlobalMean,Tenebrio::Orujo70,Tenebrio,main,Orujo70,orujo,70,3,42.75088782983994,37.10913774879193,,5.641750081048009,
all_rows,species_diet,FULL,False,Dummy_SpeciesMean,Tenebrio::Orujo70,Tenebrio,main,Orujo70,orujo,70,1,42.989125105205865,42.20689363921841,,0.7822314659874579,
all_rows,species_diet,FULL,False,Dummy_SpeciesMean,Tenebrio::Orujo70,Tenebrio,main,Orujo70,orujo,70,2,42.37318058656684,42.20689363921841,,0.16628694734843208,
all_rows,species_diet,FULL,False,Dummy_SpeciesMean,Tenebrio::Orujo70,Tenebrio,main,Orujo70,orujo,70,3,42.75088782983994,42.20689363921841,,0.5439941906215324,
all_rows,species_diet,FULL,False,GP_Compuesto_NoARD,Tenebrio::Orujo70,Tenebrio,main,Orujo70,orujo,70,1,42.989125105205865,38.75515426807292,1.8580119759379736,4.233970837132944,False
all_rows,species_diet,FULL,False,GP_Compuesto_NoARD,Tenebrio::Orujo70,Tenebrio,main,Orujo70,orujo,70,2,42.37318058656684,38.75515426807292,1.8580119759379736,3.618026318493918,True
all_rows,species_diet,FULL,False,GP_Compuesto_NoARD,Tenebrio::Orujo70,Tenebrio,main,Orujo70,orujo,70,3,42.75088782983994,38.755154268072914,1.8580119759379756,3.9957335617670253,False
all_rows,species_diet,FULL,False,Dummy_GlobalMean,Tenebrio::Orujo90,Tenebrio,main,Orujo90,orujo,90,1,42.63455462687377,37.175399689099976,,5.459154937773796,
all_rows,species_diet,FULL,False,Dummy_GlobalMean,Tenebrio::Orujo90,Tenebrio,main,Orujo90,orujo,90,2,39.46090226095632,37.175399689099976,,2.285502571856341,
all_rows,species_diet,FULL,False,Dummy_GlobalMean,Tenebrio::Orujo90,Tenebrio,main,Orujo90,orujo,90,3,40.31920976729068,37.175399689099976,,3.143810078190704,
all_rows,species_diet,FULL,False,Dummy_SpeciesMean,Tenebrio::Orujo90,Tenebrio,main,Orujo90,orujo,90,1,42.63455462687377,42.31441301405788,,0.32014161281589537,
all_rows,species_diet,FULL,False,Dummy_SpeciesMean,Tenebrio::Orujo90,Tenebrio,main,Orujo90,orujo,90,2,39.46090226095632,42.31441301405788,,2.8535107531015598,
all_rows,species_diet,FULL,False,Dummy_SpeciesMean,Tenebrio::Orujo90,Tenebrio,main,Orujo90,orujo,90,3,40.31920976729068,42.31441301405788,,1.995203246767197,
all_rows,species_diet,FULL,False,GP_Compuesto_NoARD,Tenebrio::Orujo90,Tenebrio,main,Orujo90,orujo,90,1,42.63455462687377,31.348807344894084,3.024829047563001,11.285747281979688,False
all_rows,species_diet,FULL,False,GP_Compuesto_NoARD,Tenebrio::Orujo90,Tenebrio,main,Orujo90,orujo,90,2,39.46090226095632,31.348807344894084,3.024829047563001,8.112094916062233,False
all_rows,species_diet,FULL,False,GP_Compuesto_NoARD,Tenebrio::Orujo90,Tenebrio,main,Orujo90,orujo,90,3,40.31920976729068,31.348807344894077,3.024829047563001,8.970402422396603,False
all_rows,species_diet,FULL,False,Dummy_GlobalMean,Tenebrio::Posos café horno15,Tenebrio,coffee_orujillo,Posos café horno15,cafe,15,1,39.947,37.18411674322929,,2.7628832567707136,
all_rows,species_diet,FULL,False,Dummy_GlobalMean,Tenebrio::Posos café horno15,Tenebrio,coffee_orujillo,Posos café horno15,cafe,15,2,40.029,37.18411674322929,,2.8448832567707143,
all_rows,species_diet,FULL,False,Dummy_GlobalMean,Tenebrio::Posos café horno15,Tenebrio,coffee_orujillo,Posos café horno15,cafe,15,3,41.689,37.18411674322929,,4.504883256770711,
all_rows,species_diet,FULL,False,Dummy_SpeciesMean,Tenebrio::Posos café horno15,Tenebrio,coffee_orujillo,Posos café horno15,cafe,15,1,39.947,42.32855766792808,,2.381557667928078,
all_rows,species_diet,FULL,False,Dummy_SpeciesMean,Tenebrio::Posos café horno15,Tenebrio,coffee_orujillo,Posos café horno15,cafe,15,2,40.029,42.32855766792808,,2.2995576679280774,
all_rows,species_diet,FULL,False,Dummy_SpeciesMean,Tenebrio::Posos café horno15,Tenebrio,coffee_orujillo,Posos café horno15,cafe,15,3,41.689,42.32855766792808,,0.6395576679280808,
all_rows,species_diet,FULL,False,GP_Compuesto_NoARD,Tenebrio::Posos café horno15,Tenebrio,coffee_orujillo,Posos café horno15,cafe,15,1,39.947,49.2547503235996,5.12075340060664,9.307750323599599,True
all_rows,species_diet,FULL,False,GP_Compuesto_NoARD,Tenebrio::Posos café horno15,Tenebrio,coffee_orujillo,Posos café horno15,cafe,15,2,40.029,49.2547503235996,5.12075340060664,9.225750323599598,True
all_rows,species_diet,FULL,False,GP_Compuesto_NoARD,Tenebrio::Posos café horno15,Tenebrio,coffee_orujillo,Posos café horno15,cafe,15,3,41.689,49.2547503235996,5.12075340060664,7.565750323599602,True
all_rows,species_diet,FULL,False,Dummy_GlobalMean,Tenebrio::Posos café liof15,Tenebrio,coffee_orujillo,Posos café liof15,cafe,15,1,48.241,36.984678619743896,,11.256321380256104,
all_rows,species_diet,FULL,False,Dummy_GlobalMean,Tenebrio::Posos café liof15,Tenebrio,coffee_orujillo,Posos café liof15,cafe,15,2,53.591,36.984678619743896,,16.606321380256105,
all_rows,species_diet,FULL,False,Dummy_SpeciesMean,Tenebrio::Posos café liof15,Tenebrio,coffee_orujillo,Posos café liof15,cafe,15,1,48.241,41.91197326667015,,6.329026733329847,
all_rows,species_diet,FULL,False,Dummy_SpeciesMean,Tenebrio::Posos café liof15,Tenebrio,coffee_orujillo,Posos café liof15,cafe,15,2,53.591,41.91197326667015,,11.679026733329849,
all_rows,species_diet,FULL,False,GP_Compuesto_NoARD,Tenebrio::Posos café liof15,Tenebrio,coffee_orujillo,Posos café liof15,cafe,15,1,48.241,40.39177912141075,4.0046776046269414,7.84922087858925,False
all_rows,species_diet,FULL,False,GP_Compuesto_NoARD,Tenebrio::Posos café liof15,Tenebrio,coffee_orujillo,Posos café liof15,cafe,15,2,53.591,40.39177912141075,4.0046776046269414,13.199220878589252,False
all_rows,species_diet,FULL,False,Dummy_GlobalMean,Tenebrio::Quinoa15,Tenebrio,main,Quinoa15,quinoa,15,1,46.2406551012102,36.91236096554056,,9.328294135669644,
all_rows,species_diet,FULL,False,Dummy_GlobalMean,Tenebrio::Quinoa15,Tenebrio,main,Quinoa15,quinoa,15,2,49.74165607410812,36.91236096554056,,12.829295108567564,
all_rows,species_diet,FULL,False,Dummy_GlobalMean,Tenebrio::Quinoa15,Tenebrio,main,Quinoa15,quinoa,15,3,49.0536857059127,36.91236096554056,,12.141324740372141,
all_rows,species_diet,FULL,False,Dummy_SpeciesMean,Tenebrio::Quinoa15,Tenebrio,main,Quinoa15,quinoa,15,1,46.2406551012102,41.88759546262183,,4.35305963858837,
all_rows,species_diet,FULL,False,Dummy_SpeciesMean,Tenebrio::Quinoa15,Tenebrio,main,Quinoa15,quinoa,15,2,49.74165607410812,41.88759546262183,,7.85406061148629,
all_rows,species_diet,FULL,False,Dummy_SpeciesMean,Tenebrio::Quinoa15,Tenebrio,main,Quinoa15,quinoa,15,3,49.0536857059127,41.88759546262183,,7.166090243290867,
all_rows,species_diet,FULL,False,GP_Compuesto_NoARD,Tenebrio::Quinoa15,Tenebrio,main,Quinoa15,quinoa,15,1,46.2406551012102,44.65572989027907,2.420963055788046,1.5849252109311323,True
all_rows,species_diet,FULL,False,GP_Compuesto_NoARD,Tenebrio::Quinoa15,Tenebrio,main,Quinoa15,quinoa,15,2,49.74165607410812,44.65572989027907,2.420963055788046,5.085926183829052,False
all_rows,species_diet,FULL,False,GP_Compuesto_NoARD,Tenebrio::Quinoa15,Tenebrio,main,Quinoa15,quinoa,15,3,49.0536857059127,44.65572989027906,2.4209630557880435,4.397955815633637,True
all_rows,species_diet,FULL,False,Dummy_GlobalMean,Tenebrio::Quinoa30,Tenebrio,main,Quinoa30,quinoa,30,1,47.1681642185215,36.97413083480624,,10.194033383715258,
all_rows,species_diet,FULL,False,Dummy_GlobalMean,Tenebrio::Quinoa30,Tenebrio,main,Quinoa30,quinoa,30,2,45.28074275235599,36.97413083480624,,8.306611917549752,
all_rows,species_diet,FULL,False,Dummy_GlobalMean,Tenebrio::Quinoa30,Tenebrio,main,Quinoa30,quinoa,30,3,47.27488115350477,36.97413083480624,,10.300750318698533,
all_rows,species_diet,FULL,False,Dummy_SpeciesMean,Tenebrio::Quinoa30,Tenebrio,main,Quinoa30,quinoa,30,1,47.1681642185215,41.98782581652465,,5.180338401996849,
all_rows,species_diet,FULL,False,Dummy_SpeciesMean,Tenebrio::Quinoa30,Tenebrio,main,Quinoa30,quinoa,30,2,45.28074275235599,41.98782581652465,,3.292916935831343,
all_rows,species_diet,FULL,False,Dummy_SpeciesMean,Tenebrio::Quinoa30,Tenebrio,main,Quinoa30,quinoa,30,3,47.27488115350477,41.98782581652465,,5.287055336980124,
all_rows,species_diet,FULL,False,GP_Compuesto_NoARD,Tenebrio::Quinoa30,Tenebrio,main,Quinoa30,quinoa,30,1,47.1681642185215,45.27127321081099,2.0781972320912456,1.896891007710508,True
all_rows,species_diet,FULL,False,GP_Compuesto_NoARD,Tenebrio::Quinoa30,Tenebrio,main,Quinoa30,quinoa,30,2,45.28074275235599,45.27127321081099,2.0781972320912456,0.009469541545001903,True
all_rows,species_diet,FULL,False,GP_Compuesto_NoARD,Tenebrio::Quinoa30,Tenebrio,main,Quinoa30,quinoa,30,3,47.27488115350477,45.271273210810975,2.078197232091249,2.0036079426937974,True
all_rows,species_diet,FULL,False,Dummy_GlobalMean,Tenebrio::Quinoa50,Tenebrio,main,Quinoa50,quinoa,50,1,46.3907897545748,36.96909036255715,,9.42169939201765,
all_rows,species_diet,FULL,False,Dummy_GlobalMean,Tenebrio::Quinoa50,Tenebrio,main,Quinoa50,quinoa,50,2,46.509235603005465,36.96909036255715,,9.540145240448318,
all_rows,species_diet,FULL,False,Dummy_GlobalMean,Tenebrio::Quinoa50,Tenebrio,main,Quinoa50,quinoa,50,3,47.25724338022376,36.96909036255715,,10.288153017666616,
all_rows,species_diet,FULL,False,Dummy_SpeciesMean,Tenebrio::Quinoa50,Tenebrio,main,Quinoa50,quinoa,50,1,46.3907897545748,41.97964693702612,,4.411142817548679,
all_rows,species_diet,FULL,False,Dummy_SpeciesMean,Tenebrio::Quinoa50,Tenebrio,main,Quinoa50,quinoa,50,2,46.509235603005465,41.97964693702612,,4.529588665979347,
all_rows,species_diet,FULL,False,Dummy_SpeciesMean,Tenebrio::Quinoa50,Tenebrio,main,Quinoa50,quinoa,50,3,47.25724338022376,41.97964693702612,,5.277596443197645,
all_rows,species_diet,FULL,False,GP_Compuesto_NoARD,Tenebrio::Quinoa50,Tenebrio,main,Quinoa50,quinoa,50,1,46.3907897545748,44.00272442795335,2.841711429828711,2.3880653266214438,True
all_rows,species_diet,FULL,False,GP_Compuesto_NoARD,Tenebrio::Quinoa50,Tenebrio,main,Quinoa50,quinoa,50,2,46.509235603005465,44.00272442795335,2.841711429828711,2.506511175052111,True
all_rows,species_diet,FULL,False,GP_Compuesto_NoARD,Tenebrio::Quinoa50,Tenebrio,main,Quinoa50,quinoa,50,3,47.25724338022376,44.00272442795335,2.8417114298287083,3.254518952270409,True
all_rows,species_diet,FULL,True,Dummy_GlobalMean,Hermetia::Control,Hermetia,main,Control,control,0,1,32.29822786111878,37.48477351176736,,5.186545650648576,
all_rows,species_diet,FULL,True,Dummy_GlobalMean,Hermetia::Control,Hermetia,main,Control,control,0,2,31.9882734211747,37.48477351176736,,5.496500090592658,
all_rows,species_diet,FULL,True,Dummy_GlobalMean,Hermetia::Control,Hermetia,main,Control,control,0,3,31.52201662343253,37.48477351176736,,5.962756888334827,
all_rows,species_diet,FULL,True,Dummy_SpeciesMean,Hermetia::Control,Hermetia,main,Control,control,0,1,32.29822786111878,28.620398853726808,,3.677829007391974,
all_rows,species_diet,FULL,True,Dummy_SpeciesMean,Hermetia::Control,Hermetia,main,Control,control,0,2,31.9882734211747,28.620398853726808,,3.367874567447892,
all_rows,species_diet,FULL,True,Dummy_SpeciesMean,Hermetia::Control,Hermetia,main,Control,control,0,3,31.52201662343253,28.620398853726808,,2.901617769705723,
all_rows,species_diet,FULL,True,GP_Compuesto_NoARD,Hermetia::Control,Hermetia,main,Control,control,0,1,32.29822786111878,26.764083393031758,3.7060686026011265,5.534144468087025,True
all_rows,species_diet,FULL,True,GP_Compuesto_NoARD,Hermetia::Control,Hermetia,main,Control,control,0,2,31.9882734211747,26.764083393031758,3.7060686026011265,5.224190028142942,True
all_rows,species_diet,FULL,True,GP_Compuesto_NoARD,Hermetia::Control,Hermetia,main,Control,control,0,3,31.52201662343253,26.764083393031758,3.7060686026011265,4.7579332304007735,True
all_rows,species_diet,FULL,True,Dummy_GlobalMean,Hermetia::Hoja15,Hermetia,main,Hoja15,hoja,15,1,32.439876828877715,37.502880080278075,,5.06300325140036,
all_rows,species_diet,FULL,True,Dummy_GlobalMean,Hermetia::Hoja15,Hermetia,main,Hoja15,hoja,15,2,31.861332823005377,37.502880080278075,,5.641547257272698,
all_rows,species_diet,FULL,True,Dummy_GlobalMean,Hermetia::Hoja15,Hermetia,main,Hoja15,hoja,15,3,29.950143361921626,37.502880080278075,,7.552736718356449,
all_rows,species_diet,FULL,True,Dummy_SpeciesMean,Hermetia::Hoja15,Hermetia,main,Hoja15,hoja,15,1,32.439876828877715,28.672304350124186,,3.7675724787535287,
all_rows,species_diet,FULL,True,Dummy_SpeciesMean,Hermetia::Hoja15,Hermetia,main,Hoja15,hoja,15,2,31.861332823005377,28.672304350124186,,3.1890284728811906,
all_rows,species_diet,FULL,True,Dummy_SpeciesMean,Hermetia::Hoja15,Hermetia,main,Hoja15,hoja,15,3,29.950143361921626,28.672304350124186,,1.2778390117974396,
all_rows,species_diet,FULL,True,GP_Compuesto_NoARD,Hermetia::Hoja15,Hermetia,main,Hoja15,hoja,15,1,32.439876828877715,28.00554172667655,2.96599742455795,4.434335102201164,True
all_rows,species_diet,FULL,True,GP_Compuesto_NoARD,Hermetia::Hoja15,Hermetia,main,Hoja15,hoja,15,2,31.861332823005377,28.00554172667655,2.96599742455795,3.8557910963288258,True
all_rows,species_diet,FULL,True,GP_Compuesto_NoARD,Hermetia::Hoja15,Hermetia,main,Hoja15,hoja,15,3,29.950143361921626,28.005541726676555,2.965997424557952,1.9446016352450712,True
all_rows,species_diet,FULL,True,Dummy_GlobalMean,Hermetia::Hoja30,Hermetia,main,Hoja30,hoja,30,1,24.518904936914268,37.747058888783066,,13.228153951868798,
all_rows,species_diet,FULL,True,Dummy_GlobalMean,Hermetia::Hoja30,Hermetia,main,Hoja30,hoja,30,2,23.472591934148408,37.747058888783066,,14.274466954634658,
all_rows,species_diet,FULL,True,Dummy_GlobalMean,Hermetia::Hoja30,Hermetia,main,Hoja30,hoja,30,3,25.260478611312173,37.747058888783066,,12.486580277470892,
all_rows,species_diet,FULL,True,Dummy_SpeciesMean,Hermetia::Hoja30,Hermetia,main,Hoja30,hoja,30,1,24.518904936914268,29.372283601171848,,4.85337866425758,
all_rows,species_diet,FULL,True,Dummy_SpeciesMean,Hermetia::Hoja30,Hermetia,main,Hoja30,hoja,30,2,23.472591934148408,29.372283601171848,,5.89969166702344,
all_rows,species_diet,FULL,True,Dummy_SpeciesMean,Hermetia::Hoja30,Hermetia,main,Hoja30,hoja,30,3,25.260478611312173,29.372283601171848,,4.1118049898596745,
all_rows,species_diet,FULL,True,GP_Compuesto_NoARD,Hermetia::Hoja30,Hermetia,main,Hoja30,hoja,30,1,24.518904936914268,29.080320426130346,2.0558014596403886,4.561415489216078,False
all_rows,species_diet,FULL,True,GP_Compuesto_NoARD,Hermetia::Hoja30,Hermetia,main,Hoja30,hoja,30,2,23.472591934148408,29.080320426130346,2.0558014596403886,5.607728491981938,False
all_rows,species_diet,FULL,True,GP_Compuesto_NoARD,Hermetia::Hoja30,Hermetia,main,Hoja30,hoja,30,3,25.260478611312173,29.080320426130342,2.0558014596403886,3.8198418148181688,True
all_rows,species_diet,FULL,True,Dummy_GlobalMean,Hermetia::Hoja50,Hermetia,main,Hoja50,hoja,50,1,22.677020960046544,37.78357617012859,,15.106555210082046,
all_rows,species_diet,FULL,True,Dummy_GlobalMean,Hermetia::Hoja50,Hermetia,main,Hoja50,hoja,50,2,23.384593109734844,37.78357617012859,,14.398983060393746,
all_rows,species_diet,FULL,True,Dummy_GlobalMean,Hermetia::Hoja50,Hermetia,main,Hoja50,hoja,50,3,24.04987521687871,37.78357617012859,,13.73370095324988,
all_rows,species_diet,FULL,True,Dummy_SpeciesMean,Hermetia::Hoja50,Hermetia,main,Hoja50,hoja,50,1,22.677020960046544,29.47696647436234,,6.7999455143157945,
all_rows,species_diet,FULL,True,Dummy_SpeciesMean,Hermetia::Hoja50,Hermetia,main,Hoja50,hoja,50,2,23.384593109734844,29.47696647436234,,6.092373364627495,
all_rows,species_diet,FULL,True,Dummy_SpeciesMean,Hermetia::Hoja50,Hermetia,main,Hoja50,hoja,50,3,24.04987521687871,29.47696647436234,,5.427091257483628,
all_rows,species_diet,FULL,True,GP_Compuesto_NoARD,Hermetia::Hoja50,Hermetia,main,Hoja50,hoja,50,1,22.677020960046544,28.37029551846974,3.2462872237345404,5.6932745584231945,True
all_rows,species_diet,FULL,True,GP_Compuesto_NoARD,Hermetia::Hoja50,Hermetia,main,Hoja50,hoja,50,2,23.384593109734844,28.37029551846974,3.2462872237345404,4.985702408734895,True
all_rows,species_diet,FULL,True,GP_Compuesto_NoARD,Hermetia::Hoja50,Hermetia,main,Hoja50,hoja,50,3,24.04987521687871,28.37029551846974,3.2462872237345404,4.320420301591028,True
all_rows,species_diet,FULL,True,Dummy_GlobalMean,Hermetia::Orujo30,Hermetia,main,Orujo30,orujo,30,1,31.314123313447407,37.54108425157334,,6.226960938125931,
all_rows,species_diet,FULL,True,Dummy_GlobalMean,Hermetia::Orujo30,Hermetia,main,Orujo30,orujo,30,2,28.651274165528747,37.54108425157334,,8.88981008604459,
all_rows,species_diet,FULL,True,Dummy_GlobalMean,Hermetia::Orujo30,Hermetia,main,Orujo30,orujo,30,3,31.00039680343508,37.54108425157334,,6.540687448138257,
all_rows,species_diet,FULL,True,Dummy_SpeciesMean,Hermetia::Orujo30,Hermetia,main,Orujo30,orujo,30,1,31.314123313447407,28.78182297450397,,2.532300338943436,
all_rows,species_diet,FULL,True,Dummy_SpeciesMean,Hermetia::Orujo30,Hermetia,main,Orujo30,orujo,30,2,28.651274165528747,28.78182297450397,,0.1305488089752238,
all_rows,species_diet,FULL,True,Dummy_SpeciesMean,Hermetia::Orujo30,Hermetia,main,Orujo30,orujo,30,3,31.00039680343508,28.78182297450397,,2.2185738289311097,
all_rows,species_diet,FULL,True,GP_Compuesto_NoARD,Hermetia::Orujo30,Hermetia,main,Orujo30,orujo,30,1,31.314123313447407,31.053843182204453,2.5407953132456846,0.2602801312429541,True
all_rows,species_diet,FULL,True,GP_Compuesto_NoARD,Hermetia::Orujo30,Hermetia,main,Orujo30,orujo,30,2,28.651274165528747,31.053843182204453,2.5407953132456846,2.402569016675706,True
all_rows,species_diet,FULL,True,GP_Compuesto_NoARD,Hermetia::Orujo30,Hermetia,main,Orujo30,orujo,30,3,31.00039680343508,31.053843182204453,2.5407953132456886,0.053446378769372416,True
all_rows,species_diet,FULL,True,Dummy_GlobalMean,Hermetia::Orujo50,Hermetia,main,Orujo50,orujo,50,1,32.02004533085088,37.47740536186495,,5.457360031014076,
all_rows,species_diet,FULL,True,Dummy_GlobalMean,Hermetia::Orujo50,Hermetia,main,Orujo50,orujo,50,2,33.161725303735146,37.47740536186495,,4.315680058129807,
all_rows,species_diet,FULL,True,Dummy_GlobalMean,Hermetia::Orujo50,Hermetia,main,Orujo50,orujo,50,3,31.260408162746693,37.47740536186495,,6.216997199118261,
all_rows,species_diet,FULL,True,Dummy_SpeciesMean,Hermetia::Orujo50,Hermetia,main,Orujo50,orujo,50,1,32.02004533085088,28.599276824006587,,3.42076850684429,
all_rows,species_diet,FULL,True,Dummy_SpeciesMean,Hermetia::Orujo50,Hermetia,main,Orujo50,orujo,50,2,33.161725303735146,28.599276824006587,,4.562448479728559,
all_rows,species_diet,FULL,True,Dummy_SpeciesMean,Hermetia::Orujo50,Hermetia,main,Orujo50,orujo,50,3,31.260408162746693,28.599276824006587,,2.6611313387401054,
all_rows,species_diet,FULL,True,GP_Compuesto_NoARD,Hermetia::Orujo50,Hermetia,main,Orujo50,orujo,50,1,32.02004533085088,30.306314373310244,2.0329862367958818,1.7137309575406334,True
all_rows,species_diet,FULL,True,GP_Compuesto_NoARD,Hermetia::Orujo50,Hermetia,main,Orujo50,orujo,50,2,33.161725303735146,30.306314373310244,2.0329862367958818,2.8554109304249025,True
all_rows,species_diet,FULL,True,GP_Compuesto_NoARD,Hermetia::Orujo50,Hermetia,main,Orujo50,orujo,50,3,31.260408162746693,30.306314373310244,2.0329862367958835,0.954093789436449,True
all_rows,species_diet,FULL,True,Dummy_GlobalMean,Hermetia::Orujo70,Hermetia,main,Orujo70,orujo,70,1,28.145262440510347,37.64295176112395,,9.497689320613606,
all_rows,species_diet,FULL,True,Dummy_GlobalMean,Hermetia::Orujo70,Hermetia,main,Orujo70,orujo,70,2,27.19851217684783,37.64295176112395,,10.444439584276122,
all_rows,species_diet,FULL,True,Dummy_GlobalMean,Hermetia::Orujo70,Hermetia,main,Orujo70,orujo,70,3,26.86141384370052,37.64295176112395,,10.781537917423432,
all_rows,species_diet,FULL,True,Dummy_SpeciesMean,Hermetia::Orujo70,Hermetia,main,Orujo70,orujo,70,1,28.145262440510347,29.073843168549054,,0.9285807280387068,
all_rows,species_diet,FULL,True,Dummy_SpeciesMean,Hermetia::Orujo70,Hermetia,main,Orujo70,orujo,70,2,27.19851217684783,29.073843168549054,,1.8753309917012224,
all_rows,species_diet,FULL,True,Dummy_SpeciesMean,Hermetia::Orujo70,Hermetia,main,Orujo70,orujo,70,3,26.86141384370052,29.073843168549054,,2.2124293248485323,
all_rows,species_diet,FULL,True,GP_Compuesto_NoARD,Hermetia::Orujo70,Hermetia,main,Orujo70,orujo,70,1,28.145262440510347,29.785402376129195,2.081048025204545,1.6401399356188477,True
all_rows,species_diet,FULL,True,GP_Compuesto_NoARD,Hermetia::Orujo70,Hermetia,main,Orujo70,orujo,70,2,27.19851217684783,29.785402376129195,2.081048025204545,2.5868901992813633,True
all_rows,species_diet,FULL,True,GP_Compuesto_NoARD,Hermetia::Orujo70,Hermetia,main,Orujo70,orujo,70,3,26.86141384370052,29.7854023761292,2.081048025204545,2.9239885324286767,True
all_rows,species_diet,FULL,True,Dummy_GlobalMean,Hermetia::Orujo90,Hermetia,main,Orujo90,orujo,90,1,27.992592815001228,37.672772181625334,,9.680179366624106,
all_rows,species_diet,FULL,True,Dummy_GlobalMean,Hermetia::Orujo90,Hermetia,main,Orujo90,orujo,90,2,23.674781663935857,37.672772181625334,,13.997990517689477,
all_rows,species_diet,FULL,True,Dummy_GlobalMean,Hermetia::Orujo90,Hermetia,main,Orujo90,orujo,90,3,27.97325781900284,37.672772181625334,,9.699514362622494,
all_rows,species_diet,FULL,True,Dummy_SpeciesMean,Hermetia::Orujo90,Hermetia,main,Orujo90,orujo,90,1,27.992592815001228,29.159328373986344,,1.166735558985117,
all_rows,species_diet,FULL,True,Dummy_SpeciesMean,Hermetia::Orujo90,Hermetia,main,Orujo90,orujo,90,2,23.674781663935857,29.159328373986344,,5.484546710050488,
all_rows,species_diet,FULL,True,Dummy_SpeciesMean,Hermetia::Orujo90,Hermetia,main,Orujo90,orujo,90,3,27.97325781900284,29.159328373986344,,1.1860705549835053,
all_rows,species_diet,FULL,True,GP_Compuesto_NoARD,Hermetia::Orujo90,Hermetia,main,Orujo90,orujo,90,1,27.992592815001228,29.385136182721787,3.668378189183246,1.3925433677205596,True
all_rows,species_diet,FULL,True,GP_Compuesto_NoARD,Hermetia::Orujo90,Hermetia,main,Orujo90,orujo,90,2,23.674781663935857,29.385136182721787,3.668378189183246,5.71035451878593,True
all_rows,species_diet,FULL,True,GP_Compuesto_NoARD,Hermetia::Orujo90,Hermetia,main,Orujo90,orujo,90,3,27.97325781900284,29.385136182721794,3.668378189183246,1.4118783637189551,True
all_rows,species_diet,FULL,True,Dummy_GlobalMean,Hermetia::Quinoa15,Hermetia,main,Quinoa15,quinoa,15,1,32.25326659440655,37.5255580287764,,5.272291434369855,
all_rows,species_diet,FULL,True,Dummy_GlobalMean,Hermetia::Quinoa15,Hermetia,main,Quinoa15,quinoa,15,2,30.29567215292689,37.5255580287764,,7.2298858758495115,
all_rows,species_diet,FULL,True,Dummy_GlobalMean,Hermetia::Quinoa15,Hermetia,main,Quinoa15,quinoa,15,3,29.75211069561501,37.5255580287764,,7.773447333161393,
all_rows,species_diet,FULL,True,Dummy_SpeciesMean,Hermetia::Quinoa15,Hermetia,main,Quinoa15,quinoa,15,1,32.25326659440655,28.73731446915273,,3.5159521252538184,
all_rows,species_diet,FULL,True,Dummy_SpeciesMean,Hermetia::Quinoa15,Hermetia,main,Quinoa15,quinoa,15,2,30.29567215292689,28.73731446915273,,1.5583576837741617,
all_rows,species_diet,FULL,True,Dummy_SpeciesMean,Hermetia::Quinoa15,Hermetia,main,Quinoa15,quinoa,15,3,29.75211069561501,28.73731446915273,,1.0147962264622805,
all_rows,species_diet,FULL,True,GP_Compuesto_NoARD,Hermetia::Quinoa15,Hermetia,main,Quinoa15,quinoa,15,1,32.25326659440655,31.53196128529153,2.3876759185819525,0.7213053091150172,True
all_rows,species_diet,FULL,True,GP_Compuesto_NoARD,Hermetia::Quinoa15,Hermetia,main,Quinoa15,quinoa,15,2,30.29567215292689,31.53196128529153,2.3876759185819525,1.2362891323646394,True
all_rows,species_diet,FULL,True,GP_Compuesto_NoARD,Hermetia::Quinoa15,Hermetia,main,Quinoa15,quinoa,15,3,29.75211069561501,31.53196128529153,2.38767591858195,1.7798505896765207,True
all_rows,species_diet,FULL,True,Dummy_GlobalMean,Hermetia::Quinoa30,Hermetia,main,Quinoa30,quinoa,30,1,30.76039775705413,37.55286868940771,,6.792470932353581,
all_rows,species_diet,FULL,True,Dummy_GlobalMean,Hermetia::Quinoa30,Hermetia,main,Quinoa30,quinoa,30,2,29.22593647982689,37.55286868940771,,8.326932209580821,
all_rows,species_diet,FULL,True,Dummy_GlobalMean,Hermetia::Quinoa30,Hermetia,main,Quinoa30,quinoa,30,3,29.965998391774416,37.55286868940771,,7.586870297633293,
all_rows,species_diet,FULL,True,Dummy_SpeciesMean,Hermetia::Quinoa30,Hermetia,main,Quinoa30,quinoa,30,1,30.76039775705413,28.815605029629165,,1.9447927274249643,
all_rows,species_diet,FULL,True,Dummy_SpeciesMean,Hermetia::Quinoa30,Hermetia,main,Quinoa30,quinoa,30,2,29.22593647982689,28.815605029629165,,0.41033145019772377,
all_rows,species_diet,FULL,True,Dummy_SpeciesMean,Hermetia::Quinoa30,Hermetia,main,Quinoa30,quinoa,30,3,29.965998391774416,28.815605029629165,,1.1503933621452518,
all_rows,species_diet,FULL,True,GP_Compuesto_NoARD,Hermetia::Quinoa30,Hermetia,main,Quinoa30,quinoa,30,1,30.76039775705413,31.943347917769415,2.130245373764989,1.1829501607152864,True
all_rows,species_diet,FULL,True,GP_Compuesto_NoARD,Hermetia::Quinoa30,Hermetia,main,Quinoa30,quinoa,30,2,29.22593647982689,31.943347917769415,2.130245373764989,2.717411437942527,True
all_rows,species_diet,FULL,True,GP_Compuesto_NoARD,Hermetia::Quinoa30,Hermetia,main,Quinoa30,quinoa,30,3,29.965998391774416,31.943347917769415,2.130245373764986,1.977349525994999,True
all_rows,species_diet,FULL,True,Dummy_GlobalMean,Hermetia::Quinoa50,Hermetia,main,Quinoa50,quinoa,50,1,30.811944171324868,37.55824497673373,,6.746300805408865,
all_rows,species_diet,FULL,True,Dummy_GlobalMean,Hermetia::Quinoa50,Hermetia,main,Quinoa50,quinoa,50,2,28.23608632105669,37.55824497673373,,9.322158655677043,
all_rows,species_diet,FULL,True,Dummy_GlobalMean,Hermetia::Quinoa50,Hermetia,main,Quinoa50,quinoa,50,3,30.441941426236617,37.55824497673373,,7.116303550497115,
all_rows,species_diet,FULL,True,Dummy_SpeciesMean,Hermetia::Quinoa50,Hermetia,main,Quinoa50,quinoa,50,1,30.811944171324868,28.83101705329707,,1.9809271180277968,
all_rows,species_diet,FULL,True,Dummy_SpeciesMean,Hermetia::Quinoa50,Hermetia,main,Quinoa50,quinoa,50,2,28.23608632105669,28.83101705329707,,0.5949307322403818,
all_rows,species_diet,FULL,True,Dummy_SpeciesMean,Hermetia::Quinoa50,Hermetia,main,Quinoa50,quinoa,50,3,30.441941426236617,28.83101705329707,,1.6109243729395466,
all_rows,species_diet,FULL,True,GP_Compuesto_NoARD,Hermetia::Quinoa50,Hermetia,main,Quinoa50,quinoa,50,1,30.811944171324868,32.401882976923574,2.3616495802792516,1.589938805598706,True
all_rows,species_diet,FULL,True,GP_Compuesto_NoARD,Hermetia::Quinoa50,Hermetia,main,Quinoa50,quinoa,50,2,28.23608632105669,32.401882976923574,2.3616495802792516,4.165796655866885,True
all_rows,species_diet,FULL,True,GP_Compuesto_NoARD,Hermetia::Quinoa50,Hermetia,main,Quinoa50,quinoa,50,3,30.441941426236617,32.40188297692358,2.3616495802792516,1.9599415506869633,True
all_rows,species_diet,FULL,True,Dummy_GlobalMean,Tenebrio::Control,Tenebrio,main,Control,control,0,1,42.724277530166994,37.088889383035884,,5.63538814713111,
all_rows,species_diet,FULL,True,Dummy_GlobalMean,Tenebrio::Control,Tenebrio,main,Control,control,0,2,43.79839302328586,37.088889383035884,,6.709503640249977,
all_rows,species_diet,FULL,True,Dummy_GlobalMean,Tenebrio::Control,Tenebrio,main,Control,control,0,3,43.331882423179295,37.088889383035884,,6.242993040143411,
all_rows,species_diet,FULL,True,Dummy_SpeciesMean,Tenebrio::Control,Tenebrio,main,Control,control,0,1,42.724277530166994,42.17403780044445,,0.5502397297225414,
all_rows,species_diet,FULL,True,Dummy_SpeciesMean,Tenebrio::Control,Tenebrio,main,Control,control,0,2,43.79839302328586,42.17403780044445,,1.6243552228414089,
all_rows,species_diet,FULL,True,Dummy_SpeciesMean,Tenebrio::Control,Tenebrio,main,Control,control,0,3,43.331882423179295,42.17403780044445,,1.1578446227348422,
all_rows,species_diet,FULL,True,GP_Compuesto_NoARD,Tenebrio::Control,Tenebrio,main,Control,control,0,1,42.724277530166994,47.820129193314926,3.6904936695359036,5.095851663147933,True
all_rows,species_diet,FULL,True,GP_Compuesto_NoARD,Tenebrio::Control,Tenebrio,main,Control,control,0,2,43.79839302328586,47.820129193314926,3.6904936695359036,4.021736170029065,True
all_rows,species_diet,FULL,True,GP_Compuesto_NoARD,Tenebrio::Control,Tenebrio,main,Control,control,0,3,43.331882423179295,47.82012919331493,3.6904936695359045,4.488246770135639,True
all_rows,species_diet,FULL,True,Dummy_GlobalMean,Tenebrio::Control Agar,Tenebrio,water_control,Control Agar,control,0,1,36.031,37.33363999904324,,1.3026399990432438,
all_rows,species_diet,FULL,True,Dummy_GlobalMean,Tenebrio::Control Agar,Tenebrio,water_control,Control Agar,control,0,2,36.036,37.33363999904324,,1.2976399990432412,
all_rows,species_diet,FULL,True,Dummy_GlobalMean,Tenebrio::Control Agar,Tenebrio,water_control,Control Agar,control,0,3,36.739,37.33363999904324,,0.5946399990432454,
all_rows,species_diet,FULL,True,Dummy_SpeciesMean,Tenebrio::Control Agar,Tenebrio,water_control,Control Agar,control,0,1,36.031,42.571180309437516,,6.540180309437517,
all_rows,species_diet,FULL,True,Dummy_SpeciesMean,Tenebrio::Control Agar,Tenebrio,water_control,Control Agar,control,0,2,36.036,42.571180309437516,,6.535180309437514,
all_rows,species_diet,FULL,True,Dummy_SpeciesMean,Tenebrio::Control Agar,Tenebrio,water_control,Control Agar,control,0,3,36.739,42.571180309437516,,5.832180309437518,
all_rows,species_diet,FULL,True,GP_Compuesto_NoARD,Tenebrio::Control Agar,Tenebrio,water_control,Control Agar,control,0,1,36.031,40.82387289220505,2.6550578896397634,4.792872892205054,True
all_rows,species_diet,FULL,True,GP_Compuesto_NoARD,Tenebrio::Control Agar,Tenebrio,water_control,Control Agar,control,0,2,36.036,40.82387289220505,2.6550578896397634,4.787872892205051,True
all_rows,species_diet,FULL,True,GP_Compuesto_NoARD,Tenebrio::Control Agar,Tenebrio,water_control,Control Agar,control,0,3,36.739,40.82387289220506,2.6550578896397634,4.0848728922050626,True
all_rows,species_diet,FULL,True,Dummy_GlobalMean,Tenebrio::Control Humedad superf,Tenebrio,water_control,Control Humedad superf,control,0,1,39.017,37.23179116183394,,1.7852088381660636,
all_rows,species_diet,FULL,True,Dummy_GlobalMean,Tenebrio::Control Humedad superf,Tenebrio,water_control,Control Humedad superf,control,0,2,38.168,37.23179116183394,,0.9362088381660598,
all_rows,species_diet,FULL,True,Dummy_GlobalMean,Tenebrio::Control Humedad superf,Tenebrio,water_control,Control Humedad superf,control,0,3,40.38,37.23179116183394,,3.148208838166063,
all_rows,species_diet,FULL,True,Dummy_SpeciesMean,Tenebrio::Control Humedad superf,Tenebrio,water_control,Control Humedad superf,control,0,1,39.017,42.40591615849412,,3.388916158494119,
all_rows,species_diet,FULL,True,Dummy_SpeciesMean,Tenebrio::Control Humedad superf,Tenebrio,water_control,Control Humedad superf,control,0,2,38.168,42.40591615849412,,4.237916158494123,
all_rows,species_diet,FULL,True,Dummy_SpeciesMean,Tenebrio::Control Humedad superf,Tenebrio,water_control,Control Humedad superf,control,0,3,40.38,42.40591615849412,,2.0259161584941197,
all_rows,species_diet,FULL,True,GP_Compuesto_NoARD,Tenebrio::Control Humedad superf,Tenebrio,water_control,Control Humedad superf,control,0,1,39.017,39.74369540698153,2.6541413907809623,0.726695406981527,True
all_rows,species_diet,FULL,True,GP_Compuesto_NoARD,Tenebrio::Control Humedad superf,Tenebrio,water_control,Control Humedad superf,control,0,2,38.168,39.74369540698153,2.6541413907809623,1.5756954069815308,True
all_rows,species_diet,FULL,True,GP_Compuesto_NoARD,Tenebrio::Control Humedad superf,Tenebrio,water_control,Control Humedad superf,control,0,3,40.38,39.74369540698154,2.6541413907809597,0.6363045930184654,True
all_rows,species_diet,FULL,True,Dummy_GlobalMean,Tenebrio::Control Seco,Tenebrio,water_control,Control Seco,control,0,1,41.955,37.13239581299673,,4.822604187003272,
all_rows,species_diet,FULL,True,Dummy_GlobalMean,Tenebrio::Control Seco,Tenebrio,water_control,Control Seco,control,0,2,41.63,37.13239581299673,,4.497604187003276,
all_rows,species_diet,FULL,True,Dummy_GlobalMean,Tenebrio::Control Seco,Tenebrio,water_control,Control Seco,control,0,3,42.528,37.13239581299673,,5.395604187003272,
all_rows,species_diet,FULL,True,Dummy_SpeciesMean,Tenebrio::Control Seco,Tenebrio,water_control,Control Seco,control,0,1,41.955,42.244633139626195,,0.2896331396261971,
all_rows,species_diet,FULL,True,Dummy_SpeciesMean,Tenebrio::Control Seco,Tenebrio,water_control,Control Seco,control,0,2,41.63,42.244633139626195,,0.6146331396261928,
all_rows,species_diet,FULL,True,Dummy_SpeciesMean,Tenebrio::Control Seco,Tenebrio,water_control,Control Seco,control,0,3,42.528,42.244633139626195,,0.2833668603738033,
all_rows,species_diet,FULL,True,GP_Compuesto_NoARD,Tenebrio::Control Seco,Tenebrio,water_control,Control Seco,control,0,1,41.955,38.68035296400902,2.646759532366428,3.2746470359909807,True
all_rows,species_diet,FULL,True,GP_Compuesto_NoARD,Tenebrio::Control Seco,Tenebrio,water_control,Control Seco,control,0,2,41.63,38.68035296400902,2.646759532366428,2.949647035990985,True
all_rows,species_diet,FULL,True,GP_Compuesto_NoARD,Tenebrio::Control Seco,Tenebrio,water_control,Control Seco,control,0,3,42.528,38.68035296400902,2.6467595323664215,3.847647035990981,True
all_rows,species_diet,FULL,True,Dummy_GlobalMean,Tenebrio::Hoja15,Tenebrio,main,Hoja15,hoja,15,1,44.59966850546592,37.003886088064,,7.595782417401921,
all_rows,species_diet,FULL,True,Dummy_GlobalMean,Tenebrio::Hoja15,Tenebrio,main,Hoja15,hoja,15,2,48.58207253144869,37.003886088064,,11.578186443384688,
all_rows,species_diet,FULL,True,Dummy_GlobalMean,Tenebrio::Hoja15,Tenebrio,main,Hoja15,hoja,15,3,43.98309530729985,37.003886088064,,6.979209219235848,
all_rows,species_diet,FULL,True,Dummy_SpeciesMean,Tenebrio::Hoja15,Tenebrio,main,Hoja15,hoja,15,1,44.59966850546592,42.03610792558442,,2.5635605798815035,
all_rows,species_diet,FULL,True,Dummy_SpeciesMean,Tenebrio::Hoja15,Tenebrio,main,Hoja15,hoja,15,2,48.58207253144869,42.03610792558442,,6.54596460586427,
all_rows,species_diet,FULL,True,Dummy_SpeciesMean,Tenebrio::Hoja15,Tenebrio,main,Hoja15,hoja,15,3,43.98309530729985,42.03610792558442,,1.9469873817154308,
all_rows,species_diet,FULL,True,GP_Compuesto_NoARD,Tenebrio::Hoja15,Tenebrio,main,Hoja15,hoja,15,1,44.59966850546592,44.39417316349062,2.568227527457063,0.2054953419753005,True
all_rows,species_diet,FULL,True,GP_Compuesto_NoARD,Tenebrio::Hoja15,Tenebrio,main,Hoja15,hoja,15,2,48.58207253144869,44.39417316349062,2.568227527457063,4.187899367958067,True
all_rows,species_diet,FULL,True,GP_Compuesto_NoARD,Tenebrio::Hoja15,Tenebrio,main,Hoja15,hoja,15,3,43.98309530729985,44.39417316349062,2.568227527457063,0.4110778561907722,True
all_rows,species_diet,FULL,True,Dummy_GlobalMean,Tenebrio::Hoja30,Tenebrio,main,Hoja30,hoja,30,1,43.64443148041813,37.070901020607785,,6.573530459810343,
all_rows,species_diet,FULL,True,Dummy_GlobalMean,Tenebrio::Hoja30,Tenebrio,main,Hoja30,hoja,30,2,45.32322480412907,37.070901020607785,,8.252323783521284,
all_rows,species_diet,FULL,True,Dummy_GlobalMean,Tenebrio::Hoja30,Tenebrio,main,Hoja30,hoja,30,3,42.43389586090185,37.070901020607785,,5.362994840294064,
all_rows,species_diet,FULL,True,Dummy_SpeciesMean,Tenebrio::Hoja30,Tenebrio,main,Hoja30,hoja,30,1,43.64443148041813,42.144849136881874,,1.4995823435362539,
all_rows,species_diet,FULL,True,Dummy_SpeciesMean,Tenebrio::Hoja30,Tenebrio,main,Hoja30,hoja,30,2,45.32322480412907,42.144849136881874,,3.1783756672471952,
all_rows,species_diet,FULL,True,Dummy_SpeciesMean,Tenebrio::Hoja30,Tenebrio,main,Hoja30,hoja,30,3,42.43389586090185,42.144849136881874,,0.28904672401997544,
all_rows,species_diet,FULL,True,GP_Compuesto_NoARD,Tenebrio::Hoja30,Tenebrio,main,Hoja30,hoja,30,1,43.64443148041813,43.01095113754109,2.150446581996422,0.6334803428770357,True
all_rows,species_diet,FULL,True,GP_Compuesto_NoARD,Tenebrio::Hoja30,Tenebrio,main,Hoja30,hoja,30,2,45.32322480412907,43.01095113754109,2.150446581996422,2.312273666587977,True
all_rows,species_diet,FULL,True,GP_Compuesto_NoARD,Tenebrio::Hoja30,Tenebrio,main,Hoja30,hoja,30,3,42.43389586090185,43.01095113754109,2.150446581996422,0.5770552766392427,True
all_rows,species_diet,FULL,True,Dummy_GlobalMean,Tenebrio::Hoja50,Tenebrio,main,Hoja50,hoja,50,1,43.13594119232716,37.077776598746915,,6.058164593580244,
all_rows,species_diet,FULL,True,Dummy_GlobalMean,Tenebrio::Hoja50,Tenebrio,main,Hoja50,hoja,50,2,44.6843260049324,37.077776598746915,,7.606549406185486,
all_rows,species_diet,FULL,True,Dummy_GlobalMean,Tenebrio::Hoja50,Tenebrio,main,Hoja50,hoja,50,3,42.989985228223965,37.077776598746915,,5.91220862947705,
all_rows,species_diet,FULL,True,Dummy_SpeciesMean,Tenebrio::Hoja50,Tenebrio,main,Hoja50,hoja,50,1,43.13594119232716,42.15600573537179,,0.9799354569553671,
all_rows,species_diet,FULL,True,Dummy_SpeciesMean,Tenebrio::Hoja50,Tenebrio,main,Hoja50,hoja,50,2,44.6843260049324,42.15600573537179,,2.5283202695606093,
all_rows,species_diet,FULL,True,Dummy_SpeciesMean,Tenebrio::Hoja50,Tenebrio,main,Hoja50,hoja,50,3,42.989985228223965,42.15600573537179,,0.8339794928521727,
all_rows,species_diet,FULL,True,GP_Compuesto_NoARD,Tenebrio::Hoja50,Tenebrio,main,Hoja50,hoja,50,1,43.13594119232716,39.08307187229758,3.2027874101217786,4.052869320029579,True
all_rows,species_diet,FULL,True,GP_Compuesto_NoARD,Tenebrio::Hoja50,Tenebrio,main,Hoja50,hoja,50,2,44.6843260049324,39.08307187229758,3.2027874101217786,5.601254132634821,True
all_rows,species_diet,FULL,True,GP_Compuesto_NoARD,Tenebrio::Hoja50,Tenebrio,main,Hoja50,hoja,50,3,42.989985228223965,39.08307187229758,3.2027874101217786,3.9069133559263847,True
all_rows,species_diet,FULL,True,Dummy_GlobalMean,Tenebrio::Orujillo15,Tenebrio,coffee_orujillo,Orujillo15,orujillo,15,1,35.057,37.36263999904324,,2.305639999043237,
all_rows,species_diet,FULL,True,Dummy_GlobalMean,Tenebrio::Orujillo15,Tenebrio,coffee_orujillo,Orujillo15,orujillo,15,2,35.084,37.36263999904324,,2.2786399990432358,
all_rows,species_diet,FULL,True,Dummy_GlobalMean,Tenebrio::Orujillo15,Tenebrio,coffee_orujillo,Orujillo15,orujillo,15,3,36.171,37.36263999904324,,1.1916399990432396,
all_rows,species_diet,FULL,True,Dummy_SpeciesMean,Tenebrio::Orujillo15,Tenebrio,coffee_orujillo,Orujillo15,orujillo,15,1,35.057,42.6182369132111,,7.561236913211097,
all_rows,species_diet,FULL,True,Dummy_SpeciesMean,Tenebrio::Orujillo15,Tenebrio,coffee_orujillo,Orujillo15,orujillo,15,2,35.084,42.6182369132111,,7.534236913211096,
all_rows,species_diet,FULL,True,Dummy_SpeciesMean,Tenebrio::Orujillo15,Tenebrio,coffee_orujillo,Orujillo15,orujillo,15,3,36.171,42.6182369132111,,6.4472369132111,
all_rows,species_diet,FULL,True,GP_Compuesto_NoARD,Tenebrio::Orujillo15,Tenebrio,coffee_orujillo,Orujillo15,orujillo,15,1,35.057,34.76356389381946,3.2369092282742704,0.2934361061805433,True
all_rows,species_diet,FULL,True,GP_Compuesto_NoARD,Tenebrio::Orujillo15,Tenebrio,coffee_orujillo,Orujillo15,orujillo,15,2,35.084,34.76356389381946,3.2369092282742704,0.3204361061805443,True
all_rows,species_diet,FULL,True,GP_Compuesto_NoARD,Tenebrio::Orujillo15,Tenebrio,coffee_orujillo,Orujillo15,orujillo,15,3,36.171,34.76356389381946,3.2369092282742726,1.4074361061805405,True
all_rows,species_diet,FULL,True,Dummy_GlobalMean,Tenebrio::Orujillo30,Tenebrio,coffee_orujillo,Orujillo30,orujillo,30,1,33.932,37.44052371997347,,3.508523719973468,
all_rows,species_diet,FULL,True,Dummy_GlobalMean,Tenebrio::Orujillo30,Tenebrio,coffee_orujillo,Orujillo30,orujillo,30,2,33.19,37.44052371997347,,4.250523719973472,
all_rows,species_diet,FULL,True,Dummy_GlobalMean,Tenebrio::Orujillo30,Tenebrio,coffee_orujillo,Orujillo30,orujillo,30,3,32.492,37.44052371997347,,4.948523719973473,
all_rows,species_diet,FULL,True,Dummy_SpeciesMean,Tenebrio::Orujillo30,Tenebrio,coffee_orujillo,Orujillo30,orujillo,30,1,33.932,42.74461427170167,,8.812614271701669,
all_rows,species_diet,FULL,True,Dummy_SpeciesMean,Tenebrio::Orujillo30,Tenebrio,coffee_orujillo,Orujillo30,orujillo,30,2,33.19,42.74461427170167,,9.554614271701674,
all_rows,species_diet,FULL,True,Dummy_SpeciesMean,Tenebrio::Orujillo30,Tenebrio,coffee_orujillo,Orujillo30,orujillo,30,3,32.492,42.74461427170167,,10.252614271701674,
all_rows,species_diet,FULL,True,GP_Compuesto_NoARD,Tenebrio::Orujillo30,Tenebrio,coffee_orujillo,Orujillo30,orujillo,30,1,33.932,35.615416845572234,2.8558240864581803,1.683416845572232,True
all_rows,species_diet,FULL,True,GP_Compuesto_NoARD,Tenebrio::Orujillo30,Tenebrio,coffee_orujillo,Orujillo30,orujillo,30,2,33.19,35.615416845572234,2.8558240864581803,2.4254168455722365,True
all_rows,species_diet,FULL,True,GP_Compuesto_NoARD,Tenebrio::Orujillo30,Tenebrio,coffee_orujillo,Orujillo30,orujillo,30,3,32.492,35.61541684557223,2.855824086458178,3.1234168455722298,True
all_rows,species_diet,FULL,True,Dummy_GlobalMean,Tenebrio::Orujillo50,Tenebrio,coffee_orujillo,Orujillo50,orujillo,50,1,32.866,37.46398883625254,,4.59798883625254,
all_rows,species_diet,FULL,True,Dummy_GlobalMean,Tenebrio::Orujillo50,Tenebrio,coffee_orujillo,Orujillo50,orujillo,50,2,32.238,37.46398883625254,,5.22598883625254,
all_rows,species_diet,FULL,True,Dummy_GlobalMean,Tenebrio::Orujillo50,Tenebrio,coffee_orujillo,Orujillo50,orujillo,50,3,32.492,37.46398883625254,,4.971988836252542,
all_rows,species_diet,FULL,True,Dummy_SpeciesMean,Tenebrio::Orujillo50,Tenebrio,coffee_orujillo,Orujillo50,orujillo,50,1,32.866,42.782689743399786,,9.916689743399786,
all_rows,species_diet,FULL,True,Dummy_SpeciesMean,Tenebrio::Orujillo50,Tenebrio,coffee_orujillo,Orujillo50,orujillo,50,2,32.238,42.782689743399786,,10.544689743399786,
all_rows,species_diet,FULL,True,Dummy_SpeciesMean,Tenebrio::Orujillo50,Tenebrio,coffee_orujillo,Orujillo50,orujillo,50,3,32.492,42.782689743399786,,10.290689743399788,
all_rows,species_diet,FULL,True,GP_Compuesto_NoARD,Tenebrio::Orujillo50,Tenebrio,coffee_orujillo,Orujillo50,orujillo,50,1,32.866,35.82357599661185,3.727168258404159,2.957575996611851,True
all_rows,species_diet,FULL,True,GP_Compuesto_NoARD,Tenebrio::Orujillo50,Tenebrio,coffee_orujillo,Orujillo50,orujillo,50,2,32.238,35.82357599661185,3.727168258404159,3.5855759966118512,True
all_rows,species_diet,FULL,True,GP_Compuesto_NoARD,Tenebrio::Orujillo50,Tenebrio,coffee_orujillo,Orujillo50,orujillo,50,3,32.492,35.82357599661185,3.7271682584041574,3.3315759966118534,True
all_rows,species_diet,FULL,True,Dummy_GlobalMean,Tenebrio::Orujo30,Tenebrio,main,Orujo30,orujo,30,1,44.05632136428663,36.97628106281603,,7.0800403014706035,
all_rows,species_diet,FULL,True,Dummy_GlobalMean,Tenebrio::Orujo30,Tenebrio,main,Orujo30,orujo,30,2,47.979408918219136,36.97628106281603,,11.003127855403108,
all_rows,species_diet,FULL,True,Dummy_GlobalMean,Tenebrio::Orujo30,Tenebrio,main,Orujo30,orujo,30,3,47.50313823303477,36.97628106281603,,10.52685717021874,
all_rows,species_diet,FULL,True,Dummy_SpeciesMean,Tenebrio::Orujo30,Tenebrio,main,Orujo30,orujo,30,1,44.05632136428663,41.99131486574807,,2.0650064985385583,
all_rows,species_diet,FULL,True,Dummy_SpeciesMean,Tenebrio::Orujo30,Tenebrio,main,Orujo30,orujo,30,2,47.979408918219136,41.99131486574807,,5.988094052471062,
all_rows,species_diet,FULL,True,Dummy_SpeciesMean,Tenebrio::Orujo30,Tenebrio,main,Orujo30,orujo,30,3,47.50313823303477,41.99131486574807,,5.511823367286695,
all_rows,species_diet,FULL,True,GP_Compuesto_NoARD,Tenebrio::Orujo30,Tenebrio,main,Orujo30,orujo,30,1,44.05632136428663,45.708016888397324,2.288724076335383,1.6516955241106928,True
all_rows,species_diet,FULL,True,GP_Compuesto_NoARD,Tenebrio::Orujo30,Tenebrio,main,Orujo30,orujo,30,2,47.979408918219136,45.708016888397324,2.288724076335383,2.2713920298218113,True
all_rows,species_diet,FULL,True,GP_Compuesto_NoARD,Tenebrio::Orujo30,Tenebrio,main,Orujo30,orujo,30,3,47.50313823303477,45.70801688839732,2.288724076335384,1.795121344637451,True
all_rows,species_diet,FULL,True,Dummy_GlobalMean,Tenebrio::Orujo50,Tenebrio,main,Orujo50,orujo,50,1,46.60615150745108,36.955098370290706,,9.651053137160375,
all_rows,species_diet,FULL,True,Dummy_GlobalMean,Tenebrio::Orujo50,Tenebrio,main,Orujo50,orujo,50,2,47.61168446896416,36.955098370290706,,10.65658609867345,
all_rows,species_diet,FULL,True,Dummy_GlobalMean,Tenebrio::Orujo50,Tenebrio,main,Orujo50,orujo,50,3,47.14274409630263,36.955098370290706,,10.187645726011922,
all_rows,species_diet,FULL,True,Dummy_SpeciesMean,Tenebrio::Orujo50,Tenebrio,main,Orujo50,orujo,50,1,46.60615150745108,41.95694294957491,,4.649208557876172,
all_rows,species_diet,FULL,True,Dummy_SpeciesMean,Tenebrio::Orujo50,Tenebrio,main,Orujo50,orujo,50,2,47.61168446896416,41.95694294957491,,5.654741519389248,
all_rows,species_diet,FULL,True,Dummy_SpeciesMean,Tenebrio::Orujo50,Tenebrio,main,Orujo50,orujo,50,3,47.14274409630263,41.95694294957491,,5.185801146727719,
all_rows,species_diet,FULL,True,GP_Compuesto_NoARD,Tenebrio::Orujo50,Tenebrio,main,Orujo50,orujo,50,1,46.60615150745108,42.37633958075663,1.9547796344741037,4.2298119266944525,False
all_rows,species_diet,FULL,True,GP_Compuesto_NoARD,Tenebrio::Orujo50,Tenebrio,main,Orujo50,orujo,50,2,47.61168446896416,42.37633958075663,1.9547796344741037,5.235344888207528,False
all_rows,species_diet,FULL,True,GP_Compuesto_NoARD,Tenebrio::Orujo50,Tenebrio,main,Orujo50,orujo,50,3,47.14274409630263,42.37633958075663,1.9547796344741037,4.766404515546,False
all_rows,species_diet,FULL,True,Dummy_GlobalMean,Tenebrio::Orujo70,Tenebrio,main,Orujo70,orujo,70,1,42.989125105205865,37.10913774879193,,5.879987356413935,
all_rows,species_diet,FULL,True,Dummy_GlobalMean,Tenebrio::Orujo70,Tenebrio,main,Orujo70,orujo,70,2,42.37318058656684,37.10913774879193,,5.264042837774909,
all_rows,species_diet,FULL,True,Dummy_GlobalMean,Tenebrio::Orujo70,Tenebrio,main,Orujo70,orujo,70,3,42.75088782983994,37.10913774879193,,5.641750081048009,
all_rows,species_diet,FULL,True,Dummy_SpeciesMean,Tenebrio::Orujo70,Tenebrio,main,Orujo70,orujo,70,1,42.989125105205865,42.20689363921841,,0.7822314659874579,
all_rows,species_diet,FULL,True,Dummy_SpeciesMean,Tenebrio::Orujo70,Tenebrio,main,Orujo70,orujo,70,2,42.37318058656684,42.20689363921841,,0.16628694734843208,
all_rows,species_diet,FULL,True,Dummy_SpeciesMean,Tenebrio::Orujo70,Tenebrio,main,Orujo70,orujo,70,3,42.75088782983994,42.20689363921841,,0.5439941906215324,
all_rows,species_diet,FULL,True,GP_Compuesto_NoARD,Tenebrio::Orujo70,Tenebrio,main,Orujo70,orujo,70,1,42.989125105205865,41.93748183758804,2.07981653723048,1.051643267617827,True
all_rows,species_diet,FULL,True,GP_Compuesto_NoARD,Tenebrio::Orujo70,Tenebrio,main,Orujo70,orujo,70,2,42.37318058656684,41.93748183758804,2.07981653723048,0.4356987489788011,True
all_rows,species_diet,FULL,True,GP_Compuesto_NoARD,Tenebrio::Orujo70,Tenebrio,main,Orujo70,orujo,70,3,42.75088782983994,41.93748183758804,2.0798165372304767,0.8134059922519015,True
all_rows,species_diet,FULL,True,Dummy_GlobalMean,Tenebrio::Orujo90,Tenebrio,main,Orujo90,orujo,90,1,42.63455462687377,37.175399689099976,,5.459154937773796,
all_rows,species_diet,FULL,True,Dummy_GlobalMean,Tenebrio::Orujo90,Tenebrio,main,Orujo90,orujo,90,2,39.46090226095632,37.175399689099976,,2.285502571856341,
all_rows,species_diet,FULL,True,Dummy_GlobalMean,Tenebrio::Orujo90,Tenebrio,main,Orujo90,orujo,90,3,40.31920976729068,37.175399689099976,,3.143810078190704,
all_rows,species_diet,FULL,True,Dummy_SpeciesMean,Tenebrio::Orujo90,Tenebrio,main,Orujo90,orujo,90,1,42.63455462687377,42.31441301405788,,0.32014161281589537,
all_rows,species_diet,FULL,True,Dummy_SpeciesMean,Tenebrio::Orujo90,Tenebrio,main,Orujo90,orujo,90,2,39.46090226095632,42.31441301405788,,2.8535107531015598,
all_rows,species_diet,FULL,True,Dummy_SpeciesMean,Tenebrio::Orujo90,Tenebrio,main,Orujo90,orujo,90,3,40.31920976729068,42.31441301405788,,1.995203246767197,
all_rows,species_diet,FULL,True,GP_Compuesto_NoARD,Tenebrio::Orujo90,Tenebrio,main,Orujo90,orujo,90,1,42.63455462687377,38.366215435992274,3.6597577357946416,4.268339190881498,True
all_rows,species_diet,FULL,True,GP_Compuesto_NoARD,Tenebrio::Orujo90,Tenebrio,main,Orujo90,orujo,90,2,39.46090226095632,38.366215435992274,3.6597577357946416,1.0946868249640431,True
all_rows,species_diet,FULL,True,GP_Compuesto_NoARD,Tenebrio::Orujo90,Tenebrio,main,Orujo90,orujo,90,3,40.31920976729068,38.366215435992274,3.6597577357946416,1.952994331298406,True
all_rows,species_diet,FULL,True,Dummy_GlobalMean,Tenebrio::Posos café horno15,Tenebrio,coffee_orujillo,Posos café horno15,cafe,15,1,39.947,37.18411674322929,,2.7628832567707136,
all_rows,species_diet,FULL,True,Dummy_GlobalMean,Tenebrio::Posos café horno15,Tenebrio,coffee_orujillo,Posos café horno15,cafe,15,2,40.029,37.18411674322929,,2.8448832567707143,
all_rows,species_diet,FULL,True,Dummy_GlobalMean,Tenebrio::Posos café horno15,Tenebrio,coffee_orujillo,Posos café horno15,cafe,15,3,41.689,37.18411674322929,,4.504883256770711,
all_rows,species_diet,FULL,True,Dummy_SpeciesMean,Tenebrio::Posos café horno15,Tenebrio,coffee_orujillo,Posos café horno15,cafe,15,1,39.947,42.32855766792808,,2.381557667928078,
all_rows,species_diet,FULL,True,Dummy_SpeciesMean,Tenebrio::Posos café horno15,Tenebrio,coffee_orujillo,Posos café horno15,cafe,15,2,40.029,42.32855766792808,,2.2995576679280774,
all_rows,species_diet,FULL,True,Dummy_SpeciesMean,Tenebrio::Posos café horno15,Tenebrio,coffee_orujillo,Posos café horno15,cafe,15,3,41.689,42.32855766792808,,0.6395576679280808,
all_rows,species_diet,FULL,True,GP_Compuesto_NoARD,Tenebrio::Posos café horno15,Tenebrio,coffee_orujillo,Posos café horno15,cafe,15,1,39.947,49.09985534717659,4.994923294266018,9.15285534717659,True
all_rows,species_diet,FULL,True,GP_Compuesto_NoARD,Tenebrio::Posos café horno15,Tenebrio,coffee_orujillo,Posos café horno15,cafe,15,2,40.029,49.09985534717659,4.994923294266018,9.07085534717659,True
all_rows,species_diet,FULL,True,GP_Compuesto_NoARD,Tenebrio::Posos café horno15,Tenebrio,coffee_orujillo,Posos café horno15,cafe,15,3,41.689,49.09985534717659,4.9949232942660124,7.410855347176593,True
all_rows,species_diet,FULL,True,Dummy_GlobalMean,Tenebrio::Posos café liof15,Tenebrio,coffee_orujillo,Posos café liof15,cafe,15,1,48.241,36.984678619743896,,11.256321380256104,
all_rows,species_diet,FULL,True,Dummy_GlobalMean,Tenebrio::Posos café liof15,Tenebrio,coffee_orujillo,Posos café liof15,cafe,15,2,53.591,36.984678619743896,,16.606321380256105,
all_rows,species_diet,FULL,True,Dummy_SpeciesMean,Tenebrio::Posos café liof15,Tenebrio,coffee_orujillo,Posos café liof15,cafe,15,1,48.241,41.91197326667015,,6.329026733329847,
all_rows,species_diet,FULL,True,Dummy_SpeciesMean,Tenebrio::Posos café liof15,Tenebrio,coffee_orujillo,Posos café liof15,cafe,15,2,53.591,41.91197326667015,,11.679026733329849,
all_rows,species_diet,FULL,True,GP_Compuesto_NoARD,Tenebrio::Posos café liof15,Tenebrio,coffee_orujillo,Posos café liof15,cafe,15,1,48.241,40.60671591680118,3.909107706616965,7.634284083198821,True
all_rows,species_diet,FULL,True,GP_Compuesto_NoARD,Tenebrio::Posos café liof15,Tenebrio,coffee_orujillo,Posos café liof15,cafe,15,2,53.591,40.60671591680118,3.909107706616965,12.984284083198823,False
all_rows,species_diet,FULL,True,Dummy_GlobalMean,Tenebrio::Quinoa15,Tenebrio,main,Quinoa15,quinoa,15,1,46.2406551012102,36.91236096554056,,9.328294135669644,
all_rows,species_diet,FULL,True,Dummy_GlobalMean,Tenebrio::Quinoa15,Tenebrio,main,Quinoa15,quinoa,15,2,49.74165607410812,36.91236096554056,,12.829295108567564,
all_rows,species_diet,FULL,True,Dummy_GlobalMean,Tenebrio::Quinoa15,Tenebrio,main,Quinoa15,quinoa,15,3,49.0536857059127,36.91236096554056,,12.141324740372141,
all_rows,species_diet,FULL,True,Dummy_SpeciesMean,Tenebrio::Quinoa15,Tenebrio,main,Quinoa15,quinoa,15,1,46.2406551012102,41.88759546262183,,4.35305963858837,
all_rows,species_diet,FULL,True,Dummy_SpeciesMean,Tenebrio::Quinoa15,Tenebrio,main,Quinoa15,quinoa,15,2,49.74165607410812,41.88759546262183,,7.85406061148629,
all_rows,species_diet,FULL,True,Dummy_SpeciesMean,Tenebrio::Quinoa15,Tenebrio,main,Quinoa15,quinoa,15,3,49.0536857059127,41.88759546262183,,7.166090243290867,
all_rows,species_diet,FULL,True,GP_Compuesto_NoARD,Tenebrio::Quinoa15,Tenebrio,main,Quinoa15,quinoa,15,1,46.2406551012102,45.65195801780012,2.3011670355583456,0.5886970834100822,True
all_rows,species_diet,FULL,True,GP_Compuesto_NoARD,Tenebrio::Quinoa15,Tenebrio,main,Quinoa15,quinoa,15,2,49.74165607410812,45.65195801780012,2.3011670355583456,4.089698056308002,True
all_rows,species_diet,FULL,True,GP_Compuesto_NoARD,Tenebrio::Quinoa15,Tenebrio,main,Quinoa15,quinoa,15,3,49.0536857059127,45.65195801780012,2.301167035558341,3.4017276881125795,True
all_rows,species_diet,FULL,True,Dummy_GlobalMean,Tenebrio::Quinoa30,Tenebrio,main,Quinoa30,quinoa,30,1,47.1681642185215,36.97413083480624,,10.194033383715258,
all_rows,species_diet,FULL,True,Dummy_GlobalMean,Tenebrio::Quinoa30,Tenebrio,main,Quinoa30,quinoa,30,2,45.28074275235599,36.97413083480624,,8.306611917549752,
all_rows,species_diet,FULL,True,Dummy_GlobalMean,Tenebrio::Quinoa30,Tenebrio,main,Quinoa30,quinoa,30,3,47.27488115350477,36.97413083480624,,10.300750318698533,
all_rows,species_diet,FULL,True,Dummy_SpeciesMean,Tenebrio::Quinoa30,Tenebrio,main,Quinoa30,quinoa,30,1,47.1681642185215,41.98782581652465,,5.180338401996849,
all_rows,species_diet,FULL,True,Dummy_SpeciesMean,Tenebrio::Quinoa30,Tenebrio,main,Quinoa30,quinoa,30,2,45.28074275235599,41.98782581652465,,3.292916935831343,
all_rows,species_diet,FULL,True,Dummy_SpeciesMean,Tenebrio::Quinoa30,Tenebrio,main,Quinoa30,quinoa,30,3,47.27488115350477,41.98782581652465,,5.287055336980124,
all_rows,species_diet,FULL,True,GP_Compuesto_NoARD,Tenebrio::Quinoa30,Tenebrio,main,Quinoa30,quinoa,30,1,47.1681642185215,45.79957927722877,2.0502928555357034,1.368584941292724,True
all_rows,species_diet,FULL,True,GP_Compuesto_NoARD,Tenebrio::Quinoa30,Tenebrio,main,Quinoa30,quinoa,30,2,45.28074275235599,45.79957927722877,2.0502928555357034,0.518836524872782,True
all_rows,species_diet,FULL,True,GP_Compuesto_NoARD,Tenebrio::Quinoa30,Tenebrio,main,Quinoa30,quinoa,30,3,47.27488115350477,45.79957927722878,2.0502928555357016,1.4753018762759922,True
all_rows,species_diet,FULL,True,Dummy_GlobalMean,Tenebrio::Quinoa50,Tenebrio,main,Quinoa50,quinoa,50,1,46.3907897545748,36.96909036255715,,9.42169939201765,
all_rows,species_diet,FULL,True,Dummy_GlobalMean,Tenebrio::Quinoa50,Tenebrio,main,Quinoa50,quinoa,50,2,46.509235603005465,36.96909036255715,,9.540145240448318,
all_rows,species_diet,FULL,True,Dummy_GlobalMean,Tenebrio::Quinoa50,Tenebrio,main,Quinoa50,quinoa,50,3,47.25724338022376,36.96909036255715,,10.288153017666616,
all_rows,species_diet,FULL,True,Dummy_SpeciesMean,Tenebrio::Quinoa50,Tenebrio,main,Quinoa50,quinoa,50,1,46.3907897545748,41.97964693702612,,4.411142817548679,
all_rows,species_diet,FULL,True,Dummy_SpeciesMean,Tenebrio::Quinoa50,Tenebrio,main,Quinoa50,quinoa,50,2,46.509235603005465,41.97964693702612,,4.529588665979347,
all_rows,species_diet,FULL,True,Dummy_SpeciesMean,Tenebrio::Quinoa50,Tenebrio,main,Quinoa50,quinoa,50,3,47.25724338022376,41.97964693702612,,5.277596443197645,
all_rows,species_diet,FULL,True,GP_Compuesto_NoARD,Tenebrio::Quinoa50,Tenebrio,main,Quinoa50,quinoa,50,1,46.3907897545748,44.76617022010288,2.696930284635778,1.6246195344719183,True
all_rows,species_diet,FULL,True,GP_Compuesto_NoARD,Tenebrio::Quinoa50,Tenebrio,main,Quinoa50,quinoa,50,2,46.509235603005465,44.76617022010288,2.696930284635778,1.7430653829025857,True
all_rows,species_diet,FULL,True,GP_Compuesto_NoARD,Tenebrio::Quinoa50,Tenebrio,main,Quinoa50,quinoa,50,3,47.25724338022376,44.76617022010288,2.6969302846357808,2.4910731601208838,True
